{"type":"FeatureCollection","lotline_source":{"source_id":"river_hydrography","publisher":"Allegheny County Department of Information Technology, GIS Group","layer":"Allegheny County Major Rivers (Major_Rivers/FeatureServer/0; ArcGIS Online item def3bd39f12d408c9bd097f5a3b3b136)","url":"https://services1.arcgis.com/vdNDkVykv9vEWFX4/arcgis/rest/services/Major_Rivers/FeatureServer/0/query?where=1%3D1&outFields=*&outSR=4326&f=geojson","fetched_utc":"2026-09-27T11:09:00Z","layer_data_last_edit_utc":"2015-10-28","use_constraints":"Allegheny County GIS: data for informational purposes only, no guarantee of completeness or accuracy; provided as is.","processing":"Kept the three named river polygons (dropped one unnamed empty-name feature); coordinates rounded to 6 decimal degrees (about 0.1 m). WGS84 (EPSG:4326)."},"features":[{"type":"Feature","properties":{"NAME":"Allegheny River","HYDRO_CODE":450},"geometry":{"type":"Polygon","coordinates":[[[-80.013293,40.441923],[-80.01423,40.444704],[-80.01403,40.444761],[-80.013721,40.444889],[-80.012769,40.444947],[-80.011974,40.444998],[-80.011408,40.445056],[-80.011103,40.445096],[-80.011023,40.445093],[-80.010819,40.445112],[-80.010524,40.445167],[-80.010291,40.445213],[-80.010023,40.445253],[-80.009934,40.445252],[-80.009837,40.445246],[-80.009696,40.445265],[-80.009639,40.445279],[-80.009624,40.445282],[-80.009606,40.445287],[-80.009462,40.445322],[-80.009441,40.445332],[-80.00943,40.445338],[-80.009307,40.445399],[-80.00911,40.44549],[-80.008831,40.445537],[-80.008776,40.445507],[-80.008561,40.445535],[-80.008544,40.445575],[-80.008433,40.445593],[-80.008359,40.445559],[-80.007904,40.445629],[-80.007865,40.445663],[-80.007655,40.44568],[-80.007493,40.445712],[-80.007473,40.445728],[-80.007274,40.445764],[-80.007229,40.445752],[-80.006851,40.445812],[-80.006833,40.445863],[-80.006643,40.445898],[-80.006578,40.445854],[-80.006266,40.445918],[-80.006245,40.445964],[-80.006063,40.446],[-80.006015,40.445956],[-80.005737,40.445928],[-80.005262,40.446007],[-80.00492,40.4461],[-80.004351,40.446293],[-80.004233,40.446355],[-80.004103,40.44639],[-80.004089,40.446394],[-80.004063,40.446402],[-80.003959,40.446436],[-80.003838,40.446513],[-80.003802,40.446537],[-80.003767,40.446559],[-80.003641,40.44664],[-80.003601,40.446666],[-80.003573,40.446684],[-80.003396,40.446696],[-80.002899,40.446867],[-80.002727,40.446921],[-80.002685,40.44691],[-80.002646,40.446915],[-80.00261,40.446929],[-80.002593,40.446959],[-80.002378,40.44703],[-80.002022,40.447172],[-80.001921,40.447197],[-80.001875,40.447209],[-80.001746,40.447241],[-80.001699,40.447253],[-80.001499,40.447302],[-80.000978,40.447431],[-80.000608,40.447543],[-80.000366,40.447632],[-80.000325,40.447648],[-80.000193,40.447697],[-80.000151,40.447712],[-79.999952,40.447786],[-79.999779,40.447851],[-79.999588,40.447923],[-79.999222,40.448055],[-79.998738,40.448205],[-79.998571,40.448263],[-79.998094,40.448466],[-79.997827,40.448593],[-79.99745,40.448778],[-79.997124,40.448936],[-79.996874,40.449065],[-79.996831,40.449087],[-79.996817,40.449094],[-79.996775,40.449116],[-79.996761,40.449123],[-79.996753,40.449127],[-79.996636,40.449187],[-79.995847,40.44956],[-79.995219,40.449925],[-79.994737,40.450185],[-79.99436,40.450412],[-79.994331,40.450429],[-79.994224,40.450494],[-79.994172,40.450525],[-79.994133,40.450549],[-79.994096,40.450572],[-79.993988,40.450636],[-79.993962,40.450653],[-79.993894,40.450693],[-79.993649,40.450784],[-79.993399,40.450936],[-79.993202,40.451045],[-79.993114,40.451181],[-79.992968,40.451374],[-79.992767,40.451568],[-79.992343,40.45193],[-79.991867,40.452382],[-79.991842,40.452406],[-79.99176,40.452484],[-79.991735,40.452508],[-79.991701,40.452539],[-79.991297,40.452855],[-79.990633,40.453375],[-79.990081,40.453819],[-79.990001,40.453916],[-79.989993,40.453926],[-79.989974,40.453949],[-79.98997,40.453952],[-79.989641,40.454205],[-79.989304,40.45454],[-79.988885,40.454894],[-79.988374,40.455269],[-79.9878,40.455667],[-79.987561,40.455829],[-79.987074,40.456193],[-79.98678,40.456428],[-79.986677,40.456469],[-79.98659,40.456485],[-79.986446,40.456527],[-79.98632,40.456602],[-79.986118,40.456774],[-79.985727,40.457038],[-79.985253,40.457408],[-79.984872,40.45771],[-79.984538,40.457996],[-79.984384,40.458081],[-79.984312,40.458092],[-79.984234,40.458159],[-79.984202,40.458247],[-79.983112,40.459174],[-79.983045,40.459231],[-79.982988,40.459284],[-79.982892,40.459361],[-79.982805,40.459452],[-79.982737,40.459517],[-79.982648,40.459607],[-79.982623,40.459684],[-79.982602,40.459738],[-79.982556,40.459796],[-79.982488,40.459858],[-79.982397,40.459921],[-79.982317,40.459992],[-79.98226,40.460081],[-79.982204,40.460147],[-79.982122,40.460227],[-79.982094,40.46026],[-79.982071,40.460287],[-79.981949,40.460449],[-79.981811,40.460613],[-79.981761,40.460659],[-79.981672,40.460759],[-79.981602,40.460842],[-79.981529,40.460924],[-79.981457,40.461022],[-79.9814,40.461111],[-79.981339,40.461202],[-79.981247,40.461307],[-79.981153,40.461431],[-79.981086,40.46152],[-79.981019,40.461624],[-79.980957,40.461715],[-79.980859,40.461842],[-79.980775,40.461936],[-79.980718,40.462021],[-79.980649,40.462115],[-79.980584,40.462201],[-79.980529,40.462265],[-79.980478,40.462343],[-79.980405,40.46246],[-79.98035,40.462546],[-79.98032,40.462577],[-79.980311,40.462591],[-79.980261,40.462667],[-79.980211,40.462742],[-79.980151,40.462835],[-79.980092,40.462929],[-79.980031,40.463022],[-79.97997,40.463115],[-79.979915,40.463199],[-79.97988,40.463254],[-79.979777,40.463414],[-79.979735,40.463481],[-79.979683,40.463571],[-79.979635,40.463663],[-79.979609,40.463713],[-79.979583,40.463763],[-79.979555,40.463809],[-79.979529,40.463848],[-79.97947,40.463943],[-79.979434,40.464009],[-79.979407,40.464051],[-79.97934,40.464144],[-79.979327,40.464162],[-79.979288,40.46422],[-79.97925,40.464279],[-79.979227,40.464316],[-79.979205,40.464354],[-79.979183,40.464385],[-79.979158,40.464415],[-79.979128,40.464542],[-79.979121,40.464555],[-79.979117,40.464569],[-79.979116,40.464578],[-79.979119,40.46459],[-79.979125,40.4646],[-79.979132,40.46461],[-79.979147,40.46463],[-79.979161,40.464652],[-79.979164,40.464659],[-79.979163,40.464662],[-79.979161,40.464666],[-79.979151,40.464673],[-79.979139,40.464679],[-79.979114,40.464689],[-79.979067,40.464703],[-79.979054,40.46471],[-79.979048,40.464715],[-79.979016,40.46476],[-79.979006,40.464775],[-79.978897,40.464933],[-79.978824,40.465037],[-79.978741,40.465163],[-79.978657,40.465288],[-79.978544,40.465426],[-79.97843,40.465563],[-79.978293,40.465737],[-79.978271,40.465766],[-79.978153,40.46592],[-79.978052,40.466055],[-79.977946,40.466199],[-79.977834,40.466341],[-79.977714,40.46648],[-79.977597,40.466604],[-79.97748,40.466729],[-79.977479,40.466729],[-79.977345,40.466875],[-79.977252,40.466977],[-79.97712,40.467124],[-79.976989,40.467276],[-79.976942,40.467357],[-79.976914,40.467394],[-79.976873,40.467441],[-79.976828,40.46749],[-79.976783,40.467539],[-79.976716,40.467614],[-79.976648,40.467689],[-79.976606,40.46774],[-79.976564,40.467791],[-79.976506,40.467852],[-79.976371,40.467998],[-79.976359,40.468011],[-79.976291,40.468089],[-79.976225,40.46816],[-79.976156,40.46823],[-79.976115,40.468267],[-79.976069,40.4683],[-79.97598,40.468351],[-79.975857,40.468404],[-79.975811,40.468433],[-79.975746,40.468475],[-79.975674,40.468546],[-79.975614,40.468601],[-79.975486,40.468723],[-79.975452,40.468753],[-79.97543,40.468771],[-79.975396,40.468796],[-79.975363,40.46882],[-79.975278,40.468883],[-79.97525,40.468904],[-79.975084,40.46903],[-79.974998,40.469097],[-79.974886,40.469196],[-79.974776,40.469296],[-79.974721,40.469343],[-79.974666,40.469389],[-79.974615,40.469419],[-79.974581,40.46945],[-79.974491,40.469522],[-79.974401,40.469592],[-79.974322,40.469657],[-79.974244,40.469724],[-79.974228,40.469743],[-79.974099,40.469888],[-79.974094,40.469891],[-79.974031,40.469932],[-79.97398,40.469965],[-79.973928,40.469997],[-79.973862,40.470035],[-79.973796,40.470074],[-79.973712,40.470138],[-79.973629,40.470202],[-79.97357,40.470242],[-79.973512,40.470283],[-79.973413,40.470353],[-79.973359,40.470392],[-79.973315,40.470424],[-79.973272,40.470458],[-79.973229,40.470492],[-79.973229,40.470493],[-79.97317,40.470534],[-79.973001,40.470657],[-79.972942,40.470705],[-79.972888,40.470757],[-79.972834,40.470809],[-79.972767,40.470856],[-79.972699,40.470904],[-79.972627,40.470969],[-79.972561,40.471037],[-79.972539,40.471047],[-79.972521,40.471059],[-79.972511,40.471069],[-79.972499,40.471082],[-79.972486,40.471095],[-79.972471,40.471109],[-79.972454,40.471121],[-79.972415,40.471149],[-79.972375,40.471176],[-79.972322,40.471216],[-79.972271,40.471257],[-79.972264,40.471265],[-79.972257,40.471273],[-79.972245,40.471289],[-79.972198,40.471338],[-79.972149,40.471385],[-79.97213,40.471401],[-79.972111,40.471416],[-79.972088,40.471433],[-79.972064,40.47145],[-79.972048,40.471465],[-79.972034,40.471482],[-79.972033,40.471482],[-79.971893,40.471678],[-79.971878,40.471696],[-79.971845,40.471732],[-79.971811,40.471768],[-79.971797,40.471784],[-79.971785,40.4718],[-79.971774,40.471817],[-79.971764,40.471834],[-79.97174,40.471867],[-79.971715,40.4719],[-79.971704,40.471913],[-79.971693,40.471926],[-79.971659,40.471972],[-79.971624,40.472018],[-79.971594,40.472049],[-79.97156,40.472078],[-79.971541,40.472098],[-79.971529,40.472114],[-79.971518,40.47213],[-79.97151,40.472145],[-79.971501,40.472161],[-79.971491,40.472175],[-79.97148,40.47219],[-79.971479,40.472191],[-79.971479,40.472191],[-79.971479,40.472191],[-79.971479,40.472192],[-79.971478,40.472192],[-79.971471,40.472202],[-79.971463,40.472211],[-79.971456,40.47222],[-79.971448,40.47223],[-79.97144,40.472239],[-79.971432,40.472248],[-79.971423,40.472257],[-79.971415,40.472266],[-79.971407,40.472275],[-79.9714,40.472284],[-79.971395,40.47229],[-79.971391,40.472296],[-79.971388,40.472299],[-79.971386,40.472302],[-79.971383,40.472309],[-79.971378,40.472315],[-79.971375,40.472321],[-79.97137,40.472328],[-79.971366,40.472334],[-79.971361,40.472339],[-79.971356,40.472345],[-79.971352,40.472348],[-79.971349,40.472351],[-79.971346,40.472354],[-79.971342,40.472356],[-79.971339,40.472359],[-79.971335,40.472361],[-79.971331,40.472364],[-79.971328,40.472367],[-79.971324,40.472369],[-79.971321,40.472372],[-79.971317,40.472375],[-79.971314,40.472377],[-79.971311,40.47238],[-79.971308,40.472383],[-79.971304,40.472385],[-79.971301,40.472388],[-79.971298,40.472391],[-79.971295,40.472394],[-79.971292,40.472397],[-79.971289,40.4724],[-79.971284,40.472405],[-79.971281,40.47241],[-79.971278,40.472416],[-79.971275,40.472422],[-79.971273,40.472428],[-79.971271,40.472434],[-79.971269,40.47244],[-79.971266,40.472446],[-79.971263,40.472451],[-79.971259,40.472457],[-79.971252,40.472465],[-79.971244,40.472473],[-79.971237,40.472482],[-79.97123,40.47249],[-79.971222,40.472499],[-79.971215,40.472507],[-79.971207,40.472515],[-79.9712,40.472524],[-79.971192,40.472532],[-79.971184,40.47254],[-79.971177,40.472548],[-79.971169,40.472556],[-79.971161,40.472564],[-79.971154,40.472572],[-79.971146,40.47258],[-79.971138,40.472588],[-79.971131,40.472596],[-79.971123,40.472604],[-79.971115,40.472612],[-79.971107,40.47262],[-79.971104,40.472623],[-79.971101,40.472626],[-79.971098,40.472628],[-79.971095,40.472631],[-79.971092,40.472633],[-79.971089,40.472636],[-79.971086,40.472639],[-79.971083,40.472641],[-79.97108,40.472644],[-79.971077,40.472646],[-79.971074,40.472649],[-79.97107,40.472652],[-79.971067,40.472655],[-79.971063,40.472657],[-79.971059,40.47266],[-79.971055,40.472662],[-79.971052,40.472665],[-79.971048,40.472667],[-79.971045,40.47267],[-79.971041,40.472673],[-79.971034,40.472681],[-79.971027,40.47269],[-79.971021,40.472698],[-79.971016,40.472707],[-79.97101,40.472717],[-79.971005,40.472726],[-79.971,40.472735],[-79.970995,40.472744],[-79.970989,40.472753],[-79.970982,40.472761],[-79.970979,40.472764],[-79.970976,40.472767],[-79.970973,40.47277],[-79.970971,40.472773],[-79.970968,40.472775],[-79.970965,40.472778],[-79.970962,40.472781],[-79.970959,40.472784],[-79.970957,40.472787],[-79.970954,40.47279],[-79.970951,40.472793],[-79.970949,40.472796],[-79.970946,40.472799],[-79.970944,40.472803],[-79.970941,40.472806],[-79.970939,40.472809],[-79.970936,40.472813],[-79.970934,40.472816],[-79.970931,40.472819],[-79.970928,40.472822],[-79.970924,40.472828],[-79.970919,40.472833],[-79.970914,40.472839],[-79.970909,40.472844],[-79.970904,40.47285],[-79.970898,40.472855],[-79.970893,40.47286],[-79.970888,40.472866],[-79.970883,40.472871],[-79.970877,40.472876],[-79.970874,40.472879],[-79.970871,40.472882],[-79.970868,40.472885],[-79.970864,40.472888],[-79.970861,40.472891],[-79.970858,40.472894],[-79.970854,40.472897],[-79.970851,40.4729],[-79.970847,40.472903],[-79.970844,40.472906],[-79.97084,40.472909],[-79.970836,40.472912],[-79.970832,40.472915],[-79.970828,40.472918],[-79.970824,40.47292],[-79.97082,40.472923],[-79.970815,40.472926],[-79.970811,40.472929],[-79.970807,40.472932],[-79.970804,40.472936],[-79.970801,40.472938],[-79.970798,40.472941],[-79.970796,40.472943],[-79.970793,40.472946],[-79.970791,40.472948],[-79.970789,40.472951],[-79.970787,40.472954],[-79.970784,40.472956],[-79.970782,40.472959],[-79.97078,40.472962],[-79.970776,40.472967],[-79.970773,40.472973],[-79.970769,40.472978],[-79.970766,40.472984],[-79.970762,40.472989],[-79.970759,40.472995],[-79.970756,40.473],[-79.970752,40.473006],[-79.970748,40.473011],[-79.970744,40.473017],[-79.970742,40.473019],[-79.970739,40.473022],[-79.970737,40.473025],[-79.970734,40.473028],[-79.970731,40.473031],[-79.970729,40.473034],[-79.970726,40.473036],[-79.970724,40.473039],[-79.970721,40.473042],[-79.970718,40.473045],[-79.970716,40.473048],[-79.970714,40.473051],[-79.970712,40.473054],[-79.97071,40.473057],[-79.970708,40.47306],[-79.970706,40.473063],[-79.970703,40.473066],[-79.970701,40.473069],[-79.970699,40.473072],[-79.970696,40.473075],[-79.970693,40.473078],[-79.97069,40.473081],[-79.970687,40.473084],[-79.970683,40.473087],[-79.970679,40.47309],[-79.970676,40.473093],[-79.970672,40.473095],[-79.970668,40.473098],[-79.970664,40.4731],[-79.97066,40.473103],[-79.97065,40.473109],[-79.97064,40.473115],[-79.970628,40.47312],[-79.970617,40.473125],[-79.970605,40.47313],[-79.970594,40.473135],[-79.970583,40.47314],[-79.970574,40.473146],[-79.970565,40.473153],[-79.970557,40.473161],[-79.970553,40.473166],[-79.97055,40.473171],[-79.970547,40.473177],[-79.970544,40.473183],[-79.970541,40.473188],[-79.970538,40.473194],[-79.970535,40.4732],[-79.970532,40.473206],[-79.97053,40.473211],[-79.970526,40.473217],[-79.970524,40.47322],[-79.970522,40.473223],[-79.970521,40.473226],[-79.970519,40.473229],[-79.970517,40.473232],[-79.970515,40.473235],[-79.970513,40.473239],[-79.970511,40.473242],[-79.970508,40.473245],[-79.970506,40.473248],[-79.970501,40.473255],[-79.970495,40.473261],[-79.970489,40.473268],[-79.970483,40.473274],[-79.970477,40.47328],[-79.97047,40.473286],[-79.970464,40.473293],[-79.970457,40.473299],[-79.97045,40.473305],[-79.970443,40.47331],[-79.970436,40.473316],[-79.970429,40.473322],[-79.970422,40.473328],[-79.970414,40.473333],[-79.970407,40.473339],[-79.9704,40.473345],[-79.970393,40.47335],[-79.970385,40.473356],[-79.970378,40.473362],[-79.970371,40.473368],[-79.970365,40.473373],[-79.970359,40.473378],[-79.970353,40.473383],[-79.970347,40.473388],[-79.970341,40.473394],[-79.970335,40.473399],[-79.97033,40.473405],[-79.970324,40.47341],[-79.970318,40.473415],[-79.970313,40.473421],[-79.970308,40.473426],[-79.970303,40.473431],[-79.970298,40.473437],[-79.970294,40.473442],[-79.97029,40.473448],[-79.970285,40.473453],[-79.970281,40.473458],[-79.970276,40.473464],[-79.970272,40.473469],[-79.970267,40.473474],[-79.970264,40.473477],[-79.970261,40.47348],[-79.970259,40.473482],[-79.970256,40.473485],[-79.970253,40.473487],[-79.97025,40.47349],[-79.970247,40.473493],[-79.970244,40.473495],[-79.970242,40.473498],[-79.970239,40.473501],[-79.970231,40.47351],[-79.970223,40.473519],[-79.970216,40.473528],[-79.970209,40.473538],[-79.970202,40.473547],[-79.970194,40.473556],[-79.970187,40.473566],[-79.97018,40.473575],[-79.970172,40.473584],[-79.970165,40.473594],[-79.970161,40.473597],[-79.970158,40.473601],[-79.970155,40.473604],[-79.970151,40.473607],[-79.970148,40.47361],[-79.970144,40.473614],[-79.97014,40.473617],[-79.970136,40.47362],[-79.970133,40.473623],[-79.970129,40.473626],[-79.970019,40.473755],[-79.969969,40.473793],[-79.969888,40.473872],[-79.969846,40.473895],[-79.969813,40.473923],[-79.969794,40.473949],[-79.969764,40.473976],[-79.969635,40.474079],[-79.969603,40.474106],[-79.969581,40.474134],[-79.969545,40.4742],[-79.969481,40.474281],[-79.9694,40.474372],[-79.969347,40.474437],[-79.969337,40.474442],[-79.969279,40.474502],[-79.969216,40.474593],[-79.969166,40.474652],[-79.969095,40.474754],[-79.96905,40.474811],[-79.968974,40.474896],[-79.968911,40.47496],[-79.968838,40.475035],[-79.968794,40.475088],[-79.968693,40.475216],[-79.968543,40.475405],[-79.968429,40.475567],[-79.968269,40.475721],[-79.968032,40.47595],[-79.967772,40.476243],[-79.967594,40.476468],[-79.96741,40.476726],[-79.967303,40.476933],[-79.967194,40.477125],[-79.967022,40.477324],[-79.966906,40.477477],[-79.966846,40.477555],[-79.966834,40.47763],[-79.966823,40.477717],[-79.966777,40.47776],[-79.966682,40.477807],[-79.966532,40.477926],[-79.966445,40.47803],[-79.966365,40.478125],[-79.96619,40.478342],[-79.965983,40.47859],[-79.965869,40.478742],[-79.965715,40.478904],[-79.965559,40.479079],[-79.965468,40.479171],[-79.965407,40.47923],[-79.96454,40.480007],[-79.964081,40.480381],[-79.963658,40.480731],[-79.963203,40.481149],[-79.963057,40.481325],[-79.962873,40.481457],[-79.962713,40.481583],[-79.962526,40.481755],[-79.962345,40.481942],[-79.962266,40.482022],[-79.962177,40.482112],[-79.962011,40.482292],[-79.961759,40.482592],[-79.961441,40.482921],[-79.961163,40.483177],[-79.960617,40.48365],[-79.960256,40.483976],[-79.959805,40.484369],[-79.959533,40.48461],[-79.959277,40.484845],[-79.958933,40.485121],[-79.958609,40.485366],[-79.958342,40.485568],[-79.958076,40.485759],[-79.957787,40.485937],[-79.957463,40.486144],[-79.957231,40.486286],[-79.95702,40.486434],[-79.956892,40.48651],[-79.956836,40.486544],[-79.956643,40.486627],[-79.956439,40.48672],[-79.956215,40.486829],[-79.956054,40.486905],[-79.955866,40.486981],[-79.955719,40.487039],[-79.955597,40.487059],[-79.955428,40.487071],[-79.9553,40.487084],[-79.955139,40.48714],[-79.954911,40.487222],[-79.9546,40.487389],[-79.954337,40.487536],[-79.954215,40.487632],[-79.95415,40.487702],[-79.954068,40.4878],[-79.954012,40.487891],[-79.95391,40.487988],[-79.953817,40.488076],[-79.95371,40.48814],[-79.953569,40.488195],[-79.953406,40.488249],[-79.953238,40.488274],[-79.953147,40.488279],[-79.953045,40.488269],[-79.952928,40.488235],[-79.952775,40.48822],[-79.952641,40.488244],[-79.952477,40.488302],[-79.952318,40.488361],[-79.95215,40.488454],[-79.951976,40.488577],[-79.951878,40.488685],[-79.951773,40.488799],[-79.951682,40.488944],[-79.951138,40.489218],[-79.951125,40.489213],[-79.951043,40.489212],[-79.950956,40.48924],[-79.950855,40.489266],[-79.950683,40.489322],[-79.950237,40.489419],[-79.950028,40.489478],[-79.949866,40.489535],[-79.949778,40.489559],[-79.949105,40.489742],[-79.948203,40.489998],[-79.947576,40.490165],[-79.946982,40.490302],[-79.94689,40.490326],[-79.946789,40.490348],[-79.946701,40.490367],[-79.946594,40.490389],[-79.946423,40.490423],[-79.946343,40.490426],[-79.946253,40.49045],[-79.946144,40.490488],[-79.94601,40.490524],[-79.945919,40.490535],[-79.945814,40.490562],[-79.945727,40.490581],[-79.94566,40.490594],[-79.945582,40.490609],[-79.945495,40.490624],[-79.945397,40.490631],[-79.945328,40.490633],[-79.945226,40.490651],[-79.945135,40.490679],[-79.945049,40.490707],[-79.944956,40.490737],[-79.944886,40.490755],[-79.944797,40.490773],[-79.94471,40.490799],[-79.944655,40.490819],[-79.94454,40.490848],[-79.94446,40.49089],[-79.944379,40.490929],[-79.944303,40.490967],[-79.944227,40.491002],[-79.94412,40.491027],[-79.944009,40.491062],[-79.943896,40.491093],[-79.943762,40.491125],[-79.943639,40.491148],[-79.943496,40.491181],[-79.943372,40.491217],[-79.943245,40.491249],[-79.943107,40.491286],[-79.942986,40.491313],[-79.942841,40.491341],[-79.942716,40.491377],[-79.942612,40.491406],[-79.942466,40.491441],[-79.942355,40.491469],[-79.942227,40.491497],[-79.942097,40.491523],[-79.941959,40.491558],[-79.941841,40.491577],[-79.941717,40.491601],[-79.941591,40.491627],[-79.941491,40.491654],[-79.941416,40.491689],[-79.941345,40.491744],[-79.941275,40.49179],[-79.941188,40.491819],[-79.941067,40.491854],[-79.94096,40.49188],[-79.940876,40.491895],[-79.940778,40.491901],[-79.940675,40.491906],[-79.940606,40.491906],[-79.940441,40.491935],[-79.94037,40.491968],[-79.940265,40.492009],[-79.940154,40.492036],[-79.940043,40.492052],[-79.939891,40.492073],[-79.939777,40.492081],[-79.939671,40.492091],[-79.939574,40.492098],[-79.939505,40.492114],[-79.939469,40.492143],[-79.939403,40.492184],[-79.939309,40.492209],[-79.939201,40.492232],[-79.939094,40.492254],[-79.938983,40.492273],[-79.938881,40.492292],[-79.938819,40.492303],[-79.93877,40.492312],[-79.938625,40.492349],[-79.93858,40.492366],[-79.938549,40.492375],[-79.938508,40.492383],[-79.938336,40.492427],[-79.938313,40.492432],[-79.938226,40.492454],[-79.93818,40.492471],[-79.938092,40.492501],[-79.937965,40.492529],[-79.937838,40.492562],[-79.937664,40.492598],[-79.937544,40.492624],[-79.937428,40.492652],[-79.93729,40.492683],[-79.937179,40.492706],[-79.937087,40.492715],[-79.936927,40.492727],[-79.936774,40.492735],[-79.936624,40.492745],[-79.936458,40.492758],[-79.936283,40.492783],[-79.936169,40.492798],[-79.936016,40.492815],[-79.935896,40.492835],[-79.935763,40.492854],[-79.935649,40.49287],[-79.935486,40.492888],[-79.935199,40.492915],[-79.934851,40.492949],[-79.934571,40.492947],[-79.934384,40.492937],[-79.93429,40.492936],[-79.934137,40.492959],[-79.933919,40.492969],[-79.933726,40.492976],[-79.933553,40.492983],[-79.93337,40.493009],[-79.933186,40.493028],[-79.933111,40.493041],[-79.932937,40.493073],[-79.932664,40.493119],[-79.932382,40.49316],[-79.931982,40.493191],[-79.931607,40.493203],[-79.931444,40.493195],[-79.931286,40.493198],[-79.930848,40.493197],[-79.930434,40.493198],[-79.930186,40.493185],[-79.92978,40.493148],[-79.929377,40.493181],[-79.929177,40.493221],[-79.929045,40.493241],[-79.928894,40.49324],[-79.928791,40.493225],[-79.928661,40.493211],[-79.928578,40.493214],[-79.928411,40.493235],[-79.928323,40.493241],[-79.928233,40.493238],[-79.928054,40.493195],[-79.927877,40.493136],[-79.927753,40.493094],[-79.927523,40.493095],[-79.927245,40.493095],[-79.926863,40.49307],[-79.926632,40.493011],[-79.926356,40.492921],[-79.92613,40.492823],[-79.925828,40.492681],[-79.925736,40.49264],[-79.925695,40.492622],[-79.925627,40.492639],[-79.925345,40.492695],[-79.925059,40.492753],[-79.924844,40.492792],[-79.924577,40.492818],[-79.92423,40.492804],[-79.923649,40.492762],[-79.923459,40.49272],[-79.923165,40.492743],[-79.922914,40.492747],[-79.922648,40.492728],[-79.922319,40.492675],[-79.921727,40.4926],[-79.921374,40.492556],[-79.921007,40.492523],[-79.920759,40.492476],[-79.920602,40.492446],[-79.92037,40.492452],[-79.920201,40.492452],[-79.919989,40.492442],[-79.919785,40.492408],[-79.919609,40.492399],[-79.919414,40.492354],[-79.919216,40.492334],[-79.919003,40.492327],[-79.918854,40.492309],[-79.91874,40.492285],[-79.918639,40.492237],[-79.918467,40.492157],[-79.918353,40.492116],[-79.918236,40.49211],[-79.918057,40.492143],[-79.918068,40.492087],[-79.917837,40.492054],[-79.917815,40.492122],[-79.917678,40.492122],[-79.917535,40.49212],[-79.917428,40.492108],[-79.917264,40.492113],[-79.917062,40.492089],[-79.916844,40.492033],[-79.916649,40.491962],[-79.916444,40.49188],[-79.916418,40.49187],[-79.91626,40.491788],[-79.916181,40.491743],[-79.916101,40.491698],[-79.915887,40.491631],[-79.915687,40.491575],[-79.915411,40.491531],[-79.915062,40.491437],[-79.914856,40.491418],[-79.914717,40.491403],[-79.914585,40.491407],[-79.914442,40.491434],[-79.914351,40.491461],[-79.91429,40.491513],[-79.914196,40.491575],[-79.914188,40.491637],[-79.914186,40.491671],[-79.914185,40.49168],[-79.914153,40.491688],[-79.914136,40.491666],[-79.914121,40.491646],[-79.914023,40.491629],[-79.913816,40.491589],[-79.913637,40.491551],[-79.913445,40.491483],[-79.913266,40.491431],[-79.913201,40.491374],[-79.913209,40.491325],[-79.913381,40.491369],[-79.913388,40.491346],[-79.913036,40.491242],[-79.912951,40.491238],[-79.912818,40.49127],[-79.912585,40.491208],[-79.912338,40.49114],[-79.912078,40.491073],[-79.911863,40.491007],[-79.911655,40.49099],[-79.911413,40.490922],[-79.911279,40.490877],[-79.911084,40.490792],[-79.911045,40.490775],[-79.910892,40.490725],[-79.910628,40.490639],[-79.910567,40.490626],[-79.910408,40.490592],[-79.910186,40.490528],[-79.909931,40.490451],[-79.909746,40.490377],[-79.909535,40.490297],[-79.909326,40.49022],[-79.909156,40.490142],[-79.908999,40.490071],[-79.908813,40.489984],[-79.908662,40.489904],[-79.908518,40.489853],[-79.908372,40.489796],[-79.908242,40.48971],[-79.908083,40.489595],[-79.907939,40.489513],[-79.907815,40.489447],[-79.907732,40.48944],[-79.907663,40.489438],[-79.907596,40.489394],[-79.907542,40.489348],[-79.907449,40.48928],[-79.907383,40.489226],[-79.907365,40.489207],[-79.907348,40.489174],[-79.90713,40.489047],[-79.906766,40.488876],[-79.906362,40.488679],[-79.906267,40.488625],[-79.906219,40.488631],[-79.906058,40.48868],[-79.9059,40.488698],[-79.905739,40.488727],[-79.905697,40.488721],[-79.905654,40.488639],[-79.905726,40.488592],[-79.905865,40.488559],[-79.905931,40.488536],[-79.90589,40.488448],[-79.905899,40.488436],[-79.905887,40.488391],[-79.905868,40.48838],[-79.905788,40.488344],[-79.905705,40.488312],[-79.905602,40.488279],[-79.905499,40.488249],[-79.905396,40.48822],[-79.905292,40.488192],[-79.905184,40.488167],[-79.905076,40.488151],[-79.905066,40.488151],[-79.905049,40.488157],[-79.905023,40.488171],[-79.90501,40.488176],[-79.904996,40.488177],[-79.904897,40.488167],[-79.904798,40.488157],[-79.904755,40.488153],[-79.904649,40.488142],[-79.904596,40.488137],[-79.904543,40.488128],[-79.904458,40.488113],[-79.904334,40.488084],[-79.904252,40.488064],[-79.904172,40.48804],[-79.904168,40.488039],[-79.904164,40.488033],[-79.904163,40.488026],[-79.904168,40.487999],[-79.904167,40.487988],[-79.904164,40.487984],[-79.904159,40.487982],[-79.904093,40.487973],[-79.904028,40.487964],[-79.903915,40.487947],[-79.903803,40.487928],[-79.903691,40.487899],[-79.90358,40.48787],[-79.903291,40.487826],[-79.903273,40.487823],[-79.90322,40.487815],[-79.903168,40.487806],[-79.903105,40.487796],[-79.902676,40.487696],[-79.902248,40.487597],[-79.901859,40.487507],[-79.901842,40.487503],[-79.90179,40.487491],[-79.901687,40.487467],[-79.901573,40.487441],[-79.901559,40.487439],[-79.901549,40.487439],[-79.901532,40.487441],[-79.901517,40.487444],[-79.900468,40.487223],[-79.899776,40.487077],[-79.899637,40.487047],[-79.899336,40.486986],[-79.898862,40.48689],[-79.898068,40.486725],[-79.89733,40.486572],[-79.896705,40.486436],[-79.896139,40.486325],[-79.895637,40.486224],[-79.895114,40.486115],[-79.894653,40.48602],[-79.894266,40.485943],[-79.893716,40.485824],[-79.893447,40.48577],[-79.893234,40.485736],[-79.892906,40.485707],[-79.892367,40.485657],[-79.891747,40.485608],[-79.891263,40.485555],[-79.890797,40.485509],[-79.890683,40.485423],[-79.890515,40.485342],[-79.89031,40.48529],[-79.889954,40.485259],[-79.889499,40.485216],[-79.889118,40.485179],[-79.889106,40.485178],[-79.888861,40.485149],[-79.888794,40.485147],[-79.888681,40.485144],[-79.88863,40.485154],[-79.888599,40.485165],[-79.888562,40.485183],[-79.888544,40.485194],[-79.888468,40.485185],[-79.888366,40.485184],[-79.888092,40.485198],[-79.887943,40.485206],[-79.88771,40.485216],[-79.887476,40.485223],[-79.887206,40.485197],[-79.886922,40.485188],[-79.886692,40.485168],[-79.886382,40.48514],[-79.886079,40.485118],[-79.885859,40.485096],[-79.88561,40.485095],[-79.885263,40.485085],[-79.884909,40.485062],[-79.884453,40.48504],[-79.884074,40.485033],[-79.883815,40.485015],[-79.883516,40.484997],[-79.883357,40.484991],[-79.88315,40.484966],[-79.883109,40.48496],[-79.882958,40.484936],[-79.882748,40.484932],[-79.882498,40.484931],[-79.882249,40.484939],[-79.882085,40.484975],[-79.881981,40.484983],[-79.881788,40.484993],[-79.881628,40.484996],[-79.88158,40.484996],[-79.881495,40.484962],[-79.881333,40.484911],[-79.881066,40.484895],[-79.880646,40.484806],[-79.880308,40.484745],[-79.879995,40.4847],[-79.879959,40.484695],[-79.879524,40.48468],[-79.87918,40.484687],[-79.878942,40.484741],[-79.878885,40.484835],[-79.878857,40.485046],[-79.878893,40.485168],[-79.878992,40.485256],[-79.87909,40.485382],[-79.879186,40.485551],[-79.879225,40.485708],[-79.879288,40.485851],[-79.879388,40.486109],[-79.879446,40.486282],[-79.879505,40.486498],[-79.879541,40.486694],[-79.879507,40.486706],[-79.879498,40.486704],[-79.879475,40.4867],[-79.879432,40.486692],[-79.879377,40.486709],[-79.87927,40.486732],[-79.879208,40.486737],[-79.879113,40.486747],[-79.878996,40.486781],[-79.878884,40.486747],[-79.878803,40.486596],[-79.878729,40.4864],[-79.878614,40.486127],[-79.878495,40.485828],[-79.878387,40.485567],[-79.878278,40.485301],[-79.878289,40.485244],[-79.878301,40.485164],[-79.878291,40.485087],[-79.878219,40.485002],[-79.87814,40.484895],[-79.87803,40.484831],[-79.877939,40.48481],[-79.877859,40.484828],[-79.877587,40.484849],[-79.877585,40.484847],[-79.877547,40.484833],[-79.877216,40.484718],[-79.877213,40.484711],[-79.877047,40.484729],[-79.876643,40.484775],[-79.876186,40.484833],[-79.875653,40.484902],[-79.875173,40.484956],[-79.874758,40.485011],[-79.874384,40.485051],[-79.87386,40.485114],[-79.873448,40.485168],[-79.873028,40.485214],[-79.872574,40.485275],[-79.872163,40.485325],[-79.871865,40.48536],[-79.871765,40.485381],[-79.871762,40.485427],[-79.871769,40.485525],[-79.871713,40.485524],[-79.871712,40.485505],[-79.871707,40.48545],[-79.871702,40.485402],[-79.871692,40.485399],[-79.871643,40.485394],[-79.871592,40.485402],[-79.871556,40.48542],[-79.871413,40.485434],[-79.871187,40.48547],[-79.870986,40.485494],[-79.870739,40.485558],[-79.870417,40.485613],[-79.870026,40.485645],[-79.869785,40.485681],[-79.869575,40.485724],[-79.86929,40.485775],[-79.868977,40.485817],[-79.86871,40.485875],[-79.868449,40.485925],[-79.868307,40.485971],[-79.868153,40.486009],[-79.868032,40.486045],[-79.86776,40.486138],[-79.867538,40.486189],[-79.867213,40.486283],[-79.867005,40.486332],[-79.866628,40.486438],[-79.866513,40.48647],[-79.866442,40.486509],[-79.866423,40.486519],[-79.866393,40.486518],[-79.866384,40.486523],[-79.866312,40.486517],[-79.866231,40.486514],[-79.866156,40.486526],[-79.866084,40.486548],[-79.866013,40.486574],[-79.865946,40.486608],[-79.865868,40.486636],[-79.865792,40.486665],[-79.865733,40.486714],[-79.86568,40.486768],[-79.865603,40.486819],[-79.865539,40.486862],[-79.865468,40.486893],[-79.865377,40.48693],[-79.865307,40.486952],[-79.865228,40.486978],[-79.865159,40.487006],[-79.865089,40.48703],[-79.865015,40.487059],[-79.864948,40.487085],[-79.864874,40.487104],[-79.8648,40.487127],[-79.864716,40.487162],[-79.864649,40.487184],[-79.864575,40.487213],[-79.864504,40.487239],[-79.864416,40.487271],[-79.864325,40.487308],[-79.864238,40.48734],[-79.864151,40.487378],[-79.864074,40.487415],[-79.864008,40.487458],[-79.863942,40.487493],[-79.863874,40.487529],[-79.863793,40.487566],[-79.863738,40.487601],[-79.863669,40.487639],[-79.86361,40.487673],[-79.86353,40.487713],[-79.863468,40.487747],[-79.8634,40.487779],[-79.863318,40.487822],[-79.863248,40.487855],[-79.863175,40.487886],[-79.863102,40.487915],[-79.863025,40.487942],[-79.862939,40.487974],[-79.862867,40.487993],[-79.862786,40.488037],[-79.86272,40.488073],[-79.862653,40.488112],[-79.862579,40.48815],[-79.862505,40.488187],[-79.862436,40.488215],[-79.86236,40.488241],[-79.862281,40.488272],[-79.862212,40.4883],[-79.86215,40.488331],[-79.862068,40.488365],[-79.861988,40.488402],[-79.86192,40.488428],[-79.861843,40.488447],[-79.861758,40.488482],[-79.861685,40.488511],[-79.861609,40.488545],[-79.861525,40.488578],[-79.861449,40.488617],[-79.861378,40.488658],[-79.861294,40.488707],[-79.861225,40.488746],[-79.861141,40.488795],[-79.861078,40.488831],[-79.860989,40.48888],[-79.860929,40.488914],[-79.860875,40.488951],[-79.860807,40.488996],[-79.86075,40.489032],[-79.860681,40.489086],[-79.860624,40.489138],[-79.860573,40.489182],[-79.860526,40.489224],[-79.860465,40.489282],[-79.86041,40.489332],[-79.860345,40.489388],[-79.860282,40.489441],[-79.860213,40.489496],[-79.860163,40.489539],[-79.860111,40.489591],[-79.860041,40.489646],[-79.859981,40.489703],[-79.859927,40.489754],[-79.859884,40.489799],[-79.859837,40.489849],[-79.859785,40.489905],[-79.859725,40.489963],[-79.859674,40.490021],[-79.859618,40.490083],[-79.859581,40.490145],[-79.859548,40.49021],[-79.85953,40.490278],[-79.859494,40.490336],[-79.859434,40.490407],[-79.859394,40.490458],[-79.859337,40.490518],[-79.859288,40.490584],[-79.859242,40.490645],[-79.859205,40.490696],[-79.859163,40.490759],[-79.859129,40.490815],[-79.859099,40.490869],[-79.859058,40.490938],[-79.859026,40.490998],[-79.858982,40.491069],[-79.858935,40.49112],[-79.858901,40.491172],[-79.858855,40.491232],[-79.858813,40.491288],[-79.858772,40.491347],[-79.858737,40.491395],[-79.858688,40.491467],[-79.858651,40.491524],[-79.858617,40.491578],[-79.85858,40.491636],[-79.858543,40.491694],[-79.858517,40.491743],[-79.858507,40.491762],[-79.858465,40.491838],[-79.858435,40.491894],[-79.858409,40.491954],[-79.858375,40.492025],[-79.858342,40.492096],[-79.858313,40.49216],[-79.85827,40.492226],[-79.858227,40.4923],[-79.858179,40.492373],[-79.858144,40.492427],[-79.858107,40.492486],[-79.858063,40.492556],[-79.858028,40.492608],[-79.85797,40.492676],[-79.857929,40.492726],[-79.857873,40.492777],[-79.857832,40.492832],[-79.857789,40.492878],[-79.857733,40.492925],[-79.857673,40.492979],[-79.857616,40.493039],[-79.857565,40.493105],[-79.857525,40.493155],[-79.857484,40.493213],[-79.857435,40.49327],[-79.857373,40.493337],[-79.857334,40.493386],[-79.857299,40.493437],[-79.857251,40.493493],[-79.857209,40.493548],[-79.857169,40.493607],[-79.857136,40.493673],[-79.857093,40.493735],[-79.857052,40.4938],[-79.856998,40.493858],[-79.856949,40.493903],[-79.856881,40.493958],[-79.85683,40.493999],[-79.856775,40.494041],[-79.856719,40.494086],[-79.856659,40.494132],[-79.856599,40.494179],[-79.856538,40.494232],[-79.85648,40.494289],[-79.856426,40.494334],[-79.856357,40.494388],[-79.856281,40.494441],[-79.856227,40.494483],[-79.856154,40.494534],[-79.856089,40.494583],[-79.856039,40.494623],[-79.855968,40.494676],[-79.855911,40.494717],[-79.85585,40.49476],[-79.855776,40.494804],[-79.855707,40.494844],[-79.85563,40.49489],[-79.855557,40.49493],[-79.855476,40.494971],[-79.85539,40.495009],[-79.855325,40.495042],[-79.855234,40.495076],[-79.855171,40.495106],[-79.855104,40.495134],[-79.855007,40.495174],[-79.854924,40.495211],[-79.854844,40.495246],[-79.854765,40.495284],[-79.854687,40.495318],[-79.854616,40.495349],[-79.85453,40.495383],[-79.854442,40.49542],[-79.854364,40.495456],[-79.854293,40.495482],[-79.854212,40.495499],[-79.854129,40.495513],[-79.854037,40.495537],[-79.853945,40.495564],[-79.853861,40.495587],[-79.85377,40.495624],[-79.8537,40.495658],[-79.853669,40.495713],[-79.8536,40.495747],[-79.853511,40.495775],[-79.853421,40.495808],[-79.853352,40.495841],[-79.853288,40.495873],[-79.853225,40.495909],[-79.853164,40.495952],[-79.853084,40.496002],[-79.853023,40.49604],[-79.852954,40.496093],[-79.852892,40.496139],[-79.852822,40.496182],[-79.852769,40.49623],[-79.852723,40.496283],[-79.852671,40.496344],[-79.852618,40.496402],[-79.852564,40.496446],[-79.852514,40.4965],[-79.852473,40.496547],[-79.852429,40.496595],[-79.852382,40.496642],[-79.852333,40.496687],[-79.852268,40.496746],[-79.852193,40.496789],[-79.852109,40.496818],[-79.852059,40.496858],[-79.852014,40.496917],[-79.851975,40.496977],[-79.851941,40.49704],[-79.851899,40.497095],[-79.851862,40.497148],[-79.851846,40.497179],[-79.851772,40.497179],[-79.851718,40.497219],[-79.851669,40.497281],[-79.851636,40.497338],[-79.851589,40.497396],[-79.851558,40.497446],[-79.851464,40.497713],[-79.851325,40.498143],[-79.851325,40.498204],[-79.851298,40.498266],[-79.851267,40.498322],[-79.851233,40.498391],[-79.851204,40.498454],[-79.851177,40.498508],[-79.851156,40.498562],[-79.851135,40.49862],[-79.851111,40.498673],[-79.851087,40.498729],[-79.851057,40.498798],[-79.85104,40.498853],[-79.851019,40.498913],[-79.851002,40.498969],[-79.850986,40.499023],[-79.850974,40.499086],[-79.850961,40.499155],[-79.850948,40.499223],[-79.850936,40.499295],[-79.850917,40.499377],[-79.850901,40.499434],[-79.850889,40.499495],[-79.85088,40.49955],[-79.85087,40.499606],[-79.850858,40.499685],[-79.85085,40.499741],[-79.850842,40.49982],[-79.850819,40.499904],[-79.850806,40.499965],[-79.850795,40.500019],[-79.850786,40.500077],[-79.850778,40.500134],[-79.850766,40.500209],[-79.850762,40.500274],[-79.850761,40.500283],[-79.850754,40.500347],[-79.85074,40.500426],[-79.850725,40.500497],[-79.850712,40.500568],[-79.850703,40.500645],[-79.850696,40.500708],[-79.850694,40.500768],[-79.850693,40.500827],[-79.850694,40.500839],[-79.850681,40.5009],[-79.850668,40.500957],[-79.850648,40.501022],[-79.85064,40.50106],[-79.850625,40.501099],[-79.850612,40.501156],[-79.850608,40.501214],[-79.850607,40.501277],[-79.850608,40.501337],[-79.850614,40.501393],[-79.850627,40.501454],[-79.850628,40.501465],[-79.850632,40.501516],[-79.850636,40.501576],[-79.850632,40.501633],[-79.850613,40.50169],[-79.850586,40.501758],[-79.850571,40.501824],[-79.850568,40.50188],[-79.850567,40.501944],[-79.85056,40.502006],[-79.850549,40.502264],[-79.850545,40.502354],[-79.85058,40.502604],[-79.850578,40.502769],[-79.850539,40.503023],[-79.85044,40.503031],[-79.85043,40.50351],[-79.850498,40.503515],[-79.850509,40.503552],[-79.850521,40.503639],[-79.850521,40.503782],[-79.850526,40.503972],[-79.850536,40.504073],[-79.850534,40.504316],[-79.850561,40.50467],[-79.850629,40.50493],[-79.850696,40.505192],[-79.850719,40.505441],[-79.850712,40.505541],[-79.850794,40.505911],[-79.850859,40.506334],[-79.850839,40.506543],[-79.850748,40.506743],[-79.850748,40.506876],[-79.850748,40.506949],[-79.850886,40.50704],[-79.851068,40.5072],[-79.851192,40.507357],[-79.851221,40.507477],[-79.851326,40.50829],[-79.851473,40.509053],[-79.851614,40.509923],[-79.851727,40.510591],[-79.851818,40.511187],[-79.851849,40.511388],[-79.851879,40.51185],[-79.851953,40.512428],[-79.851964,40.512675],[-79.852032,40.513119],[-79.852104,40.513426],[-79.852225,40.513732],[-79.852267,40.513943],[-79.852272,40.514305],[-79.852283,40.514784],[-79.852288,40.515008],[-79.85225,40.515531],[-79.852207,40.516202],[-79.85213,40.516675],[-79.852158,40.516925],[-79.85215,40.516988],[-79.852133,40.517054],[-79.852109,40.51712],[-79.85209,40.517194],[-79.852076,40.517262],[-79.852055,40.517346],[-79.852046,40.517402],[-79.852022,40.517467],[-79.852,40.517522],[-79.851968,40.517591],[-79.851951,40.517648],[-79.851949,40.517724],[-79.851949,40.517788],[-79.851957,40.517847],[-79.851964,40.517912],[-79.851971,40.517977],[-79.851987,40.51804],[-79.852006,40.518095],[-79.852032,40.518168],[-79.852052,40.518227],[-79.852067,40.518306],[-79.852078,40.51838],[-79.852079,40.518442],[-79.852071,40.518512],[-79.852067,40.518575],[-79.852062,40.518641],[-79.852059,40.518699],[-79.852056,40.518753],[-79.852043,40.518831],[-79.852034,40.518889],[-79.852018,40.518952],[-79.851988,40.519024],[-79.851959,40.519084],[-79.851905,40.519126],[-79.851874,40.519182],[-79.851861,40.519239],[-79.851909,40.519289],[-79.851943,40.519339],[-79.851951,40.519408],[-79.85196,40.519477],[-79.851974,40.519538],[-79.851972,40.5196],[-79.85197,40.519665],[-79.851962,40.51974],[-79.851955,40.519796],[-79.851949,40.519855],[-79.851943,40.519915],[-79.851931,40.51997],[-79.851917,40.520027],[-79.851906,40.520087],[-79.851891,40.520164],[-79.851875,40.520228],[-79.851852,40.520299],[-79.851834,40.520366],[-79.851818,40.52043],[-79.851802,40.520495],[-79.85179,40.520569],[-79.851781,40.520628],[-79.851771,40.520696],[-79.851761,40.520761],[-79.851746,40.520821],[-79.851733,40.520876],[-79.851724,40.52091],[-79.851717,40.520936],[-79.851697,40.521],[-79.851674,40.521069],[-79.851654,40.521141],[-79.851634,40.521196],[-79.85161,40.521259],[-79.851577,40.521326],[-79.851548,40.521396],[-79.85153,40.521452],[-79.85151,40.52151],[-79.851485,40.521576],[-79.851458,40.521648],[-79.851438,40.521718],[-79.851426,40.521776],[-79.851396,40.521841],[-79.851389,40.521903],[-79.851388,40.521959],[-79.85139,40.522023],[-79.85139,40.522095],[-79.851385,40.522168],[-79.851374,40.522228],[-79.851362,40.522284],[-79.851353,40.522358],[-79.851338,40.522438],[-79.851325,40.522495],[-79.851312,40.522558],[-79.8513,40.522624],[-79.851289,40.522684],[-79.851274,40.522739],[-79.85126,40.522798],[-79.851226,40.522849],[-79.851159,40.522875],[-79.851116,40.522932],[-79.851145,40.522987],[-79.851199,40.523035],[-79.851196,40.523099],[-79.851191,40.52316],[-79.851185,40.523236],[-79.851173,40.523296],[-79.851154,40.523364],[-79.85112,40.523434],[-79.851089,40.523486],[-79.851044,40.523537],[-79.850984,40.523587],[-79.850926,40.523641],[-79.850874,40.523683],[-79.850824,40.523723],[-79.85081,40.523778],[-79.850847,40.523843],[-79.850869,40.523901],[-79.85088,40.523973],[-79.850874,40.524039],[-79.850859,40.52411],[-79.850841,40.524186],[-79.850819,40.524258],[-79.850747,40.524289],[-79.850752,40.524348],[-79.850769,40.524411],[-79.850765,40.524468],[-79.850735,40.524541],[-79.850712,40.524594],[-79.850686,40.524655],[-79.850657,40.524713],[-79.85062,40.524792],[-79.850597,40.524844],[-79.850565,40.524898],[-79.850533,40.524958],[-79.850506,40.525017],[-79.850481,40.525071],[-79.850448,40.525122],[-79.850415,40.525178],[-79.850377,40.525247],[-79.850336,40.525325],[-79.850304,40.525399],[-79.850273,40.525461],[-79.850246,40.525515],[-79.850207,40.525583],[-79.850179,40.525633],[-79.850148,40.52569],[-79.850114,40.525749],[-79.850083,40.525806],[-79.85005,40.525867],[-79.850016,40.525934],[-79.849976,40.526004],[-79.84994,40.526074],[-79.84991,40.526137],[-79.849882,40.526214],[-79.849856,40.526279],[-79.849827,40.526356],[-79.849798,40.526428],[-79.849783,40.526485],[-79.849775,40.526511],[-79.849767,40.526541],[-79.849733,40.526604],[-79.849699,40.526664],[-79.849682,40.526727],[-79.849663,40.526801],[-79.849642,40.526868],[-79.849625,40.526928],[-79.8496,40.527008],[-79.849579,40.527065],[-79.849553,40.527121],[-79.849519,40.527191],[-79.849483,40.527246],[-79.849441,40.527303],[-79.849403,40.527372],[-79.849371,40.527421],[-79.849334,40.527476],[-79.84931,40.527535],[-79.849301,40.527594],[-79.849274,40.527649],[-79.849233,40.527708],[-79.849181,40.527771],[-79.84914,40.52783],[-79.849101,40.527899],[-79.849064,40.527956],[-79.849029,40.528009],[-79.849024,40.528016],[-79.849008,40.528042],[-79.84899,40.528071],[-79.848979,40.528087],[-79.84897,40.5281],[-79.84895,40.52813],[-79.848907,40.528186],[-79.848857,40.528258],[-79.848823,40.528311],[-79.848784,40.528369],[-79.848744,40.528425],[-79.848702,40.528486],[-79.848664,40.528543],[-79.848627,40.528602],[-79.848583,40.528663],[-79.848541,40.528727],[-79.8485,40.528789],[-79.848454,40.528844],[-79.848397,40.52891],[-79.848349,40.528966],[-79.848307,40.529012],[-79.84825,40.529068],[-79.848194,40.529124],[-79.848141,40.529184],[-79.848086,40.52925],[-79.848044,40.529297],[-79.847997,40.529339],[-79.847947,40.529386],[-79.847899,40.529445],[-79.847862,40.529503],[-79.847828,40.529565],[-79.847791,40.529622],[-79.847746,40.529683],[-79.847691,40.529744],[-79.847632,40.529807],[-79.847588,40.529855],[-79.847535,40.529911],[-79.847483,40.529965],[-79.847437,40.530011],[-79.847371,40.530072],[-79.84731,40.530142],[-79.847268,40.530194],[-79.847226,40.530255],[-79.847187,40.530313],[-79.847146,40.530373],[-79.847111,40.530424],[-79.847074,40.530483],[-79.84704,40.530535],[-79.847002,40.530596],[-79.84698,40.530632],[-79.846956,40.530671],[-79.84692,40.530736],[-79.846888,40.530793],[-79.846855,40.530856],[-79.846826,40.530923],[-79.846799,40.530977],[-79.846771,40.531032],[-79.846742,40.531096],[-79.846731,40.531176],[-79.846726,40.531236],[-79.846729,40.531303],[-79.846747,40.531361],[-79.846774,40.531428],[-79.846798,40.531502],[-79.846821,40.531578],[-79.846846,40.531652],[-79.846853,40.531691],[-79.846856,40.531743],[-79.846867,40.531782],[-79.846884,40.531843],[-79.846888,40.5319],[-79.846873,40.531933],[-79.846846,40.531978],[-79.846879,40.53203],[-79.846911,40.532082],[-79.846913,40.532085],[-79.846928,40.532106],[-79.846951,40.532139],[-79.846953,40.532142],[-79.846971,40.532167],[-79.846991,40.532196],[-79.84703,40.532248],[-79.847069,40.5323],[-79.84711,40.532353],[-79.847118,40.532365],[-79.847145,40.532405],[-79.84718,40.532463],[-79.847193,40.532484],[-79.847193,40.532484],[-79.847205,40.532503],[-79.847236,40.53253],[-79.84727,40.532553],[-79.847308,40.532575],[-79.847338,40.53259],[-79.847377,40.532616],[-79.84743,40.532668],[-79.847449,40.532694],[-79.847453,40.532706],[-79.847463,40.532765],[-79.847513,40.53282],[-79.84755,40.532878],[-79.847562,40.532914],[-79.847567,40.532929],[-79.847568,40.532933],[-79.847564,40.532988],[-79.847564,40.533034],[-79.847565,40.533045],[-79.847565,40.533047],[-79.84758,40.533103],[-79.847597,40.533141],[-79.847603,40.533154],[-79.847606,40.533161],[-79.84763,40.533214],[-79.847639,40.533223],[-79.847647,40.53323],[-79.847687,40.533266],[-79.847718,40.533316],[-79.847729,40.533389],[-79.847715,40.533455],[-79.847683,40.533505],[-79.847668,40.53356],[-79.847672,40.533643],[-79.847682,40.533706],[-79.847695,40.533773],[-79.847711,40.533833],[-79.847726,40.533894],[-79.847745,40.53395],[-79.847786,40.534021],[-79.847808,40.534077],[-79.8478,40.534155],[-79.847801,40.534249],[-79.847804,40.534327],[-79.847807,40.534396],[-79.847814,40.534465],[-79.847822,40.534544],[-79.847828,40.534621],[-79.847847,40.534677],[-79.84785,40.534733],[-79.847852,40.53479],[-79.847855,40.534871],[-79.847874,40.53494],[-79.847892,40.534994],[-79.847909,40.535063],[-79.847918,40.535128],[-79.847911,40.535185],[-79.847875,40.535247],[-79.847822,40.535293],[-79.847741,40.535312],[-79.847661,40.535332],[-79.847583,40.535332],[-79.847526,40.535371],[-79.84752,40.535428],[-79.847518,40.535471],[-79.847495,40.535468],[-79.847437,40.53546],[-79.847431,40.535436],[-79.847428,40.535382],[-79.847382,40.535327],[-79.8473,40.535334],[-79.847216,40.535336],[-79.847141,40.535322],[-79.847086,40.535274],[-79.847069,40.535215],[-79.847061,40.535155],[-79.847048,40.535092],[-79.84703,40.535032],[-79.847007,40.534955],[-79.847007,40.534896],[-79.847032,40.534843],[-79.84703,40.534783],[-79.847009,40.534725],[-79.846958,40.534675],[-79.846928,40.534614],[-79.846891,40.534554],[-79.846891,40.53449],[-79.846897,40.534424],[-79.846852,40.534404],[-79.846798,40.534445],[-79.846759,40.53441],[-79.846757,40.534351],[-79.84675,40.534284],[-79.846747,40.53421],[-79.846744,40.534139],[-79.846744,40.534087],[-79.846744,40.534078],[-79.846744,40.534072],[-79.846744,40.533999],[-79.846743,40.533969],[-79.846743,40.533952],[-79.846743,40.53394],[-79.846742,40.533867],[-79.84674,40.533828],[-79.84674,40.533816],[-79.846739,40.5338],[-79.846738,40.533746],[-79.846735,40.533718],[-79.846734,40.533699],[-79.846732,40.533685],[-79.846733,40.533605],[-79.846736,40.533533],[-79.84674,40.53345],[-79.846747,40.533371],[-79.846753,40.5333],[-79.846757,40.533239],[-79.846766,40.533184],[-79.846781,40.533128],[-79.846794,40.533067],[-79.846803,40.533004],[-79.84681,40.532948],[-79.84681,40.532872],[-79.846812,40.532809],[-79.846827,40.532751],[-79.846861,40.532701],[-79.846923,40.532661],[-79.846963,40.532622],[-79.846975,40.532611],[-79.846968,40.532602],[-79.846934,40.532555],[-79.846898,40.532501],[-79.846897,40.532499],[-79.846895,40.532496],[-79.846865,40.532441],[-79.846825,40.532375],[-79.846795,40.532325],[-79.846794,40.532323],[-79.846777,40.532299],[-79.846752,40.532264],[-79.84675,40.532262],[-79.846736,40.532244],[-79.846701,40.5322],[-79.846659,40.532153],[-79.846612,40.532132],[-79.846559,40.532169],[-79.846481,40.532161],[-79.846416,40.53213],[-79.846354,40.532083],[-79.846309,40.532039],[-79.846261,40.53199],[-79.846202,40.531946],[-79.846112,40.531915],[-79.846009,40.531898],[-79.845908,40.531893],[-79.845811,40.531893],[-79.845701,40.531898],[-79.84562,40.531912],[-79.845552,40.531932],[-79.845486,40.531955],[-79.845402,40.531999],[-79.845338,40.532042],[-79.845278,40.53208],[-79.845225,40.532118],[-79.845151,40.532176],[-79.845084,40.532229],[-79.845022,40.532282],[-79.844957,40.532338],[-79.844893,40.532385],[-79.844827,40.532434],[-79.84476,40.532485],[-79.844706,40.532526],[-79.844628,40.532582],[-79.844567,40.53262],[-79.844496,40.532658],[-79.84442,40.532696],[-79.84436,40.532728],[-79.844305,40.532771],[-79.84428,40.53283],[-79.844214,40.532864],[-79.844142,40.532886],[-79.844064,40.532912],[-79.84399,40.532952],[-79.843934,40.533],[-79.843881,40.533047],[-79.843814,40.533092],[-79.843749,40.533135],[-79.843669,40.533176],[-79.84361,40.533212],[-79.843543,40.533252],[-79.84348,40.533284],[-79.843397,40.533327],[-79.843324,40.533364],[-79.843322,40.533364],[-79.843242,40.533401],[-79.843242,40.533401],[-79.843153,40.533445],[-79.843085,40.53348],[-79.843009,40.533526],[-79.84294,40.533577],[-79.842866,40.533626],[-79.842787,40.533677],[-79.842698,40.533725],[-79.842634,40.533755],[-79.842554,40.533804],[-79.842493,40.533846],[-79.842436,40.533893],[-79.842372,40.533942],[-79.842322,40.533989],[-79.842255,40.534019],[-79.842165,40.534028],[-79.842085,40.534042],[-79.841999,40.534065],[-79.841923,40.534094],[-79.841852,40.534122],[-79.841785,40.534151],[-79.841719,40.53418],[-79.841652,40.534209],[-79.841593,40.534241],[-79.841509,40.53429],[-79.841448,40.534324],[-79.841381,40.534357],[-79.841317,40.534388],[-79.841255,40.534421],[-79.841193,40.534454],[-79.841114,40.534494],[-79.84105,40.534528],[-79.840982,40.534563],[-79.840916,40.534594],[-79.840843,40.534631],[-79.840769,40.534666],[-79.840695,40.534701],[-79.840632,40.534728],[-79.840564,40.534755],[-79.840491,40.534784],[-79.840409,40.534818],[-79.840331,40.534849],[-79.840262,40.534875],[-79.840191,40.534899],[-79.84012,40.534921],[-79.840053,40.534945],[-79.839952,40.534981],[-79.839885,40.535003],[-79.839817,40.535026],[-79.839747,40.53505],[-79.839661,40.535076],[-79.839588,40.535098],[-79.8395,40.535128],[-79.839445,40.535164],[-79.839098,40.535315],[-79.839097,40.535312],[-79.839056,40.535306],[-79.838979,40.535316],[-79.838913,40.535341],[-79.838832,40.535364],[-79.838751,40.535396],[-79.838674,40.535425],[-79.838607,40.535447],[-79.838526,40.535478],[-79.838454,40.535504],[-79.838382,40.535529],[-79.838301,40.535559],[-79.838236,40.535582],[-79.83814,40.535615],[-79.838054,40.535646],[-79.83796,40.535682],[-79.837886,40.535711],[-79.8378,40.535741],[-79.837713,40.535773],[-79.83763,40.535801],[-79.837548,40.535827],[-79.837469,40.535854],[-79.837386,40.535882],[-79.837314,40.535902],[-79.837239,40.535925],[-79.83715,40.53595],[-79.837069,40.535969],[-79.836997,40.535985],[-79.836906,40.536002],[-79.836821,40.536022],[-79.836735,40.536054],[-79.836672,40.53608],[-79.836583,40.536102],[-79.836496,40.536128],[-79.836414,40.536146],[-79.83633,40.536159],[-79.836242,40.536176],[-79.836159,40.536208],[-79.836084,40.536227],[-79.83599,40.536243],[-79.835899,40.536258],[-79.835805,40.53627],[-79.83573,40.536297],[-79.835654,40.536331],[-79.83558,40.536354],[-79.835507,40.536375],[-79.835434,40.536393],[-79.835347,40.536421],[-79.835281,40.536447],[-79.835203,40.536476],[-79.835124,40.536507],[-79.83505,40.536535],[-79.834978,40.536553],[-79.834902,40.536564],[-79.834832,40.536583],[-79.834764,40.536607],[-79.834688,40.536621],[-79.834657,40.536634],[-79.83458,40.536661],[-79.834484,40.536708],[-79.834353,40.536764],[-79.834217,40.536808],[-79.834092,40.536842],[-79.833961,40.536879],[-79.833833,40.536911],[-79.833701,40.536941],[-79.833607,40.536973],[-79.833521,40.537019],[-79.833387,40.537055],[-79.833308,40.537066],[-79.833205,40.537076],[-79.833109,40.537102],[-79.833079,40.537109],[-79.832956,40.537122],[-79.832852,40.537151],[-79.832453,40.537286],[-79.832312,40.537293],[-79.832146,40.537309],[-79.832027,40.5373],[-79.831897,40.537358],[-79.831575,40.537405],[-79.831498,40.537412],[-79.831226,40.53744],[-79.831065,40.537469],[-79.830847,40.537517],[-79.830717,40.537541],[-79.830602,40.537552],[-79.830374,40.537562],[-79.830136,40.537582],[-79.829612,40.537597],[-79.829507,40.537608],[-79.829291,40.537647],[-79.82879,40.537802],[-79.828714,40.537836],[-79.828635,40.537851],[-79.828419,40.537874],[-79.828341,40.537891],[-79.827692,40.53808],[-79.827519,40.538141],[-79.826702,40.538326],[-79.826483,40.53839],[-79.826083,40.538492],[-79.825945,40.538508],[-79.825877,40.538524],[-79.825823,40.538549],[-79.825744,40.538575],[-79.825539,40.538612],[-79.825435,40.538646],[-79.825365,40.538676],[-79.825281,40.538703],[-79.825178,40.538726],[-79.825085,40.538743],[-79.824959,40.538757],[-79.824873,40.538775],[-79.824803,40.538797],[-79.824604,40.538817],[-79.824518,40.538835],[-79.82445,40.538858],[-79.823252,40.539157],[-79.823113,40.539185],[-79.822998,40.539219],[-79.822894,40.539243],[-79.822707,40.539303],[-79.822652,40.539321],[-79.822504,40.539371],[-79.822422,40.539389],[-79.822283,40.539423],[-79.822049,40.539485],[-79.821923,40.539508],[-79.821775,40.539546],[-79.821661,40.539591],[-79.821564,40.539613],[-79.821504,40.539621],[-79.821415,40.53963],[-79.821326,40.539628],[-79.821198,40.539623],[-79.82119,40.539622],[-79.820962,40.53964],[-79.820792,40.539664],[-79.820628,40.539695],[-79.820548,40.5397],[-79.820443,40.5397],[-79.820387,40.539716],[-79.820386,40.539717],[-79.820275,40.539727],[-79.820275,40.539726],[-79.820226,40.539726],[-79.820054,40.539783],[-79.819966,40.539817],[-79.819812,40.539857],[-79.819726,40.539862],[-79.819629,40.539863],[-79.819506,40.539859],[-79.819254,40.539837],[-79.819128,40.539836],[-79.818733,40.539865],[-79.818615,40.539882],[-79.818372,40.539934],[-79.81811,40.539981],[-79.818,40.540009],[-79.817899,40.540029],[-79.817783,40.540042],[-79.817692,40.540048],[-79.817596,40.540048],[-79.817522,40.540064],[-79.817443,40.540101],[-79.817321,40.540144],[-79.817206,40.54017],[-79.817085,40.540186],[-79.816442,40.540204],[-79.815131,40.540241],[-79.814959,40.5402],[-79.814821,40.540182],[-79.814658,40.540171],[-79.814427,40.540196],[-79.814262,40.540204],[-79.813984,40.540203],[-79.813813,40.540194],[-79.813577,40.540196],[-79.812211,40.540154],[-79.811676,40.540174],[-79.811538,40.540164],[-79.811308,40.540179],[-79.811187,40.540193],[-79.810947,40.540205],[-79.810724,40.540235],[-79.809865,40.540285],[-79.809182,40.540299],[-79.809013,40.540281],[-79.80882,40.540281],[-79.8087,40.540257],[-79.808549,40.540199],[-79.808357,40.540143],[-79.808036,40.540082],[-79.807855,40.54008],[-79.807757,40.540101],[-79.807647,40.540145],[-79.807581,40.540229],[-79.807435,40.540243],[-79.807278,40.540269],[-79.807203,40.540266],[-79.807103,40.540249],[-79.807022,40.540231],[-79.806977,40.540202],[-79.806344,40.540054],[-79.806291,40.539991],[-79.806162,40.539906],[-79.806019,40.539823],[-79.805855,40.53974],[-79.805847,40.539716],[-79.805768,40.539607],[-79.805655,40.539532],[-79.805299,40.539404],[-79.80521,40.539393],[-79.804966,40.539344],[-79.804741,40.539274],[-79.804236,40.539164],[-79.80383,40.539128],[-79.803618,40.539059],[-79.803496,40.539025],[-79.80337,40.539013],[-79.803193,40.539035],[-79.803068,40.539029],[-79.802948,40.539009],[-79.802915,40.538983],[-79.802841,40.538943],[-79.802719,40.538923],[-79.802551,40.538871],[-79.802393,40.538884],[-79.801993,40.538864],[-79.801773,40.53882],[-79.801599,40.538796],[-79.801431,40.538761],[-79.801353,40.538737],[-79.801238,40.538696],[-79.800997,40.538641],[-79.800699,40.538517],[-79.800406,40.5384],[-79.799774,40.538208],[-79.799598,40.538158],[-79.799241,40.538032],[-79.798959,40.537959],[-79.798784,40.537909],[-79.798569,40.53786],[-79.798364,40.537807],[-79.798125,40.537751],[-79.797936,40.537714],[-79.797514,40.537626],[-79.79746,40.537616],[-79.797281,40.537596],[-79.797087,40.537561],[-79.796907,40.537517],[-79.796737,40.537472],[-79.79668,40.537461],[-79.796485,40.537449],[-79.796423,40.537443],[-79.796118,40.537404],[-79.796007,40.537393],[-79.795937,40.537381],[-79.795745,40.537357],[-79.795551,40.537315],[-79.795378,40.537284],[-79.795178,40.537231],[-79.794859,40.537166],[-79.794721,40.537148],[-79.794541,40.537137],[-79.794338,40.537094],[-79.794229,40.537039],[-79.794171,40.537021],[-79.79411,40.537012],[-79.794045,40.537011],[-79.79398,40.537019],[-79.793971,40.537018],[-79.793613,40.536942],[-79.793579,40.536901],[-79.79356,40.536853],[-79.793512,40.536836],[-79.793454,40.536821],[-79.793337,40.536784],[-79.793288,40.536774],[-79.793224,40.536767],[-79.793107,40.536768],[-79.793106,40.536768],[-79.793006,40.536772],[-79.792993,40.536768],[-79.793024,40.536679],[-79.790404,40.536117],[-79.790398,40.536134],[-79.790372,40.536127],[-79.790352,40.536123],[-79.790332,40.536118],[-79.790303,40.53611],[-79.790281,40.536105],[-79.790263,40.5361],[-79.790233,40.536092],[-79.790215,40.536087],[-79.790193,40.536082],[-79.79017,40.536076],[-79.790149,40.536071],[-79.790128,40.536067],[-79.790109,40.536062],[-79.790091,40.536059],[-79.790073,40.536055],[-79.790042,40.536048],[-79.790017,40.536043],[-79.789991,40.536038],[-79.789777,40.535993],[-79.789585,40.535963],[-79.78942,40.535929],[-79.789166,40.535883],[-79.789041,40.535852],[-79.788654,40.535765],[-79.788442,40.535706],[-79.78838,40.5357],[-79.78833,40.535725],[-79.788306,40.53576],[-79.788275,40.535797],[-79.788222,40.535792],[-79.788123,40.53575],[-79.788075,40.535733],[-79.787972,40.535708],[-79.787723,40.535674],[-79.787395,40.535649],[-79.787281,40.535636],[-79.787206,40.535624],[-79.787134,40.535607],[-79.787019,40.535567],[-79.786907,40.535533],[-79.786742,40.535489],[-79.786474,40.535437],[-79.786292,40.535408],[-79.786166,40.535386],[-79.786054,40.535361],[-79.785989,40.535349],[-79.785692,40.535304],[-79.78515,40.535256],[-79.784804,40.535218],[-79.78458,40.535186],[-79.784399,40.535167],[-79.784292,40.535163],[-79.784055,40.535163],[-79.783884,40.535154],[-79.783232,40.535158],[-79.783107,40.53515],[-79.783071,40.535148],[-79.782951,40.535144],[-79.782379,40.535147],[-79.782036,40.535143],[-79.781752,40.535144],[-79.781671,40.535146],[-79.781511,40.535156],[-79.781367,40.535169],[-79.78117,40.535181],[-79.781048,40.535194],[-79.78092,40.535201],[-79.78061,40.535245],[-79.780355,40.535289],[-79.78019,40.535333],[-79.780068,40.535359],[-79.779938,40.535392],[-79.779793,40.535438],[-79.779726,40.535464],[-79.779658,40.535487],[-79.779482,40.535544],[-79.779379,40.535574],[-79.779138,40.535628],[-79.77898,40.53566],[-79.778736,40.535733],[-79.77863,40.535777],[-79.778476,40.535855],[-79.778238,40.535931],[-79.777935,40.536012],[-79.777713,40.536084],[-79.777203,40.536234],[-79.777017,40.536276],[-79.776695,40.536368],[-79.776392,40.53644],[-79.776199,40.536496],[-79.77615,40.536515],[-79.776049,40.536568],[-79.775906,40.536649],[-79.775858,40.536672],[-79.775805,40.536694],[-79.775645,40.53675],[-79.775518,40.536785],[-79.775369,40.536833],[-79.775226,40.536871],[-79.775085,40.536913],[-79.774836,40.537002],[-79.774689,40.53706],[-79.774534,40.537126],[-79.774388,40.53718],[-79.774329,40.537208],[-79.77422,40.537253],[-79.774056,40.53733],[-79.773936,40.537389],[-79.773828,40.537437],[-79.773337,40.537619],[-79.773105,40.537713],[-79.772992,40.537762],[-79.772731,40.537885],[-79.772561,40.537957],[-79.772417,40.538024],[-79.772347,40.538053],[-79.772123,40.538158],[-79.772024,40.53821],[-79.771933,40.538266],[-79.771843,40.538312],[-79.771649,40.538419],[-79.77158,40.538456],[-79.771457,40.538514],[-79.771232,40.53863],[-79.771035,40.538741],[-79.770882,40.538835],[-79.770753,40.538923],[-79.770664,40.538977],[-79.770515,40.53908],[-79.770214,40.539267],[-79.77014,40.539323],[-79.770058,40.539402],[-79.769992,40.539485],[-79.769914,40.539615],[-79.769877,40.539654],[-79.76987,40.539659],[-79.76983,40.539689],[-79.769797,40.5397],[-79.769691,40.539791],[-79.769628,40.539861],[-79.769626,40.539863],[-79.769615,40.539875],[-79.769461,40.539998],[-79.769296,40.540129],[-79.769115,40.540285],[-79.769037,40.540353],[-79.76898,40.540404],[-79.768953,40.540431],[-79.768908,40.540454],[-79.768822,40.540521],[-79.768639,40.540677],[-79.768527,40.540787],[-79.768512,40.5408],[-79.768385,40.540926],[-79.76826,40.541076],[-79.768117,40.541248],[-79.768008,40.541379],[-79.767922,40.541501],[-79.76782,40.541646],[-79.767726,40.541781],[-79.767644,40.541913],[-79.767532,40.542059],[-79.767476,40.542126],[-79.767447,40.542188],[-79.767361,40.542333],[-79.76727,40.542474],[-79.767184,40.542607],[-79.767083,40.542763],[-79.766998,40.542895],[-79.766892,40.543037],[-79.766843,40.543103],[-79.766819,40.543159],[-79.766815,40.543178],[-79.766783,40.543267],[-79.766729,40.543371],[-79.766645,40.543501],[-79.766596,40.543634],[-79.766551,40.543773],[-79.766523,40.543896],[-79.766504,40.544044],[-79.766514,40.544125],[-79.766542,40.544159],[-79.766614,40.544231],[-79.767135,40.54433],[-79.767111,40.544413],[-79.766557,40.544283],[-79.766464,40.544204],[-79.76644,40.544208],[-79.766436,40.544208],[-79.766293,40.544261],[-79.766224,40.544293],[-79.766194,40.544369],[-79.766167,40.54444],[-79.766142,40.544504],[-79.766075,40.544679],[-79.766118,40.544761],[-79.766115,40.544875],[-79.766115,40.544893],[-79.766112,40.545029],[-79.766109,40.545156],[-79.766105,40.545306],[-79.766102,40.545435],[-79.7661,40.545581],[-79.766096,40.545716],[-79.766093,40.545862],[-79.766098,40.545996],[-79.766113,40.546142],[-79.766114,40.54616],[-79.76612,40.54632],[-79.766124,40.546472],[-79.766134,40.546613],[-79.76616,40.546741],[-79.76619,40.546869],[-79.766235,40.547038],[-79.766282,40.547179],[-79.766332,40.547303],[-79.766402,40.547442],[-79.766408,40.547455],[-79.76644,40.547513],[-79.766483,40.547592],[-79.766573,40.547729],[-79.766673,40.547868],[-79.766814,40.54802],[-79.766939,40.548158],[-79.767018,40.548226],[-79.767092,40.548306],[-79.767201,40.548432],[-79.767303,40.548551],[-79.767314,40.548564],[-79.767439,40.548702],[-79.767569,40.548849],[-79.767708,40.548996],[-79.767809,40.549135],[-79.767905,40.549283],[-79.767984,40.54945],[-79.768076,40.549619],[-79.768156,40.549762],[-79.768211,40.549879],[-79.768216,40.549892],[-79.768288,40.550043],[-79.768302,40.550075],[-79.768347,40.550178],[-79.768408,40.550306],[-79.768471,40.550433],[-79.768534,40.550583],[-79.768599,40.550748],[-79.768658,40.550893],[-79.768729,40.551026],[-79.768799,40.551145],[-79.768809,40.551163],[-79.768888,40.551304],[-79.768991,40.551472],[-79.769094,40.551605],[-79.769182,40.551743],[-79.76931,40.551953],[-79.769393,40.552099],[-79.769464,40.552252],[-79.769525,40.552392],[-79.769586,40.552519],[-79.769589,40.55253],[-79.769646,40.552665],[-79.769733,40.552861],[-79.769794,40.55301],[-79.769833,40.553147],[-79.76989,40.553297],[-79.769957,40.553444],[-79.770012,40.553628],[-79.770043,40.553714],[-79.770083,40.553786],[-79.770089,40.553798],[-79.770157,40.553929],[-79.770214,40.554075],[-79.770247,40.554216],[-79.770266,40.554376],[-79.770302,40.554524],[-79.770324,40.554654],[-79.770344,40.554794],[-79.770366,40.554911],[-79.770372,40.555306],[-79.770389,40.555437],[-79.770419,40.555622],[-79.770456,40.555849],[-79.770506,40.556057],[-79.770545,40.556205],[-79.770598,40.556375],[-79.770639,40.556535],[-79.770711,40.55674],[-79.770763,40.556872],[-79.770768,40.55689],[-79.770787,40.557016],[-79.770849,40.557191],[-79.770904,40.55738],[-79.770955,40.557521],[-79.77101,40.557671],[-79.771062,40.557821],[-79.771115,40.557975],[-79.771159,40.558133],[-79.771169,40.558166],[-79.771174,40.558185],[-79.771187,40.558222],[-79.771199,40.558262],[-79.771215,40.558299],[-79.771234,40.558344],[-79.77125,40.558382],[-79.771268,40.558418],[-79.771289,40.558456],[-79.771305,40.558492],[-79.771323,40.55853],[-79.771343,40.558565],[-79.771368,40.558605],[-79.771396,40.558644],[-79.771427,40.558685],[-79.771432,40.558701],[-79.771447,40.558731],[-79.771464,40.558772],[-79.771474,40.558812],[-79.771487,40.558851],[-79.771501,40.558892],[-79.771517,40.558931],[-79.771521,40.558972],[-79.771533,40.558996],[-79.771557,40.559036],[-79.771578,40.559073],[-79.771598,40.559113],[-79.771616,40.55915],[-79.771631,40.559182],[-79.771648,40.559202],[-79.771674,40.559245],[-79.771727,40.559401],[-79.771827,40.55963],[-79.771855,40.559722],[-79.771888,40.559798],[-79.771902,40.559828],[-79.771965,40.559954],[-79.771994,40.559996],[-79.772042,40.560079],[-79.772073,40.560117],[-79.772101,40.560159],[-79.772152,40.560247],[-79.772207,40.56032],[-79.77225,40.560409],[-79.772277,40.560454],[-79.772317,40.560539],[-79.772389,40.560727],[-79.772414,40.560775],[-79.77244,40.560814],[-79.77251,40.560948],[-79.772555,40.561025],[-79.772609,40.561146],[-79.772659,40.56128],[-79.772787,40.56156],[-79.772808,40.561599],[-79.772843,40.561639],[-79.77287,40.561679],[-79.772891,40.561719],[-79.772989,40.561978],[-79.773009,40.562016],[-79.77307,40.562156],[-79.773088,40.562194],[-79.773117,40.562237],[-79.773139,40.562279],[-79.773219,40.562455],[-79.773286,40.562622],[-79.773361,40.562788],[-79.773395,40.562873],[-79.773461,40.563007],[-79.773584,40.563229],[-79.773608,40.563279],[-79.773688,40.563517],[-79.773722,40.563651],[-79.773754,40.563727],[-79.773775,40.563777],[-79.773792,40.56383],[-79.773799,40.563868],[-79.773806,40.563965],[-79.773839,40.564097],[-79.773853,40.564141],[-79.773889,40.564223],[-79.773921,40.564311],[-79.773987,40.564428],[-79.774016,40.564465],[-79.77404,40.564502],[-79.774109,40.564633],[-79.774138,40.564672],[-79.77417,40.564707],[-79.77424,40.564796],[-79.774275,40.564834],[-79.774364,40.564953],[-79.774432,40.565067],[-79.774493,40.565183],[-79.774595,40.56535],[-79.774661,40.565487],[-79.774682,40.565525],[-79.774733,40.56566],[-79.77477,40.565749],[-79.774817,40.565845],[-79.774904,40.565998],[-79.774954,40.566079],[-79.775066,40.566292],[-79.775112,40.56637],[-79.775182,40.566539],[-79.775212,40.566579],[-79.775232,40.566619],[-79.775269,40.566743],[-79.775354,40.566964],[-79.775415,40.567134],[-79.775476,40.567265],[-79.775512,40.567353],[-79.775573,40.567523],[-79.775597,40.567604],[-79.775657,40.567776],[-79.775677,40.567861],[-79.77568,40.567906],[-79.775696,40.567955],[-79.775716,40.567997],[-79.775742,40.568088],[-79.775796,40.568317],[-79.775809,40.568451],[-79.775833,40.568586],[-79.77587,40.568716],[-79.775925,40.568931],[-79.775996,40.569161],[-79.776066,40.569411],[-79.776077,40.569464],[-79.776083,40.56952],[-79.776091,40.569596],[-79.776117,40.569743],[-79.77614,40.569839],[-79.776159,40.569943],[-79.776183,40.570035],[-79.776191,40.570083],[-79.776224,40.570209],[-79.776242,40.570296],[-79.776246,40.570342],[-79.776244,40.570468],[-79.776251,40.570606],[-79.776246,40.570752],[-79.776246,40.571051],[-79.776256,40.571177],[-79.776258,40.571266],[-79.776265,40.571374],[-79.776267,40.571517],[-79.776265,40.571612],[-79.776256,40.571715],[-79.776252,40.571813],[-79.776251,40.571863],[-79.77626,40.572004],[-79.776255,40.572146],[-79.776241,40.572232],[-79.776175,40.572459],[-79.776156,40.572539],[-79.776149,40.572589],[-79.776132,40.57263],[-79.77611,40.572669],[-79.776097,40.572712],[-79.77609,40.572756],[-79.776087,40.57288],[-79.776069,40.573049],[-79.776068,40.5731],[-79.77607,40.573157],[-79.776089,40.573248],[-79.77609,40.573438],[-79.776102,40.573531],[-79.776108,40.573616],[-79.776087,40.573791],[-79.776081,40.573877],[-79.776065,40.573969],[-79.776057,40.574009],[-79.776016,40.574145],[-79.775983,40.574231],[-79.77597,40.574311],[-79.77597,40.574329],[-79.775965,40.574499],[-79.775973,40.574684],[-79.775968,40.574923],[-79.775948,40.574976],[-79.775943,40.57502],[-79.775936,40.575061],[-79.775932,40.575109],[-79.775927,40.57515],[-79.775921,40.575193],[-79.775915,40.575241],[-79.775911,40.575287],[-79.775902,40.575333],[-79.775895,40.575373],[-79.775889,40.575415],[-79.775882,40.575458],[-79.775872,40.575501],[-79.775862,40.575545],[-79.775856,40.575586],[-79.775844,40.575638],[-79.775831,40.575692],[-79.775815,40.57573],[-79.775792,40.57577],[-79.775766,40.575803],[-79.775751,40.575835],[-79.77573,40.575884],[-79.775711,40.575925],[-79.775693,40.575963],[-79.775671,40.576001],[-79.775645,40.576044],[-79.775626,40.576089],[-79.775623,40.576134],[-79.775621,40.576179],[-79.775621,40.576225],[-79.775622,40.576265],[-79.775626,40.576308],[-79.77563,40.57635],[-79.775638,40.576398],[-79.775642,40.576445],[-79.775647,40.576495],[-79.775649,40.576534],[-79.775649,40.576578],[-79.77565,40.576627],[-79.775652,40.576675],[-79.775653,40.576732],[-79.775652,40.576776],[-79.775657,40.576828],[-79.775664,40.576869],[-79.775677,40.576917],[-79.775687,40.576961],[-79.775693,40.577001],[-79.775699,40.577041],[-79.775703,40.577083],[-79.775705,40.577133],[-79.775707,40.577184],[-79.775708,40.577225],[-79.775707,40.577284],[-79.775702,40.57734],[-79.775697,40.577396],[-79.775693,40.577451],[-79.775689,40.577493],[-79.775686,40.577531],[-79.77568,40.577579],[-79.775676,40.577619],[-79.77567,40.577671],[-79.775664,40.577716],[-79.77566,40.577756],[-79.775656,40.577796],[-79.77565,40.577856],[-79.775646,40.577896],[-79.775641,40.577945],[-79.775634,40.57799],[-79.775628,40.578033],[-79.77562,40.578076],[-79.775612,40.578125],[-79.775601,40.578167],[-79.775591,40.578209],[-79.775585,40.578256],[-79.775576,40.578318],[-79.77557,40.57836],[-79.775563,40.578407],[-79.775557,40.578447],[-79.775549,40.578495],[-79.77554,40.578534],[-79.775532,40.578576],[-79.775518,40.578628],[-79.775508,40.578666],[-79.7755,40.578704],[-79.775492,40.578749],[-79.775484,40.578795],[-79.775476,40.578835],[-79.775469,40.578875],[-79.775462,40.578928],[-79.775456,40.578986],[-79.775449,40.579033],[-79.775437,40.579079],[-79.77543,40.579123],[-79.775417,40.579168],[-79.775404,40.579208],[-79.7754,40.579242],[-79.775394,40.579307],[-79.775388,40.579346],[-79.775382,40.579396],[-79.775374,40.579437],[-79.77536,40.579487],[-79.775347,40.579536],[-79.775343,40.579588],[-79.77534,40.579628],[-79.775335,40.579686],[-79.775329,40.579739],[-79.775322,40.579785],[-79.775315,40.579828],[-79.775309,40.579872],[-79.775305,40.579916],[-79.775303,40.579959],[-79.775304,40.580003],[-79.775306,40.580039],[-79.775296,40.580078],[-79.775273,40.580113],[-79.775243,40.580153],[-79.775221,40.580192],[-79.775217,40.580218],[-79.775227,40.580264],[-79.775228,40.580309],[-79.775228,40.58036],[-79.775228,40.580392],[-79.775221,40.58046],[-79.775216,40.580504],[-79.775194,40.58055],[-79.775172,40.580586],[-79.775139,40.580625],[-79.775107,40.580667],[-79.775084,40.580705],[-79.775052,40.580752],[-79.775028,40.580788],[-79.775011,40.580833],[-79.775004,40.580874],[-79.774997,40.580919],[-79.774993,40.580954],[-79.774991,40.580998],[-79.774988,40.581039],[-79.774984,40.58108],[-79.774978,40.581119],[-79.774965,40.581169],[-79.774959,40.581209],[-79.774954,40.581251],[-79.774952,40.581294],[-79.774954,40.581335],[-79.774957,40.581384],[-79.774954,40.581435],[-79.77495,40.581477],[-79.774945,40.58152],[-79.774939,40.58157],[-79.774934,40.581608],[-79.774927,40.581659],[-79.774922,40.581708],[-79.774918,40.581754],[-79.774912,40.581797],[-79.774902,40.581845],[-79.774888,40.581899],[-79.774867,40.581941],[-79.774843,40.58198],[-79.774823,40.582024],[-79.774803,40.582062],[-79.774784,40.582107],[-79.774768,40.582144],[-79.774751,40.582185],[-79.774733,40.582227],[-79.774711,40.582278],[-79.77469,40.582322],[-79.77467,40.582363],[-79.774642,40.582412],[-79.774624,40.58245],[-79.774603,40.582495],[-79.774588,40.582537],[-79.774568,40.582593],[-79.774545,40.582645],[-79.774528,40.582681],[-79.774513,40.582718],[-79.774499,40.582757],[-79.774486,40.582808],[-79.774475,40.582851],[-79.774465,40.582894],[-79.774459,40.582934],[-79.774452,40.582987],[-79.77445,40.58303],[-79.774449,40.583073],[-79.774447,40.583119],[-79.774444,40.583159],[-79.774439,40.583199],[-79.774435,40.583246],[-79.774428,40.583301],[-79.774419,40.583352],[-79.774407,40.583392],[-79.774389,40.58344],[-79.774373,40.58349],[-79.774355,40.583534],[-79.774333,40.58358],[-79.774314,40.583617],[-79.774287,40.583673],[-79.774267,40.58372],[-79.774242,40.583768],[-79.774213,40.583817],[-79.774183,40.583862],[-79.774157,40.5839],[-79.774116,40.58395],[-79.774069,40.584007],[-79.774032,40.584052],[-79.774002,40.584093],[-79.773961,40.584136],[-79.773912,40.584181],[-79.773869,40.584219],[-79.773833,40.58425],[-79.773797,40.584283],[-79.773762,40.584316],[-79.773713,40.584359],[-79.773687,40.584387],[-79.773678,40.58441],[-79.773675,40.584449],[-79.77368,40.584481],[-79.773711,40.584514],[-79.77372,40.584526],[-79.773717,40.584566],[-79.77371,40.584602],[-79.773693,40.584638],[-79.773648,40.58468],[-79.773614,40.584713],[-79.773591,40.584739],[-79.773575,40.584784],[-79.773556,40.584832],[-79.773537,40.584877],[-79.773517,40.584928],[-79.773498,40.584971],[-79.773479,40.585009],[-79.773463,40.585048],[-79.773442,40.585094],[-79.773419,40.585148],[-79.773401,40.585198],[-79.773386,40.585252],[-79.773371,40.585297],[-79.773359,40.585338],[-79.773347,40.585391],[-79.77334,40.58543],[-79.773328,40.585481],[-79.773316,40.585524],[-79.773299,40.58557],[-79.773285,40.585612],[-79.77327,40.585652],[-79.77325,40.585692],[-79.773224,40.585742],[-79.773203,40.585791],[-79.773182,40.585839],[-79.773159,40.585887],[-79.773144,40.585925],[-79.773123,40.585971],[-79.773102,40.586019],[-79.773079,40.586054],[-79.773057,40.586095],[-79.773034,40.586138],[-79.773013,40.586184],[-79.772996,40.586221],[-79.772973,40.586263],[-79.772948,40.58631],[-79.772919,40.586358],[-79.772891,40.586395],[-79.772859,40.586432],[-79.772827,40.586472],[-79.772795,40.58651],[-79.772769,40.586548],[-79.772742,40.586589],[-79.772717,40.586625],[-79.77269,40.586661],[-79.772664,40.5867],[-79.772637,40.586738],[-79.772609,40.586774],[-79.772573,40.586817],[-79.772539,40.586853],[-79.772504,40.586895],[-79.772462,40.586949],[-79.772421,40.587003],[-79.772392,40.587042],[-79.772366,40.58708],[-79.772336,40.58712],[-79.772311,40.587155],[-79.772281,40.587195],[-79.772254,40.587232],[-79.772226,40.58727],[-79.772198,40.587315],[-79.772179,40.587353],[-79.772162,40.587394],[-79.77215,40.587434],[-79.772141,40.587492],[-79.772136,40.587537],[-79.772139,40.587583],[-79.772154,40.587637],[-79.772171,40.587676],[-79.77218,40.587719],[-79.772177,40.587771],[-79.772164,40.587823],[-79.772147,40.587863],[-79.772126,40.587904],[-79.772099,40.587959],[-79.772074,40.588007],[-79.772053,40.588044],[-79.772031,40.588079],[-79.771999,40.588128],[-79.771973,40.588175],[-79.771947,40.588225],[-79.771931,40.588264],[-79.771911,40.588311],[-79.771884,40.588355],[-79.771853,40.588401],[-79.771826,40.58843],[-79.771783,40.588465],[-79.771748,40.588488],[-79.771686,40.588514],[-79.771637,40.588533],[-79.771587,40.58855],[-79.771528,40.588571],[-79.771478,40.588599],[-79.771449,40.588622],[-79.771429,40.588658],[-79.77141,40.588694],[-79.771401,40.588717],[-79.770883,40.588545],[-79.770895,40.588524],[-79.770853,40.588508],[-79.770886,40.58845],[-79.770774,40.588409],[-79.770678,40.588569],[-79.770601,40.588735],[-79.770523,40.588901],[-79.770494,40.588964],[-79.770269,40.589444],[-79.770106,40.589775],[-79.770106,40.590006],[-79.770072,40.590087],[-79.770026,40.590135],[-79.770011,40.590173],[-79.769999,40.590221],[-79.769988,40.590258],[-79.769969,40.590296],[-79.769945,40.590332],[-79.769912,40.590369],[-79.769886,40.590403],[-79.769851,40.590441],[-79.769816,40.590477],[-79.769782,40.590511],[-79.769747,40.590552],[-79.769721,40.590585],[-79.769685,40.590619],[-79.76964,40.590654],[-79.769623,40.590659],[-79.769585,40.590704],[-79.769487,40.590805],[-79.76938,40.590927],[-79.769276,40.591055],[-79.769188,40.591154],[-79.769077,40.591269],[-79.768975,40.59136],[-79.768961,40.591372],[-79.768819,40.591467],[-79.768667,40.59158],[-79.768594,40.591636],[-79.768527,40.591696],[-79.768413,40.591792],[-79.768312,40.591886],[-79.768207,40.591975],[-79.768101,40.59207],[-79.768005,40.592146],[-79.767992,40.592156],[-79.767829,40.592292],[-79.767694,40.592421],[-79.767579,40.592548],[-79.76749,40.592646],[-79.767392,40.592753],[-79.767267,40.592883],[-79.767132,40.593004],[-79.766998,40.593101],[-79.7669,40.593171],[-79.766888,40.593179],[-79.766755,40.593274],[-79.766623,40.593372],[-79.766504,40.593463],[-79.766441,40.59351],[-79.766398,40.593542],[-79.766345,40.593581],[-79.766264,40.593655],[-79.766169,40.593743],[-79.766064,40.593844],[-79.765967,40.593941],[-79.765955,40.593953],[-79.765906,40.594006],[-79.765851,40.59405],[-79.76575,40.594127],[-79.765631,40.594215],[-79.76548,40.594327],[-79.765407,40.594375],[-79.765347,40.594424],[-79.765189,40.594557],[-79.765093,40.594646],[-79.765081,40.594659],[-79.764948,40.594789],[-79.764792,40.594944],[-79.764681,40.595045],[-79.764637,40.595084],[-79.764582,40.595114],[-79.76444,40.595178],[-79.76431,40.595249],[-79.764183,40.595314],[-79.764085,40.595359],[-79.764074,40.595364],[-79.763949,40.595426],[-79.763842,40.595472],[-79.763707,40.595531],[-79.763565,40.595595],[-79.763431,40.595648],[-79.763272,40.595742],[-79.763143,40.595815],[-79.763022,40.595874],[-79.762904,40.595935],[-79.76289,40.595942],[-79.762746,40.595995],[-79.762586,40.596068],[-79.762391,40.596148],[-79.762234,40.596204],[-79.762094,40.596251],[-79.76201,40.596274],[-79.761933,40.596288],[-79.761876,40.5963],[-79.76181,40.596324],[-79.761729,40.596359],[-79.76164,40.596408],[-79.761516,40.596484],[-79.761407,40.596557],[-79.761336,40.5966],[-79.761277,40.596623],[-79.761124,40.596672],[-79.760916,40.59672],[-79.76079,40.596749],[-79.760652,40.596779],[-79.760599,40.596793],[-79.760488,40.596835],[-79.760366,40.596885],[-79.760229,40.59694],[-79.760137,40.596986],[-79.760077,40.59701],[-79.759947,40.597055],[-79.759821,40.597085],[-79.759692,40.597112],[-79.759546,40.597159],[-79.759442,40.597185],[-79.759375,40.597195],[-79.759239,40.597205],[-79.759098,40.597208],[-79.758934,40.597209],[-79.758811,40.597187],[-79.758699,40.597176],[-79.758584,40.597193],[-79.758481,40.597213],[-79.758374,40.597239],[-79.758363,40.597241],[-79.758283,40.597256],[-79.758224,40.597274],[-79.75809,40.597328],[-79.757963,40.597381],[-79.757874,40.597426],[-79.757851,40.597456],[-79.757133,40.598061],[-79.757021,40.598078],[-79.756888,40.598124],[-79.756779,40.59817],[-79.756769,40.598175],[-79.75664,40.598224],[-79.756525,40.598273],[-79.756409,40.598326],[-79.756338,40.598362],[-79.756283,40.598382],[-79.756226,40.598392],[-79.756157,40.598417],[-79.756131,40.598425],[-79.756034,40.598426],[-79.755961,40.598426],[-79.755734,40.598477],[-79.75565,40.598504],[-79.75552,40.598545],[-79.755466,40.598557],[-79.755405,40.598582],[-79.755295,40.598628],[-79.755159,40.598679],[-79.755128,40.598686],[-79.755028,40.59871],[-79.754979,40.598723],[-79.754859,40.598774],[-79.754725,40.598829],[-79.754603,40.598861],[-79.754523,40.598874],[-79.754458,40.598902],[-79.754306,40.598964],[-79.75419,40.599007],[-79.754061,40.599038],[-79.753926,40.599105],[-79.753914,40.599111],[-79.753789,40.599163],[-79.753692,40.599198],[-79.753653,40.59922],[-79.753563,40.599304],[-79.753492,40.599344],[-79.753421,40.599358],[-79.753264,40.599362],[-79.753165,40.599388],[-79.75297,40.599402],[-79.752944,40.599407],[-79.752868,40.599417],[-79.75283,40.599429],[-79.752734,40.599465],[-79.75272,40.59947],[-79.752584,40.599525],[-79.752475,40.599579],[-79.752361,40.599634],[-79.752231,40.599692],[-79.752103,40.599745],[-79.751976,40.599789],[-79.751848,40.599843],[-79.751697,40.599908],[-79.751572,40.599961],[-79.751555,40.599969],[-79.751376,40.600053],[-79.751257,40.600101],[-79.751115,40.600155],[-79.750981,40.600203],[-79.75086,40.600241],[-79.750716,40.600288],[-79.750565,40.600338],[-79.750403,40.600382],[-79.750295,40.600409],[-79.750286,40.600411],[-79.750151,40.600435],[-79.750092,40.600455],[-79.750015,40.600502],[-79.749967,40.600536],[-79.749889,40.600551],[-79.749774,40.600573],[-79.749766,40.600575],[-79.749629,40.600602],[-79.749501,40.600646],[-79.749383,40.600698],[-79.749371,40.600704],[-79.74933,40.600726],[-79.749238,40.600796],[-79.74921,40.600814],[-79.749111,40.600848],[-79.748969,40.600873],[-79.748781,40.600921],[-79.74867,40.600947],[-79.748553,40.600974],[-79.74839,40.601018],[-79.748376,40.601023],[-79.748232,40.601053],[-79.748059,40.601101],[-79.74797,40.601116],[-79.747883,40.601123],[-79.747751,40.601135],[-79.747621,40.601164],[-79.747505,40.601188],[-79.747346,40.601222],[-79.747253,40.601254],[-79.747242,40.601258],[-79.747203,40.60128],[-79.747136,40.601333],[-79.747115,40.601362],[-79.747092,40.601432],[-79.747085,40.601515],[-79.747088,40.601609],[-79.747089,40.601695],[-79.747086,40.601743],[-79.747069,40.601783],[-79.747061,40.601791],[-79.747041,40.601797],[-79.74701,40.601797],[-79.746963,40.601767],[-79.746887,40.601686],[-79.746861,40.601652],[-79.746828,40.60159],[-79.746767,40.601497],[-79.746711,40.601441],[-79.746669,40.601417],[-79.746613,40.601405],[-79.746544,40.601406],[-79.746492,40.601413],[-79.746409,40.601442],[-79.746294,40.601468],[-79.746186,40.60149],[-79.74604,40.601526],[-79.74592,40.601551],[-79.745799,40.601583],[-79.745657,40.601618],[-79.745638,40.601622],[-79.745554,40.601645],[-79.745494,40.601655],[-79.74534,40.601686],[-79.745207,40.601716],[-79.745047,40.601758],[-79.744971,40.601773],[-79.744886,40.601797],[-79.744746,40.60183],[-79.744624,40.601853],[-79.744607,40.601857],[-79.744477,40.601884],[-79.744328,40.601918],[-79.744188,40.601942],[-79.744063,40.601966],[-79.743915,40.601984],[-79.743801,40.601995],[-79.743731,40.601997],[-79.743674,40.602015],[-79.743546,40.602083],[-79.743536,40.602088],[-79.743485,40.602096],[-79.74341,40.602095],[-79.743277,40.602095],[-79.743156,40.60212],[-79.743028,40.602159],[-79.742978,40.602192],[-79.742925,40.602191],[-79.742823,40.602168],[-79.7427,40.602162],[-79.742688,40.602163],[-79.742565,40.60217],[-79.742382,40.602189],[-79.742222,40.602214],[-79.742107,40.602231],[-79.741959,40.602258],[-79.741782,40.602298],[-79.741634,40.602321],[-79.741461,40.602354],[-79.741362,40.602365],[-79.741347,40.602366],[-79.741211,40.602387],[-79.741104,40.602412],[-79.740966,40.602451],[-79.740813,40.602501],[-79.740683,40.602543],[-79.74057,40.602568],[-79.740455,40.602591],[-79.740337,40.6026],[-79.740233,40.602605],[-79.740214,40.602606],[-79.740115,40.602613],[-79.739977,40.602642],[-79.739863,40.602669],[-79.739735,40.602701],[-79.739625,40.602722],[-79.739564,40.602734],[-79.739484,40.602758],[-79.739341,40.602769],[-79.739223,40.602772],[-79.739212,40.602772],[-79.739052,40.602771],[-79.738994,40.602774],[-79.738918,40.602803],[-79.738883,40.602813],[-79.73879,40.602821],[-79.738665,40.602826],[-79.738594,40.602831],[-79.738517,40.602846],[-79.738477,40.602858],[-79.738428,40.602889],[-79.738401,40.602916],[-79.738387,40.60294],[-79.738367,40.602953],[-79.738318,40.602936],[-79.738275,40.602929],[-79.738202,40.602929],[-79.738161,40.60293],[-79.738085,40.602944],[-79.737622,40.603061],[-79.737501,40.603088],[-79.737364,40.603121],[-79.737231,40.60315],[-79.737111,40.603178],[-79.736975,40.603209],[-79.736828,40.603249],[-79.736811,40.603253],[-79.736661,40.603289],[-79.73654,40.603325],[-79.736417,40.603362],[-79.736303,40.603397],[-79.736178,40.603426],[-79.736071,40.603453],[-79.735963,40.60349],[-79.735835,40.603533],[-79.735706,40.603577],[-79.735689,40.603583],[-79.735546,40.603618],[-79.735395,40.603668],[-79.735278,40.603711],[-79.735142,40.603765],[-79.73502,40.603812],[-79.734866,40.603864],[-79.734736,40.603904],[-79.734614,40.603942],[-79.734486,40.603988],[-79.734473,40.603993],[-79.734346,40.604043],[-79.734213,40.604093],[-79.734061,40.604147],[-79.733928,40.604207],[-79.73379,40.604279],[-79.733639,40.604365],[-79.73351,40.604434],[-79.733392,40.604486],[-79.733288,40.604532],[-79.733107,40.604592],[-79.732548,40.60478],[-79.732497,40.604806],[-79.732366,40.604842],[-79.732262,40.60489],[-79.732162,40.604926],[-79.732096,40.604949],[-79.732002,40.604981],[-79.731888,40.60503],[-79.731797,40.605069],[-79.731693,40.605129],[-79.731633,40.605147],[-79.731536,40.605179],[-79.731441,40.605192],[-79.731331,40.605205],[-79.731252,40.605248],[-79.731137,40.605286],[-79.731067,40.605291],[-79.730971,40.605321],[-79.73084,40.605402],[-79.730742,40.605443],[-79.730659,40.605438],[-79.73057,40.605449],[-79.730504,40.605462],[-79.73039,40.605509],[-79.730215,40.605567],[-79.730114,40.605592],[-79.730038,40.605606],[-79.729863,40.605653],[-79.729753,40.605679],[-79.729617,40.605721],[-79.729481,40.605749],[-79.729394,40.605769],[-79.729134,40.605839],[-79.728888,40.605904],[-79.728576,40.605987],[-79.727929,40.606149],[-79.727864,40.606165],[-79.727642,40.606227],[-79.727453,40.606277],[-79.727271,40.606339],[-79.727033,40.606403],[-79.726904,40.606455],[-79.726788,40.606486],[-79.726618,40.606545],[-79.726482,40.6066],[-79.72635,40.606649],[-79.726192,40.606701],[-79.726052,40.606756],[-79.725951,40.6068],[-79.725697,40.606916],[-79.725485,40.607002],[-79.725275,40.607086],[-79.725089,40.607179],[-79.724902,40.607276],[-79.72469,40.607383],[-79.724553,40.607454],[-79.724452,40.607518],[-79.724332,40.607565],[-79.724218,40.607616],[-79.72414,40.607673],[-79.724003,40.60775],[-79.723942,40.607785],[-79.723767,40.6079],[-79.723668,40.607953],[-79.723584,40.608001],[-79.723407,40.608111],[-79.723185,40.608258],[-79.723048,40.608349],[-79.722966,40.608408],[-79.72291,40.608449],[-79.722793,40.608545],[-79.72265,40.608658],[-79.722518,40.608766],[-79.722418,40.608884],[-79.722278,40.608996],[-79.722188,40.609083],[-79.722069,40.609191],[-79.721974,40.609266],[-79.721898,40.609333],[-79.721855,40.609415],[-79.721785,40.609504],[-79.721743,40.60957],[-79.721682,40.609692],[-79.721586,40.609838],[-79.721523,40.609933],[-79.721509,40.609969],[-79.721466,40.610039],[-79.721359,40.610203],[-79.721291,40.610315],[-79.721224,40.610402],[-79.721148,40.610512],[-79.721066,40.610634],[-79.721016,40.610723],[-79.720886,40.610927],[-79.720801,40.61104],[-79.720127,40.612234],[-79.719858,40.612731],[-79.719774,40.61274],[-79.719774,40.612707],[-79.719774,40.612703],[-79.719775,40.612685],[-79.719741,40.61269],[-79.719727,40.612693],[-79.719248,40.613454],[-79.719239,40.613484],[-79.719206,40.613534],[-79.719195,40.613546],[-79.718727,40.614275],[-79.718632,40.614455],[-79.718631,40.614457],[-79.718626,40.614465],[-79.718626,40.614466],[-79.718566,40.61454],[-79.718028,40.615378],[-79.71779,40.615772],[-79.717591,40.61609],[-79.717602,40.616168],[-79.717626,40.616184],[-79.717607,40.61622],[-79.717588,40.616261],[-79.717572,40.616335],[-79.717549,40.616387],[-79.717494,40.616472],[-79.717461,40.616531],[-79.717423,40.61662],[-79.717397,40.616693],[-79.717373,40.61677],[-79.717352,40.616845],[-79.717344,40.616893],[-79.717351,40.616963],[-79.71733,40.617029],[-79.717299,40.617075],[-79.717256,40.617157],[-79.717239,40.617243],[-79.717105,40.617473],[-79.716537,40.61813],[-79.71644,40.618242],[-79.715129,40.619761],[-79.71476,40.620052],[-79.7132,40.621116],[-79.713155,40.621144],[-79.712698,40.621434],[-79.711873,40.621797],[-79.711088,40.6223],[-79.709728,40.623248],[-79.709403,40.623408],[-79.708248,40.624124],[-79.708191,40.624166],[-79.707197,40.624949],[-79.706866,40.625195],[-79.706124,40.625777],[-79.706062,40.625819],[-79.706006,40.625857],[-79.705934,40.625897],[-79.705932,40.625901],[-79.705873,40.625939],[-79.705751,40.62603],[-79.70571,40.626066],[-79.70566,40.626102],[-79.705598,40.626143],[-79.705534,40.62617],[-79.705469,40.626219],[-79.705405,40.626256],[-79.705309,40.626306],[-79.705243,40.62635],[-79.705182,40.626399],[-79.705141,40.626436],[-79.705068,40.626504],[-79.705015,40.626545],[-79.704955,40.62658],[-79.704937,40.626595],[-79.704901,40.626625],[-79.704828,40.626681],[-79.704776,40.626724],[-79.704716,40.626781],[-79.704694,40.626799],[-79.704653,40.626828],[-79.704612,40.626851],[-79.704554,40.62689],[-79.704532,40.626903],[-79.704472,40.626945],[-79.704433,40.626973],[-79.704361,40.627025],[-79.704302,40.62707],[-79.704149,40.627182],[-79.704108,40.627216],[-79.704077,40.627243],[-79.704036,40.627278],[-79.703991,40.627315],[-79.703962,40.627349],[-79.703928,40.627379],[-79.703884,40.627409],[-79.703844,40.627429],[-79.703786,40.627459],[-79.703743,40.62748],[-79.703685,40.62751],[-79.703642,40.627548],[-79.70359,40.627581],[-79.703532,40.627625],[-79.703483,40.627662],[-79.703427,40.627717],[-79.703408,40.627754],[-79.703411,40.627784],[-79.70342,40.627824],[-79.703431,40.627852],[-79.703449,40.627898],[-79.703451,40.627981],[-79.70346,40.628044],[-79.703455,40.628074],[-79.703455,40.628115],[-79.703447,40.628153],[-79.703427,40.628196],[-79.70341,40.628254],[-79.703346,40.628352],[-79.703301,40.628401],[-79.703236,40.62849],[-79.703189,40.628537],[-79.703131,40.62858],[-79.703086,40.628611],[-79.703021,40.62866],[-79.702957,40.62872],[-79.702912,40.628766],[-79.702866,40.62883],[-79.702774,40.628989],[-79.702752,40.629031],[-79.702727,40.629076],[-79.702673,40.62912],[-79.70259,40.62916],[-79.702484,40.629218],[-79.702404,40.629256],[-79.702309,40.629294],[-79.702221,40.629347],[-79.702127,40.629415],[-79.702049,40.629476],[-79.701983,40.629512],[-79.701949,40.62953],[-79.701903,40.629561],[-79.701841,40.62959],[-79.701741,40.629633],[-79.701683,40.629678],[-79.701571,40.629752],[-79.701494,40.629795],[-79.701425,40.629835],[-79.701325,40.629916],[-79.7012,40.629993],[-79.701105,40.630053],[-79.70103,40.630115],[-79.700935,40.630193],[-79.700843,40.630258],[-79.700779,40.630322],[-79.700722,40.630392],[-79.700619,40.630488],[-79.700553,40.630543],[-79.700466,40.630588],[-79.700389,40.630649],[-79.700315,40.630701],[-79.700255,40.630727],[-79.700179,40.630751],[-79.700094,40.630782],[-79.700031,40.630819],[-79.699937,40.63088],[-79.699884,40.630925],[-79.699855,40.630965],[-79.699821,40.631019],[-79.699803,40.631033],[-79.699797,40.631043],[-79.699773,40.63106],[-79.69975,40.631077],[-79.699662,40.631141],[-79.699567,40.631225],[-79.699494,40.631286],[-79.699434,40.631331],[-79.699375,40.631401],[-79.699273,40.631491],[-79.69919,40.631554],[-79.69912,40.631615],[-79.699056,40.631671],[-79.699007,40.631743],[-79.698958,40.631806],[-79.69891,40.631879],[-79.698809,40.631957],[-79.698755,40.632013],[-79.698707,40.632084],[-79.698631,40.632161],[-79.698607,40.632185],[-79.698559,40.632237],[-79.698496,40.632324],[-79.698455,40.63238],[-79.698341,40.632509],[-79.698269,40.632606],[-79.698213,40.63266],[-79.698183,40.632696],[-79.698133,40.632759],[-79.698097,40.632789],[-79.69804,40.632846],[-79.697997,40.632886],[-79.697961,40.632922],[-79.697936,40.632943],[-79.697892,40.63297],[-79.697865,40.632999],[-79.697815,40.63305],[-79.697781,40.633079],[-79.697736,40.633119],[-79.697696,40.633155],[-79.697643,40.633202],[-79.697607,40.633241],[-79.69758,40.633264],[-79.697578,40.633268],[-79.697526,40.633339],[-79.697465,40.633395],[-79.697427,40.633437],[-79.697385,40.633488],[-79.697351,40.633534],[-79.697322,40.633566],[-79.697291,40.633597],[-79.697282,40.633605],[-79.697137,40.633776],[-79.697096,40.633811],[-79.697055,40.633862],[-79.697019,40.6339],[-79.696971,40.633959],[-79.696936,40.63401],[-79.69689,40.634063],[-79.696864,40.634108],[-79.696825,40.634132],[-79.696797,40.634174],[-79.696755,40.634215],[-79.696714,40.634273],[-79.696665,40.63432],[-79.696624,40.634382],[-79.69657,40.634454],[-79.696538,40.6345],[-79.696504,40.634549],[-79.696467,40.63459],[-79.696433,40.634655],[-79.696395,40.634712],[-79.696366,40.634759],[-79.696334,40.634822],[-79.696344,40.63488],[-79.696309,40.634937],[-79.696269,40.634973],[-79.696227,40.635032],[-79.696209,40.635063],[-79.69621,40.6351],[-79.696222,40.635115],[-79.696219,40.635142],[-79.696194,40.635164],[-79.696153,40.635158],[-79.696134,40.635154],[-79.696132,40.635157],[-79.696079,40.635173],[-79.696021,40.635208],[-79.695977,40.635276],[-79.695945,40.635331],[-79.695904,40.635383],[-79.695863,40.635427],[-79.695829,40.635463],[-79.69578,40.635516],[-79.695737,40.635557],[-79.695657,40.635638],[-79.695597,40.63569],[-79.695562,40.635743],[-79.695515,40.635797],[-79.695476,40.635851],[-79.695434,40.635904],[-79.695386,40.63596],[-79.695315,40.636035],[-79.695269,40.636095],[-79.695226,40.636133],[-79.69519,40.636185],[-79.695156,40.636254],[-79.695117,40.636287],[-79.695074,40.636317],[-79.695021,40.636362],[-79.694988,40.636402],[-79.694933,40.636455],[-79.694887,40.636518],[-79.694841,40.636581],[-79.694818,40.636617],[-79.69479,40.636661],[-79.694755,40.636718],[-79.694724,40.636782],[-79.694698,40.636836],[-79.694681,40.636905],[-79.694652,40.63698],[-79.694613,40.637033],[-79.694569,40.637094],[-79.694518,40.637164],[-79.694483,40.637235],[-79.694436,40.637315],[-79.694389,40.637394],[-79.694355,40.637459],[-79.694328,40.637521],[-79.694307,40.637574],[-79.694305,40.637581],[-79.694287,40.637589],[-79.694234,40.637691],[-79.694213,40.637756],[-79.694161,40.637821],[-79.694128,40.637888],[-79.69408,40.63796],[-79.694018,40.638069],[-79.693993,40.638134],[-79.693956,40.638202],[-79.69393,40.638251],[-79.693893,40.63831],[-79.693851,40.638403],[-79.693812,40.638458],[-79.693757,40.638555],[-79.693757,40.6386],[-79.693776,40.638625],[-79.693768,40.638673],[-79.693743,40.638724],[-79.693719,40.638799],[-79.693704,40.638844],[-79.693696,40.638879],[-79.693617,40.638993],[-79.693577,40.639052],[-79.693545,40.639116],[-79.693512,40.639185],[-79.693464,40.639252],[-79.693417,40.639329],[-79.693392,40.639366],[-79.693361,40.639438],[-79.69335,40.639503],[-79.693342,40.639568],[-79.693313,40.639621],[-79.693276,40.639659],[-79.693262,40.639691],[-79.693254,40.63973],[-79.693224,40.63977],[-79.693197,40.639849],[-79.693187,40.63989],[-79.693151,40.639931],[-79.692848,40.640717],[-79.692679,40.640995],[-79.692596,40.641132],[-79.692504,40.641393],[-79.692347,40.641673],[-79.692094,40.64207],[-79.69192,40.6424],[-79.691796,40.642654],[-79.691668,40.642996],[-79.691537,40.643282],[-79.691428,40.643613],[-79.691363,40.643828],[-79.691306,40.643985],[-79.691202,40.644133],[-79.691187,40.644164],[-79.691174,40.644193],[-79.691168,40.644307],[-79.691166,40.644447],[-79.691094,40.644667],[-79.691048,40.644856],[-79.690993,40.645117],[-79.690876,40.645531],[-79.690831,40.645686],[-79.690774,40.645972],[-79.69074,40.646165],[-79.690741,40.646299],[-79.690763,40.646493],[-79.690777,40.646634],[-79.690785,40.646751],[-79.690801,40.64686],[-79.690815,40.646955],[-79.690857,40.647063],[-79.690896,40.647164],[-79.690899,40.647296],[-79.6909,40.647325],[-79.690902,40.647462],[-79.690912,40.647596],[-79.690921,40.647785],[-79.690929,40.648025],[-79.690932,40.648182],[-79.690947,40.648298],[-79.690965,40.648412],[-79.691011,40.648511],[-79.691051,40.648578],[-79.691094,40.648649],[-79.69116,40.648812],[-79.691182,40.64893],[-79.691211,40.649054],[-79.691227,40.649099],[-79.69128,40.649249],[-79.691307,40.649327],[-79.691351,40.649438],[-79.691381,40.649551],[-79.691402,40.649673],[-79.691424,40.649776],[-79.691431,40.649861],[-79.69145,40.649975],[-79.691473,40.650079],[-79.691515,40.650259],[-79.691546,40.650359],[-79.691595,40.650544],[-79.691637,40.650672],[-79.691684,40.650854],[-79.691747,40.65096],[-79.691782,40.651012],[-79.69183,40.651099],[-79.69189,40.651196],[-79.691971,40.651487],[-79.691991,40.651568],[-79.692027,40.651642],[-79.692059,40.651738],[-79.692087,40.651838],[-79.692103,40.651906],[-79.692127,40.652016],[-79.692153,40.652095],[-79.692181,40.652187],[-79.692226,40.652298],[-79.692253,40.65235],[-79.692309,40.652454],[-79.692442,40.652679],[-79.692926,40.653341],[-79.693189,40.653669],[-79.69352,40.654124],[-79.693799,40.654496],[-79.693948,40.65473],[-79.694157,40.65512],[-79.694204,40.655197],[-79.69423,40.655269],[-79.694242,40.655358],[-79.694253,40.655395],[-79.694286,40.655442],[-79.694345,40.655515],[-79.694387,40.655609],[-79.694419,40.655688],[-79.694575,40.656049],[-79.694596,40.656144],[-79.694631,40.656242],[-79.694657,40.6563],[-79.694704,40.656395],[-79.69474,40.656483],[-79.694779,40.656582],[-79.694813,40.656672],[-79.694838,40.656722],[-79.694872,40.656799],[-79.694904,40.656858],[-79.694945,40.656933],[-79.694985,40.657018],[-79.694986,40.657022],[-79.695012,40.657088],[-79.695009,40.657131],[-79.695044,40.657169],[-79.695138,40.657312],[-79.695182,40.657414],[-79.695225,40.6575],[-79.695262,40.657582],[-79.695296,40.657698],[-79.695315,40.657752],[-79.695346,40.657827],[-79.695361,40.657912],[-79.695399,40.657976],[-79.695456,40.658081],[-79.695498,40.658158],[-79.695542,40.658243],[-79.69558,40.658328],[-79.695625,40.658439],[-79.695671,40.658554],[-79.695703,40.658623],[-79.695743,40.658748],[-79.69578,40.658835],[-79.695809,40.658938],[-79.695847,40.658973],[-79.695898,40.659037],[-79.695929,40.659116],[-79.695942,40.659187],[-79.695968,40.659284],[-79.695977,40.65935],[-79.696026,40.659455],[-79.696066,40.659527],[-79.696118,40.659616],[-79.696126,40.659679],[-79.696117,40.659733],[-79.696139,40.65977],[-79.6962,40.65982],[-79.696376,40.660212],[-79.696389,40.66026],[-79.696419,40.660313],[-79.696449,40.660371],[-79.696488,40.660477],[-79.696515,40.660553],[-79.696495,40.660661],[-79.696487,40.660716],[-79.696495,40.660766],[-79.696503,40.660811],[-79.696525,40.660855],[-79.696556,40.660926],[-79.696575,40.660979],[-79.696608,40.661046],[-79.696661,40.661106],[-79.696707,40.661169],[-79.696742,40.661226],[-79.696786,40.661299],[-79.696815,40.661353],[-79.696849,40.661441],[-79.696877,40.661492],[-79.696912,40.66158],[-79.696939,40.661665],[-79.696951,40.661746],[-79.696984,40.661824],[-79.697009,40.661938],[-79.697027,40.661998],[-79.697027,40.662106],[-79.697034,40.662184],[-79.697027,40.662286],[-79.697021,40.662359],[-79.697025,40.662429],[-79.69702,40.662498],[-79.697031,40.662608],[-79.697039,40.662677],[-79.697038,40.662761],[-79.697011,40.662836],[-79.697004,40.66291],[-79.696991,40.662981],[-79.696986,40.663073],[-79.696995,40.663176],[-79.696983,40.663259],[-79.696954,40.663325],[-79.696936,40.663395],[-79.696932,40.663462],[-79.696933,40.663714],[-79.697056,40.663863],[-79.697078,40.663895],[-79.697086,40.66393],[-79.697106,40.664006],[-79.697121,40.664093],[-79.697131,40.664187],[-79.697136,40.664234],[-79.697146,40.664356],[-79.697152,40.664433],[-79.697163,40.664568],[-79.697168,40.664623],[-79.69718,40.664722],[-79.697186,40.664808],[-79.697189,40.66492],[-79.697187,40.665016],[-79.69718,40.665094],[-79.697178,40.665209],[-79.697167,40.665266],[-79.697158,40.665352],[-79.697156,40.665398],[-79.697152,40.665514],[-79.697151,40.665602],[-79.697142,40.665721],[-79.697122,40.665841],[-79.697114,40.665934],[-79.697073,40.666054],[-79.697035,40.666188],[-79.696995,40.666281],[-79.696725,40.666709],[-79.6967,40.66674],[-79.696286,40.667256],[-79.69627,40.667267],[-79.696234,40.667289],[-79.696191,40.667325],[-79.696104,40.667373],[-79.696025,40.667445],[-79.695981,40.667491],[-79.695903,40.667554],[-79.69583,40.667599],[-79.695734,40.667631],[-79.695657,40.66768],[-79.695578,40.667712],[-79.695519,40.667741],[-79.69544,40.667768],[-79.695373,40.667808],[-79.695318,40.667866],[-79.695243,40.667925],[-79.695166,40.667988],[-79.695098,40.66803],[-79.695058,40.668065],[-79.694975,40.668103],[-79.694901,40.668169],[-79.694798,40.668273],[-79.694731,40.668327],[-79.694629,40.668389],[-79.694553,40.668441],[-79.694469,40.668518],[-79.694381,40.668583],[-79.694291,40.668672],[-79.694203,40.668758],[-79.694109,40.668816],[-79.693941,40.66895],[-79.69388,40.668993],[-79.693799,40.669039],[-79.693706,40.669103],[-79.693573,40.669201],[-79.693469,40.669266],[-79.693375,40.66933],[-79.693247,40.669423],[-79.693135,40.669485],[-79.693124,40.669492],[-79.693036,40.669554],[-79.692981,40.669631],[-79.692922,40.669648],[-79.692637,40.668794],[-79.692591,40.668187],[-79.694575,40.666299],[-79.694956,40.665754],[-79.695361,40.664987],[-79.695597,40.664201],[-79.695658,40.663449],[-79.695643,40.662809],[-79.695613,40.662217],[-79.695551,40.661656],[-79.695437,40.661081],[-79.695231,40.660329],[-79.694972,40.659658],[-79.69472,40.659112],[-79.694415,40.658635],[-79.693965,40.658155],[-79.693232,40.657243],[-79.692736,40.656297],[-79.692446,40.655851],[-79.691569,40.654569],[-79.690844,40.653337],[-79.690203,40.651979],[-79.689516,40.650331],[-79.68899,40.648713],[-79.688845,40.647561],[-79.688768,40.646219],[-79.688783,40.644395],[-79.688929,40.643274],[-79.689135,40.642698],[-79.689425,40.642057],[-79.689661,40.641481],[-79.690012,40.640684],[-79.691355,40.638345],[-79.693339,40.635561],[-79.693834,40.635004],[-79.694155,40.634634],[-79.696222,40.632539],[-79.696672,40.632154],[-79.697085,40.631513],[-79.698657,40.629625],[-79.699259,40.628873],[-79.69977,40.628393],[-79.700411,40.627992],[-79.702685,40.627019],[-79.704203,40.626203],[-79.705034,40.625753],[-79.705981,40.625162],[-79.707133,40.62438],[-79.708956,40.623083],[-79.711176,40.621675],[-79.713671,40.619474],[-79.71567,40.616674],[-79.717074,40.613375],[-79.72127,40.607973],[-79.733073,40.603174],[-79.741015,40.600725],[-79.748782,40.598635],[-79.754573,40.597075],[-79.757472,40.595976],[-79.763774,40.592974],[-79.770374,40.586375],[-79.770702,40.585028],[-79.771808,40.58042],[-79.772525,40.577445],[-79.774371,40.569773],[-79.772273,40.564174],[-79.771876,40.562976],[-79.77035,40.559882],[-79.769084,40.557307],[-79.768328,40.555774],[-79.765948,40.550921],[-79.765169,40.549377],[-79.762675,40.549975],[-79.762451,40.550071],[-79.762435,40.550033],[-79.762374,40.549899],[-79.762342,40.549758],[-79.762287,40.549636],[-79.762222,40.549495],[-79.762219,40.549483],[-79.762174,40.549356],[-79.762135,40.549216],[-79.7621,40.549053],[-79.762076,40.548929],[-79.762051,40.548767],[-79.762029,40.548648],[-79.761965,40.548489],[-79.76191,40.548341],[-79.761856,40.548197],[-79.76185,40.548179],[-79.761803,40.548043],[-79.761743,40.547896],[-79.761685,40.547764],[-79.761627,40.547623],[-79.761575,40.547492],[-79.76152,40.547336],[-79.761484,40.547192],[-79.761462,40.547062],[-79.761437,40.546977],[-79.761435,40.546881],[-79.761423,40.546747],[-79.761421,40.546586],[-79.76143,40.546444],[-79.76144,40.546312],[-79.761473,40.546139],[-79.761506,40.545984],[-79.761528,40.545839],[-79.761558,40.545712],[-79.761579,40.545576],[-79.76158,40.545565],[-79.761583,40.545412],[-79.761569,40.54527],[-79.761567,40.545139],[-79.761571,40.545027],[-79.761595,40.544887],[-79.761628,40.544769],[-79.761699,40.544619],[-79.761763,40.544485],[-79.761813,40.544361],[-79.761818,40.54435],[-79.761875,40.544223],[-79.761921,40.544085],[-79.761981,40.543941],[-79.762082,40.543772],[-79.762162,40.543635],[-79.762269,40.543496],[-79.762367,40.543376],[-79.762484,40.543213],[-79.762583,40.543061],[-79.762592,40.543046],[-79.762667,40.542922],[-79.762723,40.542786],[-79.762741,40.542723],[-79.762748,40.542707],[-79.762789,40.54262],[-79.762855,40.542493],[-79.762935,40.542356],[-79.763003,40.542231],[-79.763073,40.542101],[-79.763154,40.541963],[-79.763158,40.541951],[-79.763239,40.541831],[-79.763309,40.541748],[-79.763379,40.541684],[-79.763459,40.541605],[-79.763503,40.541545],[-79.763596,40.541408],[-79.763701,40.541269],[-79.76378,40.541162],[-79.763863,40.541037],[-79.76387,40.541024],[-79.763942,40.540897],[-79.764045,40.540759],[-79.76414,40.540631],[-79.764314,40.540453],[-79.764415,40.540353],[-79.764477,40.540293],[-79.764629,40.540165],[-79.764838,40.539999],[-79.764943,40.539908],[-79.764981,40.539874],[-79.765121,40.539729],[-79.765133,40.539715],[-79.765227,40.539594],[-79.765369,40.53945],[-79.765529,40.539321],[-79.765835,40.539071],[-79.766018,40.538936],[-79.766031,40.538924],[-79.766128,40.538886],[-79.766206,40.538824],[-79.766267,40.538764],[-79.766372,40.538667],[-79.76644,40.538609],[-79.766467,40.538586],[-79.766627,40.538479],[-79.766734,40.538401],[-79.766804,40.538355],[-79.76687,40.538308],[-79.766956,40.538242],[-79.767027,40.538185],[-79.767067,40.538156],[-79.767129,40.538106],[-79.767162,40.538079],[-79.767288,40.537969],[-79.767442,40.537832],[-79.767521,40.53777],[-79.767588,40.53773],[-79.767647,40.53768],[-79.767703,40.537639],[-79.76774,40.537601],[-79.767808,40.537546],[-79.767863,40.537507],[-79.767951,40.537443],[-79.768007,40.537398],[-79.76803,40.53737],[-79.768085,40.537316],[-79.768243,40.537202],[-79.768483,40.536999],[-79.768655,40.536902],[-79.768754,40.536816],[-79.76894,40.536656],[-79.769166,40.536462],[-79.769345,40.536336],[-79.76954,40.536195],[-79.769757,40.536035],[-79.769962,40.535909],[-79.770189,40.535791],[-79.770297,40.535722],[-79.770546,40.535556],[-79.770597,40.535528],[-79.770655,40.535502],[-79.770762,40.53546],[-79.770818,40.535429],[-79.770963,40.535321],[-79.771014,40.535285],[-79.771129,40.535218],[-79.77123,40.535165],[-79.771339,40.535123],[-79.771461,40.535071],[-79.771618,40.534998],[-79.771824,40.534909],[-79.772029,40.534811],[-79.77238,40.534635],[-79.772516,40.534576],[-79.772818,40.534435],[-79.773026,40.534318],[-79.773144,40.534261],[-79.773208,40.534236],[-79.773262,40.534211],[-79.77335,40.534157],[-79.773458,40.534098],[-79.773691,40.533988],[-79.773799,40.533943],[-79.774109,40.533826],[-79.774292,40.533766],[-79.774561,40.533669],[-79.774828,40.533592],[-79.77488,40.533579],[-79.774988,40.533559],[-79.775051,40.533556],[-79.775102,40.533557],[-79.775206,40.533567],[-79.775273,40.533577],[-79.775454,40.533617],[-79.775529,40.533629],[-79.775588,40.533634],[-79.775642,40.533635],[-79.775694,40.533632],[-79.775751,40.533625],[-79.775928,40.533587],[-79.776166,40.533546],[-79.776443,40.53349],[-79.776718,40.533424],[-79.776938,40.53338],[-79.776984,40.533363],[-79.777123,40.533284],[-79.777227,40.533237],[-79.777281,40.533218],[-79.777461,40.533201],[-79.777564,40.533185],[-79.777813,40.533138],[-79.778039,40.533106],[-79.778347,40.533068],[-79.778622,40.53303],[-79.778749,40.533022],[-79.778806,40.533021],[-79.779361,40.533022],[-79.779478,40.533029],[-79.779533,40.533036],[-79.77959,40.533046],[-79.779645,40.533057],[-79.779698,40.533072],[-79.779844,40.533116],[-79.779974,40.533146],[-79.780133,40.533169],[-79.780479,40.533196],[-79.780834,40.533197],[-79.781013,40.533202],[-79.781484,40.533225],[-79.781675,40.533228],[-79.781729,40.533235],[-79.781789,40.533238],[-79.781845,40.533236],[-79.781971,40.533238],[-79.782197,40.533261],[-79.782377,40.533268],[-79.782419,40.53329],[-79.782469,40.5333],[-79.782518,40.533285],[-79.782566,40.533266],[-79.782667,40.533253],[-79.782777,40.533247],[-79.783088,40.533246],[-79.783107,40.533247],[-79.783211,40.533251],[-79.783691,40.53326],[-79.783881,40.533258],[-79.784121,40.533249],[-79.784307,40.533249],[-79.784365,40.533251],[-79.784542,40.533263],[-79.784876,40.533266],[-79.78494,40.533274],[-79.785167,40.533319],[-79.785329,40.533345],[-79.785459,40.533369],[-79.785572,40.533387],[-79.785682,40.533401],[-79.785741,40.533412],[-79.785866,40.533442],[-79.785992,40.533469],[-79.786122,40.533492],[-79.786233,40.533515],[-79.786298,40.533525],[-79.786414,40.533526],[-79.786473,40.533524],[-79.786705,40.5335],[-79.78681,40.5335],[-79.786973,40.53353],[-79.787256,40.533563],[-79.787422,40.533595],[-79.787551,40.533615],[-79.787618,40.533621],[-79.787753,40.533626],[-79.787999,40.533631],[-79.788054,40.533638],[-79.788376,40.533691],[-79.788666,40.53372],[-79.788781,40.533742],[-79.788899,40.533777],[-79.788954,40.533788],[-79.789059,40.533798],[-79.789338,40.533839],[-79.789445,40.53385],[-79.789559,40.533866],[-79.789787,40.53389],[-79.78984,40.533899],[-79.789891,40.533913],[-79.789995,40.533945],[-79.790164,40.53398],[-79.790219,40.533987],[-79.790328,40.533992],[-79.790578,40.533994],[-79.790687,40.533999],[-79.790809,40.534011],[-79.791113,40.534025],[-79.791386,40.534054],[-79.791636,40.534074],[-79.79175,40.53409],[-79.791868,40.53411],[-79.791927,40.534123],[-79.792051,40.534141],[-79.792393,40.534205],[-79.792561,40.534254],[-79.792627,40.534269],[-79.792684,40.534286],[-79.792901,40.534357],[-79.79307,40.53442],[-79.793174,40.534442],[-79.793291,40.534454],[-79.793358,40.534454],[-79.793473,40.53445],[-79.793597,40.534436],[-79.793729,40.534434],[-79.793797,40.534436],[-79.793907,40.534446],[-79.794051,40.534466],[-79.794185,40.534495],[-79.794346,40.534509],[-79.794397,40.53452],[-79.7945,40.53455],[-79.794558,40.534559],[-79.79462,40.534566],[-79.794862,40.534569],[-79.794978,40.534575],[-79.795308,40.534607],[-79.795369,40.534611],[-79.795614,40.534611],[-79.795673,40.534619],[-79.795722,40.534629],[-79.795883,40.53467],[-79.795944,40.534682],[-79.796054,40.534701],[-79.796183,40.534718],[-79.796302,40.534741],[-79.796427,40.534756],[-79.796576,40.534765],[-79.796767,40.534782],[-79.796838,40.53479],[-79.796965,40.534814],[-79.797029,40.534824],[-79.797146,40.534832],[-79.79732,40.534856],[-79.79737,40.534866],[-79.797607,40.534937],[-79.797834,40.534989],[-79.798094,40.535063],[-79.798218,40.53509],[-79.798332,40.535122],[-79.798382,40.53513],[-79.798446,40.535131],[-79.798559,40.535141],[-79.798618,40.535149],[-79.798677,40.535162],[-79.798884,40.53523],[-79.798995,40.535273],[-79.799108,40.535306],[-79.79922,40.535345],[-79.799372,40.535405],[-79.799468,40.535434],[-79.799527,40.535454],[-79.799624,40.535497],[-79.799735,40.53553],[-79.799774,40.535542],[-79.799893,40.535582],[-79.799955,40.535598],[-79.800181,40.535636],[-79.800192,40.535639],[-79.801253,40.535763],[-79.801536,40.53577],[-79.80188,40.535838],[-79.80227,40.535876],[-79.802613,40.535862],[-79.80272,40.535877],[-79.802816,40.535879],[-79.803153,40.535912],[-79.80327,40.535906],[-79.805384,40.536123],[-79.805615,40.536064],[-79.805671,40.536064],[-79.805846,40.53605],[-79.806209,40.536043],[-79.806414,40.53605],[-79.806751,40.536048],[-79.806936,40.536019],[-79.807733,40.535979],[-79.80852,40.535986],[-79.808809,40.535966],[-79.809056,40.535931],[-79.810938,40.535914],[-79.811057,40.535892],[-79.811253,40.535879],[-79.811582,40.535873],[-79.811735,40.535856],[-79.811855,40.535853],[-79.812636,40.535796],[-79.813158,40.535803],[-79.813218,40.535813],[-79.813421,40.53586],[-79.81349,40.53589],[-79.813584,40.53591],[-79.813642,40.535915],[-79.813716,40.535865],[-79.813728,40.535815],[-79.81373,40.535769],[-79.813738,40.535769],[-79.813769,40.535771],[-79.813784,40.535811],[-79.813825,40.536002],[-79.813842,40.536014],[-79.813868,40.536033],[-79.813874,40.536037],[-79.814717,40.536035],[-79.814755,40.536042],[-79.816158,40.536032],[-79.816191,40.536035],[-79.816441,40.536027],[-79.817616,40.536029],[-79.817615,40.535993],[-79.816441,40.535988],[-79.816414,40.535987],[-79.81626,40.535987],[-79.816261,40.535982],[-79.816268,40.535918],[-79.816441,40.535929],[-79.816471,40.535931],[-79.81748,40.535938],[-79.817774,40.53589],[-79.817992,40.535884],[-79.818074,40.535904],[-79.818257,40.535892],[-79.81841,40.535875],[-79.818646,40.535865],[-79.819666,40.535779],[-79.819813,40.535773],[-79.820005,40.535725],[-79.820597,40.535605],[-79.820715,40.535581],[-79.8211,40.535502],[-79.821463,40.535456],[-79.821564,40.535434],[-79.821795,40.535383],[-79.821918,40.535357],[-79.822323,40.535293],[-79.822819,40.535193],[-79.822955,40.535175],[-79.823114,40.53514],[-79.824197,40.534972],[-79.82449,40.534908],[-79.824687,40.534892],[-79.825012,40.534798],[-79.826746,40.534501],[-79.827001,40.534432],[-79.827154,40.534384],[-79.827375,40.534338],[-79.828567,40.533956],[-79.828916,40.533885],[-79.831207,40.533205],[-79.831431,40.533124],[-79.831703,40.533042],[-79.832385,40.53283],[-79.832729,40.532704],[-79.833108,40.532568],[-79.83331,40.532496],[-79.83337,40.532464],[-79.833478,40.532406],[-79.833588,40.53236],[-79.833639,40.532339],[-79.833959,40.532202],[-79.834118,40.532137],[-79.834487,40.532006],[-79.8347,40.531923],[-79.834852,40.531848],[-79.834997,40.531779],[-79.83518,40.531696],[-79.835242,40.531657],[-79.83532,40.531614],[-79.835387,40.53158],[-79.835462,40.531545],[-79.835546,40.531505],[-79.835616,40.531475],[-79.835697,40.531438],[-79.835782,40.531404],[-79.835875,40.531366],[-79.83595,40.531339],[-79.836025,40.531309],[-79.836092,40.531284],[-79.836156,40.531258],[-79.836222,40.531228],[-79.836297,40.531189],[-79.836368,40.531153],[-79.83644,40.531123],[-79.836503,40.531092],[-79.836566,40.531066],[-79.836648,40.531028],[-79.836715,40.531],[-79.836786,40.530977],[-79.836879,40.530949],[-79.836956,40.530929],[-79.837035,40.530904],[-79.83711,40.530871],[-79.837179,40.530839],[-79.837263,40.530803],[-79.837357,40.530772],[-79.837426,40.530741],[-79.837498,40.530712],[-79.83757,40.530688],[-79.837635,40.530664],[-79.837712,40.530632],[-79.837724,40.530626],[-79.837812,40.530593],[-79.837907,40.530557],[-79.837982,40.530542],[-79.838061,40.530514],[-79.838126,40.530475],[-79.838185,40.530432],[-79.838249,40.530393],[-79.838323,40.530361],[-79.838395,40.530331],[-79.838472,40.530294],[-79.838539,40.530257],[-79.838617,40.530218],[-79.838699,40.530167],[-79.838765,40.530119],[-79.838835,40.530066],[-79.838893,40.530022],[-79.838973,40.529961],[-79.839049,40.529907],[-79.839124,40.529866],[-79.839202,40.529826],[-79.839266,40.529793],[-79.839361,40.529747],[-79.839449,40.529701],[-79.839532,40.529656],[-79.839597,40.529621],[-79.839663,40.529586],[-79.839731,40.529545],[-79.839792,40.529504],[-79.83987,40.529457],[-79.839957,40.529409],[-79.840044,40.529361],[-79.840109,40.529326],[-79.840177,40.529288],[-79.84024,40.529252],[-79.840301,40.529217],[-79.840371,40.529178],[-79.840441,40.529139],[-79.840509,40.529097],[-79.840576,40.529058],[-79.840641,40.529023],[-79.840706,40.528988],[-79.840767,40.528955],[-79.84085,40.52891],[-79.840912,40.528881],[-79.841007,40.528838],[-79.841084,40.528806],[-79.841148,40.528772],[-79.84121,40.52874],[-79.841295,40.528691],[-79.841355,40.528655],[-79.841422,40.528617],[-79.841491,40.528577],[-79.841552,40.528542],[-79.841635,40.528498],[-79.841715,40.528453],[-79.841799,40.528409],[-79.841889,40.528355],[-79.841978,40.528306],[-79.842063,40.528256],[-79.842143,40.528211],[-79.842208,40.528176],[-79.842297,40.528133],[-79.842378,40.52809],[-79.842441,40.528052],[-79.842523,40.528008],[-79.842585,40.527975],[-79.842659,40.527934],[-79.842736,40.527892],[-79.842826,40.527848],[-79.842913,40.527807],[-79.843001,40.527761],[-79.843087,40.52772],[-79.843168,40.527683],[-79.843233,40.527651],[-79.843313,40.527607],[-79.843378,40.527574],[-79.843443,40.527547],[-79.843511,40.527518],[-79.843574,40.527481],[-79.843649,40.527432],[-79.84372,40.527385],[-79.843779,40.527343],[-79.84384,40.5273],[-79.843896,40.527259],[-79.843953,40.527216],[-79.844012,40.527164],[-79.844064,40.527123],[-79.844127,40.527081],[-79.84418,40.527039],[-79.844232,40.52699],[-79.844291,40.526946],[-79.844311,40.526928],[-79.844364,40.526891],[-79.844425,40.526862],[-79.844475,40.526815],[-79.844534,40.526772],[-79.844591,40.526728],[-79.844646,40.526687],[-79.844697,40.526645],[-79.844756,40.526605],[-79.844803,40.526563],[-79.844804,40.526561],[-79.844809,40.526554],[-79.844841,40.526511],[-79.844844,40.526502],[-79.844854,40.526475],[-79.844861,40.526456],[-79.844866,40.526396],[-79.844888,40.526341],[-79.844939,40.526282],[-79.844994,40.526226],[-79.845049,40.526178],[-79.845099,40.526136],[-79.845143,40.526089],[-79.845199,40.526022],[-79.845253,40.525983],[-79.845318,40.52594],[-79.845368,40.525877],[-79.845411,40.52583],[-79.845449,40.525774],[-79.84551,40.52574],[-79.845605,40.525703],[-79.845673,40.525667],[-79.845735,40.525625],[-79.84577,40.525568],[-79.845799,40.525494],[-79.845842,40.525433],[-79.845896,40.525376],[-79.845948,40.525319],[-79.846016,40.525243],[-79.846074,40.525164],[-79.846118,40.525112],[-79.846169,40.52505],[-79.846215,40.524991],[-79.846268,40.524924],[-79.846318,40.524862],[-79.846362,40.524808],[-79.846406,40.524752],[-79.846453,40.524695],[-79.846503,40.52464],[-79.846547,40.524587],[-79.846604,40.524523],[-79.84665,40.524473],[-79.846694,40.524407],[-79.846733,40.524353],[-79.846775,40.524289],[-79.846808,40.524238],[-79.84686,40.524178],[-79.846909,40.524112],[-79.846947,40.524063],[-79.846986,40.524002],[-79.847024,40.523944],[-79.84706,40.523891],[-79.8471,40.523819],[-79.847146,40.523754],[-79.847193,40.523681],[-79.847229,40.523626],[-79.847267,40.523558],[-79.847309,40.523483],[-79.847346,40.523416],[-79.847374,40.523354],[-79.847399,40.523285],[-79.847437,40.523211],[-79.847468,40.523148],[-79.847501,40.523083],[-79.847529,40.523027],[-79.847566,40.522954],[-79.847591,40.5229],[-79.847624,40.522848],[-79.847655,40.522782],[-79.847684,40.522708],[-79.847714,40.522641],[-79.847742,40.522576],[-79.847771,40.52251],[-79.847802,40.522439],[-79.847827,40.522369],[-79.847851,40.522305],[-79.847876,40.522233],[-79.847905,40.522164],[-79.84794,40.5221],[-79.847981,40.522021],[-79.848008,40.52196],[-79.848038,40.521906],[-79.848069,40.521848],[-79.848095,40.521796],[-79.848128,40.521727],[-79.848168,40.521653],[-79.848209,40.521579],[-79.848238,40.521518],[-79.848269,40.521445],[-79.848305,40.521365],[-79.848344,40.521277],[-79.848376,40.521192],[-79.848398,40.521128],[-79.848424,40.521064],[-79.848454,40.520984],[-79.848484,40.520909],[-79.84849,40.520895],[-79.848524,40.520802],[-79.848557,40.520719],[-79.848582,40.520652],[-79.848611,40.520585],[-79.848638,40.520514],[-79.848656,40.520451],[-79.848674,40.520382],[-79.848697,40.520326],[-79.84873,40.520244],[-79.848755,40.520175],[-79.848771,40.520115],[-79.848793,40.520042],[-79.848812,40.519965],[-79.848823,40.519904],[-79.84883,40.519845],[-79.848836,40.519784],[-79.848844,40.51971],[-79.848852,40.519653],[-79.848864,40.519572],[-79.848879,40.519493],[-79.848897,40.519433],[-79.848914,40.519366],[-79.848918,40.519311],[-79.848918,40.519246],[-79.848917,40.519187],[-79.848916,40.519127],[-79.848912,40.519056],[-79.848908,40.518981],[-79.848909,40.518909],[-79.848914,40.518841],[-79.848915,40.518765],[-79.84892,40.518692],[-79.848922,40.518625],[-79.848925,40.518563],[-79.848928,40.518502],[-79.848932,40.518427],[-79.848936,40.518349],[-79.848939,40.518277],[-79.848943,40.518205],[-79.848945,40.518149],[-79.848945,40.518086],[-79.848947,40.518019],[-79.84895,40.517964],[-79.848953,40.517906],[-79.848954,40.517844],[-79.848965,40.517768],[-79.848976,40.517711],[-79.848992,40.517631],[-79.849011,40.51755],[-79.84902,40.517493],[-79.849024,40.517435],[-79.849027,40.517374],[-79.849031,40.517316],[-79.849034,40.517257],[-79.849049,40.517199],[-79.849114,40.517157],[-79.849137,40.517091],[-79.849133,40.517025],[-79.849127,40.516968],[-79.849128,40.516904],[-79.849128,40.516892],[-79.849119,40.516766],[-79.849118,40.51675],[-79.849115,40.516683],[-79.849112,40.516257],[-79.849081,40.515741],[-79.849057,40.515741],[-79.84903,40.515721],[-79.849031,40.515667],[-79.849029,40.515667],[-79.849029,40.515666],[-79.848991,40.515643],[-79.848987,40.51558],[-79.848978,40.515397],[-79.848963,40.515094],[-79.848925,40.514453],[-79.848791,40.513775],[-79.848735,40.513538],[-79.848588,40.513082],[-79.848521,40.512865],[-79.84839,40.512622],[-79.848304,40.512285],[-79.848192,40.511947],[-79.848074,40.51158],[-79.847955,40.511187],[-79.847888,40.510966],[-79.847656,40.510009],[-79.847676,40.50993],[-79.847477,40.509348],[-79.847436,40.509026],[-79.847406,40.508196],[-79.847434,40.507868],[-79.847522,40.507461],[-79.84752,40.507379],[-79.847518,40.507257],[-79.847402,40.506885],[-79.847231,40.506328],[-79.847044,40.506049],[-79.846968,40.505828],[-79.846926,40.505424],[-79.84698,40.50525],[-79.846986,40.505154],[-79.846582,40.504111],[-79.846559,40.504046],[-79.846485,40.503935],[-79.846432,40.503898],[-79.846433,40.503894],[-79.846484,40.503763],[-79.84648,40.503686],[-79.84657,40.503374],[-79.846536,40.50336],[-79.846655,40.502913],[-79.846681,40.502614],[-79.84671,40.502544],[-79.846752,40.502471],[-79.846775,40.50236],[-79.846758,40.502333],[-79.846744,40.502312],[-79.84672,40.50226],[-79.846793,40.502162],[-79.846823,40.502109],[-79.84682,40.502057],[-79.846934,40.501723],[-79.846969,40.501662],[-79.846992,40.501609],[-79.846999,40.501545],[-79.846986,40.501489],[-79.846975,40.501465],[-79.846959,40.501433],[-79.846963,40.501401],[-79.846995,40.501366],[-79.847012,40.501321],[-79.847022,40.501285],[-79.847055,40.501211],[-79.847082,40.501157],[-79.847113,40.501093],[-79.84714,40.501037],[-79.84716,40.500977],[-79.84717,40.500908],[-79.847174,40.500842],[-79.847187,40.500787],[-79.847209,40.500731],[-79.847226,40.500664],[-79.847249,40.500602],[-79.847269,40.500526],[-79.847277,40.500464],[-79.847277,40.500403],[-79.847277,40.500347],[-79.847279,40.500277],[-79.847282,40.500217],[-79.847307,40.500161],[-79.847341,40.500113],[-79.847389,40.500066],[-79.847405,40.5],[-79.847412,40.499936],[-79.847423,40.499877],[-79.847443,40.499819],[-79.847444,40.499815],[-79.847456,40.499764],[-79.847457,40.499761],[-79.847468,40.499693],[-79.847474,40.499638],[-79.847473,40.499615],[-79.847473,40.499614],[-79.847543,40.499051],[-79.847483,40.499048],[-79.847488,40.499022],[-79.847496,40.498978],[-79.847586,40.498471],[-79.84763,40.498414],[-79.847672,40.498363],[-79.847662,40.498308],[-79.847634,40.498293],[-79.847703,40.4978],[-79.847703,40.497722],[-79.847701,40.497663],[-79.847701,40.497594],[-79.847703,40.497537],[-79.847711,40.497468],[-79.847729,40.497403],[-79.847739,40.49734],[-79.847748,40.497284],[-79.847755,40.497225],[-79.847751,40.497163],[-79.84775,40.497115],[-79.847705,40.497086],[-79.847718,40.496837],[-79.847716,40.496467],[-79.847728,40.496408],[-79.84775,40.496351],[-79.847765,40.496294],[-79.847783,40.496228],[-79.84779,40.496166],[-79.847795,40.49611],[-79.847796,40.496042],[-79.847796,40.495982],[-79.847795,40.495916],[-79.847793,40.49585],[-79.84779,40.495789],[-79.847788,40.495733],[-79.84779,40.495661],[-79.847796,40.495596],[-79.847799,40.495531],[-79.847817,40.495461],[-79.847845,40.495401],[-79.847875,40.495326],[-79.847898,40.495255],[-79.847911,40.495185],[-79.847926,40.49511],[-79.847933,40.495047],[-79.847941,40.494974],[-79.84795,40.494908],[-79.847962,40.49483],[-79.847973,40.494765],[-79.847976,40.494706],[-79.847981,40.494645],[-79.848002,40.494585],[-79.848036,40.494511],[-79.848063,40.494449],[-79.848093,40.494377],[-79.84812,40.494302],[-79.84814,40.494241],[-79.848165,40.494171],[-79.848175,40.494108],[-79.848183,40.494043],[-79.848196,40.493975],[-79.848218,40.493897],[-79.848237,40.493823],[-79.848256,40.493764],[-79.848283,40.493703],[-79.848299,40.493643],[-79.848305,40.493585],[-79.84831,40.493528],[-79.848331,40.493454],[-79.848364,40.49338],[-79.848399,40.493309],[-79.84842,40.49325],[-79.848447,40.493178],[-79.848472,40.493113],[-79.848493,40.493054],[-79.848512,40.492999],[-79.848529,40.492945],[-79.848554,40.492881],[-79.848579,40.492828],[-79.848609,40.492763],[-79.848634,40.49271],[-79.848656,40.49265],[-79.848683,40.492596],[-79.848712,40.492542],[-79.84875,40.492488],[-79.848787,40.492438],[-79.848825,40.492379],[-79.848867,40.492319],[-79.848912,40.49225],[-79.848963,40.492183],[-79.849007,40.492122],[-79.849043,40.492075],[-79.849096,40.492024],[-79.849151,40.491969],[-79.849215,40.491921],[-79.849274,40.491875],[-79.849336,40.49183],[-79.849406,40.491809],[-79.849456,40.491743],[-79.849482,40.491716],[-79.849508,40.491691],[-79.849573,40.491659],[-79.849636,40.491607],[-79.849672,40.491549],[-79.849674,40.491492],[-79.849675,40.491422],[-79.849685,40.491358],[-79.849712,40.491305],[-79.849753,40.491252],[-79.849775,40.491226],[-79.849796,40.491201],[-79.849832,40.49115],[-79.84987,40.491103],[-79.849918,40.491049],[-79.849969,40.490996],[-79.850016,40.490943],[-79.850064,40.490896],[-79.850119,40.490834],[-79.850163,40.490784],[-79.85021,40.490724],[-79.85025,40.49067],[-79.850289,40.490618],[-79.850341,40.490561],[-79.850396,40.490506],[-79.850446,40.490463],[-79.850504,40.490412],[-79.850575,40.490357],[-79.850633,40.49032],[-79.850695,40.490287],[-79.850778,40.490245],[-79.850846,40.490215],[-79.850934,40.490183],[-79.851019,40.490156],[-79.851085,40.490134],[-79.851166,40.49011],[-79.851256,40.490092],[-79.851331,40.490068],[-79.8514,40.490034],[-79.851466,40.489996],[-79.851527,40.489953],[-79.851584,40.489904],[-79.851642,40.489864],[-79.851713,40.489807],[-79.851761,40.489765],[-79.851823,40.489709],[-79.851867,40.489655],[-79.851919,40.4896],[-79.851975,40.489547],[-79.852027,40.489495],[-79.852071,40.489451],[-79.852127,40.489397],[-79.85217,40.489351],[-79.852226,40.489294],[-79.852275,40.489247],[-79.852329,40.489199],[-79.852385,40.489147],[-79.852445,40.489095],[-79.852515,40.489036],[-79.852567,40.488991],[-79.852623,40.488943],[-79.852678,40.4889],[-79.852748,40.488846],[-79.852813,40.488814],[-79.852859,40.488753],[-79.852912,40.488701],[-79.852962,40.488656],[-79.853016,40.488605],[-79.853083,40.488548],[-79.853144,40.488494],[-79.853202,40.488437],[-79.853251,40.488394],[-79.853316,40.488341],[-79.853368,40.488294],[-79.853413,40.488242],[-79.853493,40.488183],[-79.853568,40.488133],[-79.85363,40.488087],[-79.853692,40.488039],[-79.853745,40.487991],[-79.853791,40.487948],[-79.853861,40.487885],[-79.85393,40.487831],[-79.853995,40.487782],[-79.85405,40.48774],[-79.854125,40.487686],[-79.854186,40.487638],[-79.854254,40.487583],[-79.854305,40.487541],[-79.854367,40.487491],[-79.854435,40.487434],[-79.854489,40.48739],[-79.854543,40.487346],[-79.854593,40.4873],[-79.854643,40.487252],[-79.854708,40.487196],[-79.854756,40.487155],[-79.854818,40.487103],[-79.854891,40.487047],[-79.854958,40.486996],[-79.855006,40.486954],[-79.855064,40.486908],[-79.855119,40.486866],[-79.855178,40.486829],[-79.855262,40.486781],[-79.855344,40.486738],[-79.855414,40.486698],[-79.855485,40.486662],[-79.85555,40.48663],[-79.855623,40.4866],[-79.855689,40.486572],[-79.855754,40.486545],[-79.855825,40.486514],[-79.85591,40.486482],[-79.856,40.486453],[-79.856089,40.486432],[-79.856181,40.486405],[-79.856258,40.48639],[-79.856347,40.486376],[-79.856445,40.486367],[-79.856521,40.486367],[-79.856619,40.486368],[-79.856707,40.48637],[-79.856794,40.48638],[-79.856871,40.486392],[-79.856962,40.486404],[-79.857048,40.48642],[-79.857136,40.48643],[-79.85722,40.48644],[-79.8573,40.486434],[-79.857378,40.486411],[-79.857409,40.486397],[-79.85744,40.486349],[-79.857473,40.486295],[-79.857534,40.486269],[-79.85754,40.486267],[-79.857614,40.486261],[-79.857691,40.486282],[-79.857765,40.486301],[-79.857838,40.486308],[-79.857926,40.486307],[-79.857958,40.486253],[-79.857959,40.486183],[-79.85796,40.486126],[-79.85796,40.486055],[-79.857958,40.485997],[-79.857955,40.48594],[-79.857953,40.485872],[-79.857945,40.485776],[-79.857942,40.485684],[-79.857938,40.485628],[-79.857932,40.485573],[-79.857933,40.485506],[-79.857938,40.48544],[-79.857965,40.485386],[-79.857974,40.485375],[-79.858008,40.485332],[-79.858066,40.485287],[-79.858136,40.485258],[-79.858219,40.48523],[-79.8583,40.485204],[-79.858375,40.485186],[-79.858457,40.485166],[-79.858528,40.485153],[-79.858611,40.48514],[-79.858693,40.485128],[-79.858776,40.485116],[-79.858855,40.485103],[-79.858941,40.485083],[-79.859025,40.485062],[-79.859104,40.485043],[-79.859187,40.485021],[-79.85927,40.485002],[-79.859352,40.484985],[-79.85944,40.484976],[-79.85952,40.484973],[-79.859615,40.484966],[-79.859691,40.484954],[-79.85976,40.484939],[-79.859831,40.484926],[-79.85992,40.484914],[-79.860002,40.484907],[-79.860084,40.4849],[-79.860169,40.484891],[-79.860257,40.484884],[-79.860343,40.484874],[-79.860432,40.48486],[-79.860523,40.484848],[-79.860599,40.484839],[-79.86067,40.484831],[-79.860773,40.484829],[-79.860855,40.484826],[-79.860937,40.484822],[-79.861037,40.484814],[-79.861122,40.484807],[-79.8612,40.484801],[-79.861274,40.484794],[-79.861347,40.48479],[-79.861432,40.484782],[-79.861503,40.484774],[-79.861593,40.484765],[-79.861663,40.484759],[-79.861756,40.484745],[-79.86184,40.484731],[-79.861913,40.484715],[-79.861988,40.484696],[-79.862063,40.484675],[-79.86213,40.484652],[-79.862199,40.484623],[-79.862268,40.484593],[-79.862284,40.484582],[-79.862371,40.484523],[-79.862437,40.484487],[-79.862512,40.484458],[-79.862581,40.484428],[-79.862648,40.484405],[-79.862729,40.484385],[-79.862809,40.484368],[-79.862876,40.48434],[-79.862943,40.484318],[-79.863018,40.484293],[-79.863096,40.484269],[-79.863176,40.484247],[-79.863249,40.48423],[-79.863333,40.484207],[-79.863399,40.484187],[-79.863483,40.484166],[-79.863507,40.484161],[-79.86358,40.484138],[-79.863656,40.484115],[-79.863726,40.484093],[-79.863795,40.484074],[-79.863877,40.484055],[-79.863957,40.484042],[-79.864036,40.484033],[-79.864108,40.484023],[-79.864181,40.484015],[-79.864266,40.484004],[-79.864342,40.484],[-79.864417,40.483998],[-79.864497,40.483989],[-79.864577,40.483975],[-79.864654,40.483962],[-79.864725,40.483949],[-79.864802,40.483936],[-79.864875,40.483927],[-79.864946,40.483912],[-79.865024,40.483892],[-79.8651,40.483874],[-79.865174,40.483856],[-79.865238,40.48383],[-79.865317,40.483808],[-79.865398,40.483792],[-79.865473,40.483776],[-79.865543,40.48376],[-79.865612,40.483739],[-79.865691,40.483714],[-79.865765,40.483703],[-79.86584,40.483702],[-79.86592,40.483698],[-79.865992,40.483682],[-79.866071,40.483663],[-79.866144,40.483644],[-79.866219,40.483625],[-79.866289,40.48361],[-79.866368,40.483589],[-79.866442,40.483565],[-79.866608,40.48351],[-79.866844,40.483464],[-79.867137,40.483407],[-79.867505,40.483352],[-79.867808,40.483293],[-79.868113,40.483233],[-79.868564,40.483181],[-79.868995,40.483116],[-79.869406,40.48307],[-79.86962,40.483029],[-79.869818,40.48299],[-79.870093,40.482919],[-79.870302,40.482894],[-79.870586,40.482824],[-79.870801,40.482767],[-79.871163,40.482677],[-79.871501,40.482582],[-79.871793,40.482501],[-79.87245,40.482356],[-79.872966,40.482252],[-79.873395,40.482151],[-79.873732,40.482087],[-79.874045,40.482078],[-79.874366,40.482085],[-79.874751,40.482082],[-79.875041,40.482072],[-79.875369,40.48205],[-79.87586,40.482036],[-79.876029,40.482021],[-79.876234,40.482003],[-79.876458,40.481989],[-79.876649,40.481977],[-79.876751,40.481978],[-79.876806,40.481987],[-79.876813,40.48202],[-79.876816,40.482021],[-79.87688,40.482054],[-79.877004,40.482044],[-79.877058,40.482021],[-79.877187,40.481967],[-79.877422,40.481913],[-79.877712,40.481867],[-79.878068,40.481858],[-79.878641,40.481867],[-79.878904,40.481885],[-79.879663,40.481892],[-79.88005,40.481916],[-79.88064,40.481974],[-79.880911,40.481987],[-79.881223,40.482002],[-79.881418,40.482021],[-79.881681,40.482046],[-79.882327,40.482057],[-79.882722,40.482101],[-79.883058,40.482116],[-79.883109,40.482122],[-79.883364,40.482149],[-79.883482,40.482181],[-79.883567,40.482232],[-79.883662,40.482273],[-79.88373,40.482324],[-79.883841,40.482387],[-79.883914,40.482415],[-79.884005,40.482429],[-79.884055,40.48242],[-79.884115,40.482386],[-79.88425,40.482348],[-79.884325,40.482306],[-79.884471,40.482264],[-79.884674,40.482238],[-79.884869,40.48223],[-79.885048,40.482237],[-79.885215,40.482267],[-79.885414,40.482336],[-79.885723,40.482399],[-79.885919,40.482412],[-79.886115,40.482377],[-79.886295,40.482367],[-79.886518,40.482376],[-79.886761,40.482385],[-79.88713,40.482414],[-79.887412,40.482444],[-79.887721,40.48244],[-79.888042,40.482443],[-79.888342,40.48246],[-79.888467,40.48248],[-79.889083,40.482519],[-79.88963,40.482602],[-79.890026,40.482624],[-79.890363,40.482693],[-79.890849,40.482744],[-79.891209,40.482788],[-79.891662,40.482838],[-79.892064,40.482889],[-79.892327,40.48293],[-79.892817,40.482995],[-79.893383,40.483053],[-79.894017,40.483131],[-79.894707,40.483206],[-79.89503,40.48324],[-79.895618,40.483422],[-79.895786,40.483475],[-79.896012,40.483556],[-79.896185,40.483666],[-79.896191,40.483669],[-79.896381,40.483741],[-79.896542,40.483767],[-79.896683,40.483751],[-79.896871,40.483718],[-79.897058,40.483743],[-79.897311,40.483795],[-79.897604,40.483834],[-79.897848,40.48387],[-79.89808,40.483895],[-79.898374,40.483897],[-79.898562,40.483935],[-79.898979,40.483995],[-79.899231,40.483987],[-79.899506,40.484002],[-79.899776,40.484036],[-79.899956,40.484093],[-79.899974,40.484095],[-79.90001,40.484099],[-79.900027,40.4841],[-79.900063,40.484104],[-79.900081,40.484105],[-79.900134,40.484111],[-79.900213,40.484118],[-79.9004,40.484139],[-79.900585,40.484166],[-79.900769,40.484199],[-79.900855,40.484215],[-79.900952,40.484233],[-79.90115,40.484272],[-79.901348,40.48431],[-79.901363,40.484312],[-79.901416,40.484321],[-79.901434,40.484324],[-79.901469,40.48433],[-79.901486,40.484333],[-79.901522,40.484338],[-79.901539,40.484341],[-79.901592,40.48435],[-79.901738,40.484373],[-79.901902,40.484399],[-79.902066,40.484424],[-79.902138,40.484433],[-79.902344,40.484481],[-79.902387,40.484529],[-79.90247,40.484572],[-79.902595,40.484624],[-79.902732,40.484688],[-79.902849,40.484699],[-79.902872,40.48472],[-79.902908,40.484751],[-79.90291,40.484752],[-79.90292,40.484761],[-79.902944,40.484781],[-79.902956,40.484791],[-79.902981,40.484811],[-79.902993,40.484821],[-79.903036,40.484846],[-79.903125,40.484896],[-79.903226,40.484925],[-79.903315,40.484982],[-79.903475,40.485019],[-79.903599,40.485044],[-79.903714,40.485049],[-79.903732,40.485048],[-79.903835,40.485068],[-79.903837,40.485069],[-79.903886,40.485091],[-79.903922,40.485101],[-79.904016,40.485113],[-79.90411,40.485126],[-79.904219,40.485143],[-79.904327,40.48516],[-79.904441,40.485178],[-79.904556,40.485194],[-79.904668,40.485205],[-79.904781,40.485212],[-79.904926,40.485222],[-79.905068,40.48523],[-79.905122,40.485231],[-79.90514,40.485231],[-79.905176,40.485231],[-79.905194,40.485232],[-79.90523,40.485232],[-79.905248,40.485231],[-79.905302,40.485231],[-79.905352,40.48523],[-79.905459,40.485229],[-79.905564,40.485226],[-79.905596,40.485222],[-79.905628,40.485216],[-79.90569,40.485201],[-79.905732,40.485198],[-79.90578,40.485199],[-79.905828,40.485203],[-79.905877,40.485207],[-79.905926,40.485211],[-79.90604,40.485235],[-79.906085,40.485235],[-79.90613,40.485235],[-79.906223,40.485235],[-79.906315,40.485235],[-79.906427,40.485233],[-79.906538,40.48523],[-79.906663,40.485228],[-79.906669,40.485227],[-79.906723,40.485226],[-79.906741,40.485226],[-79.906787,40.485225],[-79.906795,40.485225],[-79.906902,40.485223],[-79.906928,40.485223],[-79.907069,40.485229],[-79.907241,40.485254],[-79.907411,40.485284],[-79.907594,40.485306],[-79.907776,40.48533],[-79.907817,40.485339],[-79.907876,40.485356],[-79.907934,40.485376],[-79.90798,40.48539],[-79.908043,40.485415],[-79.908103,40.485446],[-79.908111,40.48545],[-79.908151,40.485477],[-79.908158,40.485481],[-79.908165,40.485486],[-79.90819,40.485506],[-79.908202,40.485516],[-79.908226,40.485537],[-79.908237,40.485547],[-79.908265,40.485582],[-79.908267,40.485586],[-79.908272,40.485595],[-79.908272,40.485602],[-79.908271,40.485614],[-79.908267,40.485625],[-79.90827,40.485624],[-79.911282,40.486462],[-79.911297,40.48645],[-79.911314,40.486434],[-79.911323,40.486422],[-79.911327,40.486416],[-79.911328,40.486414],[-79.91133,40.486408],[-79.911332,40.486401],[-79.911333,40.486393],[-79.911334,40.486386],[-79.911336,40.486375],[-79.911337,40.486372],[-79.91134,40.486367],[-79.911343,40.486365],[-79.911349,40.486361],[-79.911356,40.48636],[-79.91136,40.486359],[-79.911366,40.486359],[-79.911374,40.48636],[-79.911407,40.486364],[-79.911439,40.48637],[-79.911454,40.486374],[-79.911469,40.486378],[-79.91154,40.486403],[-79.911612,40.486426],[-79.911739,40.486452],[-79.911867,40.486478],[-79.911948,40.4865],[-79.912029,40.486523],[-79.91205,40.486529],[-79.912072,40.486535],[-79.91219,40.486576],[-79.912195,40.486577],[-79.912243,40.486595],[-79.91226,40.486601],[-79.912292,40.486613],[-79.912307,40.486618],[-79.912308,40.486618],[-79.912342,40.486628],[-79.912359,40.486633],[-79.912409,40.486648],[-79.912496,40.486671],[-79.912519,40.486675],[-79.912542,40.486679],[-79.91266,40.486711],[-79.912778,40.486744],[-79.912834,40.486762],[-79.91289,40.486779],[-79.912946,40.486794],[-79.913002,40.486807],[-79.9132,40.486878],[-79.913215,40.48688],[-79.91323,40.486882],[-79.913244,40.486885],[-79.913259,40.486887],[-79.913274,40.486889],[-79.913288,40.486892],[-79.913303,40.486895],[-79.913318,40.486897],[-79.913332,40.4869],[-79.913346,40.486903],[-79.913378,40.486911],[-79.913409,40.486918],[-79.91344,40.486925],[-79.913471,40.486933],[-79.913502,40.486941],[-79.913532,40.486949],[-79.913563,40.486957],[-79.913594,40.486965],[-79.913625,40.486972],[-79.913656,40.48698],[-79.913665,40.486982],[-79.913675,40.486984],[-79.913684,40.486986],[-79.913693,40.486988],[-79.913703,40.486989],[-79.913712,40.486991],[-79.913722,40.486993],[-79.913731,40.486995],[-79.91374,40.486997],[-79.91375,40.486999],[-79.913754,40.487],[-79.913758,40.487002],[-79.913761,40.487003],[-79.913765,40.487005],[-79.913768,40.487006],[-79.913772,40.487008],[-79.913776,40.48701],[-79.913779,40.487012],[-79.913782,40.487014],[-79.913786,40.487016],[-79.913789,40.487018],[-79.913792,40.487019],[-79.913795,40.487021],[-79.913798,40.487023],[-79.9138,40.487025],[-79.913803,40.487028],[-79.913806,40.48703],[-79.913808,40.487032],[-79.91381,40.487035],[-79.913812,40.487037],[-79.913814,40.487041],[-79.913816,40.487044],[-79.913818,40.487048],[-79.91382,40.487052],[-79.913822,40.487056],[-79.913824,40.48706],[-79.913825,40.487064],[-79.913827,40.487068],[-79.913829,40.487071],[-79.913831,40.487075],[-79.913833,40.487078],[-79.913834,40.48708],[-79.913836,40.487083],[-79.913838,40.487085],[-79.91384,40.487088],[-79.913842,40.48709],[-79.913844,40.487093],[-79.913846,40.487095],[-79.913847,40.487098],[-79.913849,40.4871],[-79.91385,40.487104],[-79.913851,40.487109],[-79.913851,40.487113],[-79.913851,40.487117],[-79.913851,40.487121],[-79.91385,40.487126],[-79.913849,40.48713],[-79.913848,40.487134],[-79.913846,40.487139],[-79.913845,40.487143],[-79.913844,40.487145],[-79.913843,40.487148],[-79.913842,40.48715],[-79.913841,40.487153],[-79.91384,40.487155],[-79.91384,40.487158],[-79.913839,40.487159],[-79.916443,40.487885],[-79.91648,40.48787],[-79.916501,40.487832],[-79.916512,40.487824],[-79.916552,40.487828],[-79.916622,40.487852],[-79.916755,40.48789],[-79.916871,40.487929],[-79.916978,40.487966],[-79.917083,40.48799],[-79.917259,40.488033],[-79.917365,40.488059],[-79.917517,40.488098],[-79.917601,40.488119],[-79.917731,40.488145],[-79.917875,40.488172],[-79.91803,40.488201],[-79.918118,40.488232],[-79.918165,40.488251],[-79.918242,40.488245],[-79.918279,40.488216],[-79.918303,40.488176],[-79.918321,40.488145],[-79.918322,40.488145],[-79.91836,40.488132],[-79.918418,40.488148],[-79.918434,40.488162],[-79.918457,40.488184],[-79.918506,40.488221],[-79.918565,40.488255],[-79.918614,40.488295],[-79.918663,40.488344],[-79.918736,40.48839],[-79.918834,40.488417],[-79.918969,40.488449],[-79.919121,40.488477],[-79.91928,40.488504],[-79.91941,40.488534],[-79.919565,40.488576],[-79.919739,40.488625],[-79.919935,40.488678],[-79.920061,40.48871],[-79.920207,40.488747],[-79.920346,40.488768],[-79.92045,40.488776],[-79.920554,40.488797],[-79.920653,40.48882],[-79.920757,40.488844],[-79.92084,40.488866],[-79.920934,40.488876],[-79.921016,40.488885],[-79.921126,40.488924],[-79.921229,40.48895],[-79.921331,40.488963],[-79.921447,40.488972],[-79.921553,40.488988],[-79.921646,40.489005],[-79.921775,40.489021],[-79.921864,40.489036],[-79.921986,40.489062],[-79.922087,40.489097],[-79.922253,40.489145],[-79.922415,40.489191],[-79.922602,40.489234],[-79.922777,40.489271],[-79.922966,40.489306],[-79.9231,40.48933],[-79.923204,40.489345],[-79.923373,40.489378],[-79.923509,40.489412],[-79.923753,40.489473],[-79.923974,40.489525],[-79.924159,40.489559],[-79.924305,40.489593],[-79.924526,40.489627],[-79.924707,40.489666],[-79.924958,40.489713],[-79.925108,40.489741],[-79.925266,40.489774],[-79.925362,40.489792],[-79.925477,40.489815],[-79.925631,40.489859],[-79.925738,40.489891],[-79.925846,40.489917],[-79.925982,40.489948],[-79.926134,40.489977],[-79.92626,40.490006],[-79.926428,40.490046],[-79.926537,40.490063],[-79.926729,40.490094],[-79.926871,40.490112],[-79.927013,40.490129],[-79.927211,40.490153],[-79.927348,40.490169],[-79.927524,40.490185],[-79.927709,40.490204],[-79.927864,40.49022],[-79.928034,40.490236],[-79.928178,40.490253],[-79.928334,40.490266],[-79.928487,40.490272],[-79.928615,40.490276],[-79.928808,40.49029],[-79.928947,40.490296],[-79.929112,40.490305],[-79.929195,40.490308],[-79.929301,40.490319],[-79.929389,40.490318],[-79.929496,40.490314],[-79.929638,40.490317],[-79.929745,40.490319],[-79.929846,40.490329],[-79.929968,40.490337],[-79.930082,40.490348],[-79.930189,40.490353],[-79.930299,40.490353],[-79.930407,40.490349],[-79.930523,40.490346],[-79.93063,40.490349],[-79.930756,40.490357],[-79.93092,40.490371],[-79.930993,40.490376],[-79.931143,40.490379],[-79.931276,40.490377],[-79.931469,40.490382],[-79.931589,40.490379],[-79.931773,40.490392],[-79.931913,40.490411],[-79.932036,40.490428],[-79.932193,40.490439],[-79.932309,40.490447],[-79.932424,40.490452],[-79.93252,40.490447],[-79.932587,40.490449],[-79.932654,40.49047],[-79.932728,40.490487],[-79.932826,40.490505],[-79.93292,40.490512],[-79.93303,40.490516],[-79.933096,40.490513],[-79.933111,40.490509],[-79.933194,40.490489],[-79.933286,40.49047],[-79.933338,40.490456],[-79.93336,40.490452],[-79.933392,40.490465],[-79.933423,40.490462],[-79.93351,40.490453],[-79.933731,40.490422],[-79.933922,40.490398],[-79.934002,40.490376],[-79.93405,40.490356],[-79.934168,40.490334],[-79.934279,40.490319],[-79.934436,40.490308],[-79.934546,40.490304],[-79.934674,40.4903],[-79.934805,40.490298],[-79.934919,40.490313],[-79.935033,40.490343],[-79.935133,40.490376],[-79.93553,40.490283],[-79.935613,40.490232],[-79.93568,40.49022],[-79.935747,40.49022],[-79.935772,40.490251],[-79.935864,40.490278],[-79.93596,40.490258],[-79.936141,40.490206],[-79.936396,40.490155],[-79.936679,40.490119],[-79.936827,40.4901],[-79.936951,40.490095],[-79.937122,40.490095],[-79.937396,40.490049],[-79.937569,40.490027],[-79.937591,40.490024],[-79.937766,40.49],[-79.937789,40.489997],[-79.937901,40.489983],[-79.938069,40.489946],[-79.938271,40.489896],[-79.938363,40.48987],[-79.938444,40.489829],[-79.938536,40.489797],[-79.938741,40.489729],[-79.939131,40.489624],[-79.939439,40.489533],[-79.939479,40.48952],[-79.939573,40.489511],[-79.939673,40.489519],[-79.939791,40.489515],[-79.939832,40.489504],[-79.939879,40.489468],[-79.939938,40.489433],[-79.93997,40.489419],[-79.940008,40.489423],[-79.940048,40.489412],[-79.94008,40.489394],[-79.940129,40.489371],[-79.940247,40.489335],[-79.940416,40.489265],[-79.94064,40.489196],[-79.941175,40.489048],[-79.941649,40.488937],[-79.942062,40.48882],[-79.942549,40.488716],[-79.943016,40.488601],[-79.943216,40.488555],[-79.943271,40.488542],[-79.94336,40.488519],[-79.943521,40.488447],[-79.943583,40.488402],[-79.943692,40.48835],[-79.943909,40.48825],[-79.944152,40.48817],[-79.944426,40.488108],[-79.944511,40.488084],[-79.944635,40.488048],[-79.94465,40.488043],[-79.944778,40.488006],[-79.945053,40.48795],[-79.945342,40.487894],[-79.945673,40.487831],[-79.945971,40.487756],[-79.946236,40.48769],[-79.946476,40.487619],[-79.946675,40.487568],[-79.946883,40.487517],[-79.946991,40.487488],[-79.947138,40.487468],[-79.947289,40.487453],[-79.947442,40.487423],[-79.947577,40.487361],[-79.947756,40.487285],[-79.948039,40.487192],[-79.948281,40.487124],[-79.948343,40.487084],[-79.948363,40.487032],[-79.948369,40.487002],[-79.948398,40.486993],[-79.948457,40.487006],[-79.948495,40.487007],[-79.948558,40.486971],[-79.948753,40.48687],[-79.94885,40.486824],[-79.948969,40.486801],[-79.949196,40.486716],[-79.949424,40.486671],[-79.949594,40.486611],[-79.949704,40.486571],[-79.949778,40.486552],[-79.94997,40.486502],[-79.95026,40.486449],[-79.950442,40.486403],[-79.950726,40.486282],[-79.951034,40.486189],[-79.951316,40.486062],[-79.951548,40.485948],[-79.951885,40.485816],[-79.952113,40.485685],[-79.952273,40.485586],[-79.952354,40.485536],[-79.952427,40.485546],[-79.952505,40.485557],[-79.952613,40.485558],[-79.952719,40.485526],[-79.952882,40.485443],[-79.95315,40.485316],[-79.953449,40.485179],[-79.953675,40.485065],[-79.953769,40.485004],[-79.953866,40.484971],[-79.953992,40.484939],[-79.954132,40.484881],[-79.954281,40.484804],[-79.954441,40.484714],[-79.954719,40.484557],[-79.955173,40.484259],[-79.955413,40.484102],[-79.955536,40.484018],[-79.955647,40.483925],[-79.955672,40.483873],[-79.955711,40.48385],[-79.955768,40.483845],[-79.955865,40.483816],[-79.956103,40.483724],[-79.956365,40.483566],[-79.956681,40.483381],[-79.956863,40.483261],[-79.957183,40.483116],[-79.957376,40.483026],[-79.957619,40.482942],[-79.957822,40.482835],[-79.957976,40.482756],[-79.958149,40.482653],[-79.958281,40.482571],[-79.958456,40.482511],[-79.958598,40.482424],[-79.958743,40.48233],[-79.958884,40.482209],[-79.959031,40.482063],[-79.959087,40.482022],[-79.959196,40.48194],[-79.959339,40.481864],[-79.959429,40.481805],[-79.959523,40.481725],[-79.959616,40.481585],[-79.959737,40.481408],[-79.959846,40.481282],[-79.959882,40.48125],[-79.960078,40.481077],[-79.960082,40.481079],[-79.960143,40.481106],[-79.960172,40.48112],[-79.960494,40.480838],[-79.9605,40.480833],[-79.960444,40.480788],[-79.960555,40.480741],[-79.960692,40.480635],[-79.960842,40.480569],[-79.961188,40.480295],[-79.961577,40.479929],[-79.961873,40.479706],[-79.962238,40.479246],[-79.962446,40.478947],[-79.962636,40.478676],[-79.962808,40.478417],[-79.96294,40.478121],[-79.963086,40.477812],[-79.963374,40.477366],[-79.963611,40.477043],[-79.963831,40.476741],[-79.963985,40.476553],[-79.964041,40.476431],[-79.964195,40.476172],[-79.964368,40.475931],[-79.964455,40.475777],[-79.96455,40.475722],[-79.964653,40.475666],[-79.964757,40.475625],[-79.964814,40.475578],[-79.964841,40.475497],[-79.964874,40.475386],[-79.964923,40.47528],[-79.965171,40.47491],[-79.965358,40.474616],[-79.96541,40.474565],[-79.965473,40.474519],[-79.965571,40.474454],[-79.965637,40.474398],[-79.965668,40.474341],[-79.965654,40.474274],[-79.965618,40.474198],[-79.965578,40.474116],[-79.965572,40.474043],[-79.965609,40.473965],[-79.965667,40.473908],[-79.965768,40.473823],[-79.965829,40.473747],[-79.965888,40.473661],[-79.96594,40.473594],[-79.966008,40.473506],[-79.966075,40.473423],[-79.966141,40.473334],[-79.96619,40.473257],[-79.966224,40.473166],[-79.966251,40.473071],[-79.966278,40.47298],[-79.96633,40.472915],[-79.966361,40.472888],[-79.966405,40.47283],[-79.966445,40.472787],[-79.966448,40.47278],[-79.96645,40.472773],[-79.966453,40.472766],[-79.966455,40.472759],[-79.966458,40.472752],[-79.966465,40.472733],[-79.966472,40.472715],[-79.96648,40.472696],[-79.966487,40.472678],[-79.966495,40.472659],[-79.966504,40.472641],[-79.966513,40.472623],[-79.966523,40.472605],[-79.966533,40.472587],[-79.966544,40.47257],[-79.966546,40.472567],[-79.966549,40.472563],[-79.966551,40.47256],[-79.966553,40.472556],[-79.966556,40.472553],[-79.966559,40.47255],[-79.966561,40.472547],[-79.966564,40.472543],[-79.966567,40.47254],[-79.966569,40.472537],[-79.966579,40.472525],[-79.96659,40.472513],[-79.9666,40.472501],[-79.96661,40.472489],[-79.966621,40.472478],[-79.966631,40.472466],[-79.966641,40.472454],[-79.966651,40.472442],[-79.966662,40.47243],[-79.966672,40.472418],[-79.966678,40.472409],[-79.966685,40.4724],[-79.966692,40.472391],[-79.966698,40.472382],[-79.966704,40.472373],[-79.966711,40.472364],[-79.966717,40.472355],[-79.966724,40.472345],[-79.96673,40.472337],[-79.966738,40.472328],[-79.96674,40.472325],[-79.966742,40.472322],[-79.966744,40.47232],[-79.966747,40.472317],[-79.966749,40.472315],[-79.966752,40.472312],[-79.966754,40.472309],[-79.966756,40.472307],[-79.966759,40.472304],[-79.966761,40.472302],[-79.966763,40.472299],[-79.966765,40.472296],[-79.966767,40.472294],[-79.96677,40.472291],[-79.966771,40.472288],[-79.966774,40.472286],[-79.966776,40.472283],[-79.966778,40.47228],[-79.96678,40.472278],[-79.966782,40.472275],[-79.966788,40.47227],[-79.966794,40.472264],[-79.9668,40.472259],[-79.966807,40.472254],[-79.966814,40.472249],[-79.966821,40.472244],[-79.966827,40.472239],[-79.966834,40.472234],[-79.96684,40.472229],[-79.966846,40.472223],[-79.966849,40.47222],[-79.966852,40.472216],[-79.966855,40.472213],[-79.966858,40.47221],[-79.966861,40.472206],[-79.966864,40.472203],[-79.966868,40.4722],[-79.966871,40.472196],[-79.966874,40.472193],[-79.966877,40.47219],[-79.966879,40.472188],[-79.966881,40.472186],[-79.966883,40.472183],[-79.966885,40.472181],[-79.966887,40.472179],[-79.966889,40.472177],[-79.966891,40.472175],[-79.966893,40.472173],[-79.966895,40.472171],[-79.966897,40.472169],[-79.966902,40.472163],[-79.966906,40.472158],[-79.96691,40.472152],[-79.966914,40.472147],[-79.966918,40.472141],[-79.966921,40.472135],[-79.966925,40.472129],[-79.966929,40.472123],[-79.966932,40.472118],[-79.966936,40.472112],[-79.966943,40.472104],[-79.966949,40.472096],[-79.966955,40.472087],[-79.966962,40.472079],[-79.966969,40.472071],[-79.966975,40.472063],[-79.966982,40.472055],[-79.966988,40.472047],[-79.966994,40.472039],[-79.967,40.47203],[-79.967003,40.472026],[-79.967006,40.472021],[-79.967009,40.472016],[-79.967011,40.472012],[-79.967014,40.472007],[-79.967017,40.472002],[-79.967019,40.471997],[-79.967022,40.471992],[-79.967025,40.471988],[-79.967028,40.471983],[-79.967029,40.47198],[-79.967031,40.471977],[-79.967032,40.471975],[-79.967034,40.471972],[-79.967035,40.471969],[-79.967037,40.471967],[-79.967039,40.471964],[-79.967041,40.471962],[-79.967043,40.471959],[-79.967045,40.471957],[-79.967108,40.471907],[-79.967132,40.471887],[-79.967177,40.471844],[-79.967195,40.471824],[-79.967212,40.471804],[-79.967224,40.471788],[-79.967236,40.471773],[-79.967245,40.471759],[-79.967253,40.471744],[-79.96726,40.47173],[-79.967266,40.471715],[-79.967286,40.471648],[-79.967309,40.471581],[-79.967318,40.471567],[-79.967329,40.471554],[-79.967355,40.471524],[-79.967381,40.471495],[-79.967411,40.471451],[-79.967415,40.471445],[-79.967516,40.4713],[-79.967519,40.471296],[-79.967535,40.471267],[-79.967552,40.47122],[-79.967561,40.471197],[-79.967574,40.471175],[-79.967597,40.471151],[-79.967637,40.471118],[-79.967673,40.471083],[-79.967722,40.471023],[-79.967768,40.47096],[-79.967782,40.470939],[-79.967796,40.470917],[-79.967814,40.470896],[-79.967833,40.470876],[-79.967852,40.470861],[-79.96787,40.470846],[-79.967883,40.470832],[-79.967895,40.470818],[-79.967917,40.470789],[-79.967938,40.47076],[-79.967952,40.470745],[-79.967967,40.470731],[-79.967982,40.470715],[-79.967996,40.470698],[-79.968,40.470691],[-79.968009,40.470671],[-79.968018,40.470657],[-79.968026,40.470644],[-79.968032,40.47063],[-79.968037,40.470615],[-79.968043,40.4706],[-79.968048,40.470593],[-79.968053,40.470587],[-79.968062,40.470579],[-79.968091,40.47056],[-79.968096,40.470557],[-79.968204,40.47042],[-79.968235,40.470382],[-79.968277,40.470319],[-79.968281,40.470312],[-79.968288,40.470291],[-79.968295,40.470277],[-79.968299,40.47027],[-79.968304,40.470264],[-79.968308,40.470261],[-79.968317,40.470256],[-79.968331,40.47025],[-79.968338,40.470247],[-79.968344,40.470243],[-79.968372,40.470217],[-79.968396,40.470189],[-79.968405,40.470175],[-79.968415,40.470162],[-79.96843,40.470146],[-79.968457,40.470125],[-79.968469,40.470114],[-79.96848,40.470102],[-79.96849,40.470089],[-79.968499,40.470075],[-79.968506,40.470062],[-79.968507,40.470061],[-79.968515,40.470047],[-79.968533,40.470016],[-79.96855,40.469984],[-79.968563,40.469969],[-79.968587,40.469949],[-79.9686,40.469939],[-79.96861,40.469928],[-79.968614,40.469921],[-79.968619,40.46991],[-79.968622,40.469905],[-79.968626,40.4699],[-79.968638,40.469887],[-79.968651,40.469874],[-79.968661,40.46986],[-79.968666,40.469853],[-79.968671,40.469847],[-79.968681,40.469839],[-79.968699,40.469831],[-79.968707,40.469826],[-79.968715,40.469821],[-79.968729,40.469808],[-79.968748,40.469787],[-79.968758,40.469777],[-79.968769,40.469768],[-79.968791,40.469755],[-79.968814,40.469743],[-79.968834,40.469733],[-79.968846,40.469728],[-79.968962,40.469597],[-79.96897,40.469582],[-79.968985,40.469553],[-79.969004,40.469526],[-79.969022,40.469499],[-79.96903,40.469485],[-79.969033,40.469477],[-79.969038,40.46947],[-79.969045,40.469462],[-79.969059,40.469452],[-79.969072,40.469441],[-79.96912,40.469384],[-79.969169,40.469327],[-79.969184,40.469313],[-79.969192,40.469306],[-79.969199,40.469299],[-79.96922,40.469272],[-79.969239,40.469245],[-79.96925,40.469228],[-79.969266,40.469203],[-79.969294,40.469161],[-79.969298,40.469158],[-79.969335,40.469138],[-79.96935,40.469122],[-79.969364,40.469105],[-79.969372,40.469089],[-79.969381,40.469073],[-79.969442,40.468998],[-79.969502,40.468923],[-79.96951,40.468909],[-79.969516,40.468895],[-79.969529,40.468858],[-79.969626,40.468718],[-79.96963,40.468714],[-79.969639,40.468699],[-79.969648,40.468674],[-79.969653,40.468662],[-79.969661,40.468651],[-79.969675,40.468636],[-79.969689,40.46862],[-79.969711,40.468591],[-79.969732,40.468562],[-79.969747,40.468546],[-79.969762,40.468531],[-79.969779,40.468503],[-79.969796,40.468474],[-79.969806,40.46846],[-79.969817,40.468446],[-79.969832,40.468432],[-79.969846,40.468418],[-79.969871,40.468389],[-79.969893,40.468359],[-79.969903,40.468345],[-79.969904,40.468344],[-79.969912,40.468332],[-79.96992,40.468316],[-79.96993,40.468301],[-79.969958,40.46826],[-79.969987,40.46822],[-79.970017,40.468174],[-79.970047,40.468129],[-79.970057,40.468115],[-79.970068,40.468102],[-79.970076,40.468095],[-79.970102,40.468075],[-79.970118,40.468059],[-79.970133,40.468042],[-79.970144,40.468027],[-79.970155,40.468011],[-79.970187,40.467971],[-79.970294,40.467833],[-79.970308,40.46781],[-79.970319,40.467796],[-79.970332,40.467782],[-79.97034,40.467775],[-79.970354,40.467766],[-79.970361,40.467761],[-79.970366,40.467756],[-79.970387,40.467727],[-79.970404,40.467696],[-79.970417,40.467669],[-79.97043,40.467642],[-79.970441,40.467612],[-79.970453,40.467583],[-79.970457,40.467576],[-79.970459,40.467574],[-79.970462,40.467571],[-79.970474,40.467557],[-79.970489,40.467542],[-79.970503,40.467528],[-79.970508,40.467521],[-79.970518,40.467499],[-79.970523,40.467492],[-79.970534,40.467482],[-79.970542,40.467472],[-79.970543,40.46747],[-79.970544,40.467466],[-79.970544,40.46746],[-79.970545,40.467457],[-79.970546,40.467454],[-79.970547,40.467453],[-79.970594,40.467402],[-79.970639,40.46735],[-79.97071,40.467263],[-79.97078,40.467176],[-79.970857,40.467086],[-79.970888,40.467049],[-79.971017,40.466901],[-79.971085,40.466822],[-79.971164,40.466718],[-79.97124,40.466613],[-79.971322,40.466508],[-79.971405,40.466402],[-79.97148,40.466301],[-79.971555,40.466201],[-79.971615,40.466118],[-79.97165,40.46607],[-79.971787,40.465926],[-79.971811,40.465903],[-79.971892,40.465807],[-79.971973,40.46571],[-79.972045,40.465625],[-79.972119,40.465541],[-79.97219,40.465464],[-79.972263,40.465389],[-79.972323,40.465331],[-79.972383,40.465272],[-79.972443,40.46521],[-79.972502,40.465146],[-79.972508,40.46514],[-79.972617,40.464983],[-79.972625,40.464962],[-79.972636,40.464925],[-79.97266,40.464802],[-79.972689,40.464745],[-79.972719,40.464688],[-79.972765,40.464615],[-79.972815,40.464544],[-79.972876,40.464469],[-79.972945,40.464399],[-79.972962,40.464384],[-79.973118,40.464251],[-79.973128,40.464242],[-79.973246,40.464148],[-79.973364,40.464054],[-79.973462,40.463966],[-79.973551,40.463874],[-79.973627,40.463782],[-79.973702,40.463691],[-79.973763,40.463622],[-79.973824,40.463553],[-79.973877,40.463489],[-79.974011,40.463342],[-79.974043,40.46331],[-79.974123,40.463224],[-79.974203,40.463138],[-79.974293,40.463043],[-79.974385,40.462948],[-79.974453,40.462879],[-79.974521,40.462809],[-79.974571,40.462759],[-79.974621,40.46271],[-79.974647,40.462686],[-79.974674,40.462662],[-79.974688,40.462648],[-79.974702,40.462633],[-79.974716,40.462617],[-79.974729,40.462601],[-79.974756,40.462577],[-79.974779,40.462512],[-79.974796,40.462492],[-79.974901,40.46239],[-79.974982,40.462305],[-79.975037,40.462261],[-79.975118,40.462189],[-79.97519,40.462117],[-79.975261,40.462042],[-79.975376,40.461937],[-79.975449,40.461857],[-79.975538,40.461768],[-79.975655,40.461665],[-79.975734,40.461602],[-79.975828,40.46152],[-79.975879,40.461468],[-79.975939,40.461397],[-79.976,40.461326],[-79.976067,40.461259],[-79.976134,40.461217],[-79.97623,40.461177],[-79.976268,40.46114],[-79.976303,40.461097],[-79.976367,40.461048],[-79.976378,40.461002],[-79.976406,40.460962],[-79.976462,40.460903],[-79.976545,40.460816],[-79.976652,40.460716],[-79.976726,40.460651],[-79.976846,40.460548],[-79.976932,40.460474],[-79.97705,40.460373],[-79.977131,40.460304],[-79.977243,40.460207],[-79.977331,40.460127],[-79.977428,40.460037],[-79.977518,40.459969],[-79.977619,40.459879],[-79.977696,40.459809],[-79.977775,40.459737],[-79.977894,40.459667],[-79.977975,40.459589],[-79.978062,40.45952],[-79.978162,40.459446],[-79.978243,40.459387],[-79.978388,40.459297],[-79.978434,40.459263],[-79.978981,40.458893],[-79.979394,40.458504],[-79.97977,40.458201],[-79.980506,40.457694],[-79.980975,40.457408],[-79.981083,40.45731],[-79.981162,40.457178],[-79.981305,40.457006],[-79.981405,40.456888],[-79.981566,40.456749],[-79.982002,40.456501],[-79.98242,40.456265],[-79.982655,40.456126],[-79.983112,40.455772],[-79.983188,40.455713],[-79.983835,40.455246],[-79.984413,40.454829],[-79.984573,40.454713],[-79.984806,40.454554],[-79.985203,40.454284],[-79.985463,40.454103],[-79.985814,40.45385],[-79.985948,40.453731],[-79.986135,40.45357],[-79.986284,40.453423],[-79.986437,40.45326],[-79.986539,40.45318],[-79.986805,40.453007],[-79.986985,40.452855],[-79.987053,40.452798],[-79.987277,40.452622],[-79.987458,40.452478],[-79.987644,40.452337],[-79.987823,40.452177],[-79.98794,40.452071],[-79.988092,40.451965],[-79.988433,40.451711],[-79.988621,40.451593],[-79.988905,40.451418],[-79.989023,40.451385],[-79.989182,40.451325],[-79.989301,40.451269],[-79.989421,40.451182],[-79.989676,40.450947],[-79.989776,40.45086],[-79.9898,40.45084],[-79.989852,40.450794],[-79.989892,40.450764],[-79.989922,40.450741],[-79.990069,40.450629],[-79.9905,40.450326],[-79.990639,40.450237],[-79.990696,40.450201],[-79.990958,40.450033],[-79.991422,40.44973],[-79.991711,40.449529],[-79.992135,40.44926],[-79.992291,40.449163],[-79.992318,40.449147],[-79.992421,40.449083],[-79.992464,40.449056],[-79.992503,40.449033],[-79.992554,40.449001],[-79.992652,40.44894],[-79.992686,40.448919],[-79.992883,40.448798],[-79.993558,40.448328],[-79.994192,40.447965],[-79.994753,40.447573],[-79.99527,40.447268],[-79.99544,40.447139],[-79.995447,40.447133],[-79.99546,40.447124],[-79.995499,40.447094],[-79.995511,40.447085],[-79.995613,40.447007],[-79.995627,40.447002],[-79.995769,40.446949],[-79.996052,40.446844],[-79.996738,40.446569],[-79.997518,40.446261],[-79.998249,40.445973],[-79.999078,40.445648],[-79.999118,40.445636],[-79.999164,40.445623],[-79.999303,40.445581],[-79.999345,40.445569],[-79.999383,40.445558],[-79.999416,40.445548],[-79.999779,40.44543],[-80.000839,40.445086],[-80.000894,40.445074],[-80.000915,40.445069],[-80.000931,40.445066],[-80.000968,40.445055],[-80.001093,40.445018],[-80.001131,40.445007],[-80.001141,40.445004],[-80.001394,40.444917],[-80.001439,40.444901],[-80.001889,40.444761],[-80.002332,40.444612],[-80.00264,40.444526],[-80.002734,40.444495],[-80.002791,40.444485],[-80.00284,40.444475],[-80.002882,40.444468],[-80.002979,40.444451],[-80.003013,40.444444],[-80.003022,40.444442],[-80.003515,40.444318],[-80.003599,40.444297],[-80.004437,40.444092],[-80.004681,40.444042],[-80.004854,40.444007],[-80.005192,40.443922],[-80.005275,40.443901],[-80.005526,40.443845],[-80.005648,40.443818],[-80.005697,40.443802],[-80.005734,40.44379],[-80.005755,40.443785],[-80.006899,40.4435],[-80.007212,40.443422],[-80.007422,40.443369],[-80.007523,40.44335],[-80.007622,40.443332],[-80.008092,40.443244],[-80.00819,40.443223],[-80.008218,40.443217],[-80.008373,40.443184],[-80.008497,40.443157],[-80.008499,40.443157],[-80.008574,40.443141],[-80.008583,40.443139],[-80.008596,40.443136],[-80.00861,40.443133],[-80.008648,40.443125],[-80.008661,40.443122],[-80.008719,40.44311],[-80.008735,40.443106],[-80.008807,40.443091],[-80.008813,40.443089],[-80.008834,40.443085],[-80.008849,40.44308],[-80.008863,40.443076],[-80.008891,40.443067],[-80.008901,40.443064],[-80.008945,40.44305],[-80.008958,40.443046],[-80.008972,40.443043],[-80.009496,40.442933],[-80.010387,40.442743],[-80.010795,40.442659],[-80.0112,40.442576],[-80.011766,40.44246],[-80.01225,40.44236],[-80.012394,40.442323],[-80.012555,40.442282],[-80.012887,40.442214],[-80.013013,40.44218],[-80.013042,40.442172],[-80.013158,40.442111],[-80.013231,40.44203],[-80.01324,40.442014],[-80.013293,40.441923]],[[-79.98115,40.460112],[-79.981092,40.460113],[-79.981005,40.460129],[-79.980926,40.46015],[-79.980822,40.460185],[-79.980706,40.460225],[-79.98062,40.460269],[-79.980498,40.460329],[-79.980403,40.46038],[-79.980289,40.460466],[-79.980198,40.460535],[-79.98009,40.460609],[-79.979983,40.460682],[-79.979885,40.460758],[-79.979803,40.460824],[-79.979715,40.460889],[-79.97963,40.460951],[-79.979535,40.461005],[-79.979477,40.461049],[-79.979397,40.461124],[-79.979281,40.461222],[-79.979179,40.461297],[-79.979073,40.461373],[-79.978987,40.461443],[-79.978888,40.461538],[-79.978791,40.461613],[-79.978701,40.461678],[-79.978624,40.461748],[-79.978547,40.461832],[-79.978438,40.461922],[-79.978384,40.461964],[-79.978271,40.462054],[-79.978185,40.462133],[-79.978105,40.46221],[-79.978024,40.462279],[-79.977941,40.46235],[-79.977861,40.462431],[-79.977769,40.462517],[-79.977695,40.462577],[-79.977551,40.462678],[-79.97743,40.462782],[-79.977346,40.46286],[-79.977204,40.463001],[-79.977194,40.463011],[-79.977064,40.463148],[-79.976934,40.463286],[-79.976884,40.463338],[-79.976834,40.463389],[-79.976728,40.463482],[-79.976686,40.463533],[-79.976643,40.463582],[-79.976617,40.463612],[-79.97659,40.463641],[-79.976517,40.463717],[-79.976445,40.463792],[-79.976424,40.463813],[-79.976285,40.463957],[-79.976231,40.464012],[-79.976101,40.464161],[-79.975978,40.464313],[-79.975839,40.464482],[-79.975703,40.464653],[-79.975615,40.464769],[-79.975499,40.464924],[-79.975443,40.464999],[-79.975285,40.465179],[-79.975127,40.465359],[-79.97498,40.465558],[-79.974854,40.465748],[-79.974754,40.465909],[-79.974677,40.466036],[-79.974624,40.466127],[-79.974571,40.466219],[-79.974527,40.46628],[-79.974476,40.466339],[-79.974438,40.466451],[-79.974428,40.466462],[-79.974418,40.466474],[-79.974399,40.4665],[-79.974382,40.466527],[-79.974352,40.466584],[-79.974322,40.466642],[-79.974287,40.466701],[-79.974253,40.466761],[-79.974212,40.466839],[-79.974171,40.466918],[-79.974113,40.467007],[-79.974056,40.467096],[-79.974012,40.467192],[-79.973931,40.467359],[-79.973907,40.467401],[-79.973846,40.467495],[-79.973799,40.467559],[-79.973752,40.467623],[-79.97371,40.467683],[-79.973667,40.467742],[-79.973621,40.4678],[-79.973576,40.467859],[-79.973518,40.467931],[-79.973462,40.468004],[-79.973409,40.468081],[-79.973356,40.468159],[-79.973327,40.468201],[-79.973219,40.468359],[-79.973192,40.468401],[-79.973138,40.468491],[-79.973093,40.468586],[-79.973049,40.468682],[-79.972993,40.468774],[-79.972938,40.468866],[-79.972905,40.468939],[-79.972874,40.469012],[-79.972827,40.469107],[-79.972775,40.469202],[-79.972746,40.469248],[-79.972637,40.469406],[-79.972636,40.469408],[-79.972584,40.469479],[-79.972528,40.469563],[-79.972521,40.469576],[-79.972477,40.46965],[-79.972461,40.469682],[-79.972438,40.469728],[-79.972409,40.469809],[-79.972402,40.46984],[-79.9724,40.469871],[-79.972404,40.469933],[-79.972414,40.46998],[-79.972435,40.470025],[-79.972457,40.470055],[-79.972482,40.47008],[-79.972511,40.4701],[-79.972533,40.47011],[-79.972566,40.470119],[-79.972597,40.470125],[-79.972628,40.470126],[-79.97269,40.470124],[-79.97275,40.47012],[-79.972772,40.470117],[-79.972985,40.470047],[-79.972999,40.470041],[-79.973026,40.47003],[-79.973117,40.469989],[-79.973207,40.469946],[-79.973304,40.469899],[-79.973399,40.469848],[-79.973474,40.469802],[-79.973544,40.469751],[-79.973624,40.469685],[-79.973702,40.469619],[-79.973868,40.469497],[-79.973918,40.469454],[-79.973938,40.469431],[-79.974067,40.469282],[-79.974079,40.469268],[-79.974137,40.469208],[-79.97422,40.46914],[-79.974306,40.469073],[-79.974402,40.468999],[-79.974498,40.468925],[-79.974592,40.468853],[-79.974688,40.468783],[-79.974795,40.468707],[-79.974903,40.468632],[-79.97495,40.4686],[-79.975125,40.468482],[-79.975188,40.46844],[-79.975288,40.468374],[-79.975383,40.468313],[-79.975479,40.468252],[-79.975543,40.468212],[-79.97561,40.468173],[-79.975691,40.468125],[-79.97571,40.468114],[-79.975736,40.468093],[-79.975756,40.468068],[-79.97577,40.468046],[-79.975789,40.467993],[-79.975878,40.467867],[-79.975923,40.467833],[-79.975975,40.467784],[-79.976025,40.46773],[-79.976074,40.467676],[-79.976136,40.467606],[-79.976198,40.467535],[-79.976238,40.467494],[-79.97637,40.467346],[-79.976399,40.467313],[-79.976434,40.467271],[-79.976468,40.467229],[-79.976493,40.467204],[-79.976519,40.467179],[-79.976528,40.467167],[-79.976531,40.467163],[-79.976602,40.467088],[-79.97666,40.467029],[-79.976718,40.46697],[-79.976796,40.466891],[-79.976875,40.466812],[-79.976984,40.466707],[-79.977127,40.466565],[-79.977204,40.466482],[-79.977298,40.466372],[-79.977395,40.466254],[-79.97749,40.466134],[-79.977601,40.465992],[-79.977709,40.465849],[-79.977783,40.465746],[-79.977894,40.465589],[-79.977922,40.46555],[-79.978019,40.465408],[-79.978114,40.465267],[-79.9782,40.465138],[-79.978283,40.465008],[-79.978345,40.464902],[-79.978407,40.464795],[-79.978448,40.464727],[-79.978547,40.464566],[-79.978573,40.464524],[-79.978594,40.464487],[-79.978611,40.464449],[-79.978617,40.464428],[-79.978623,40.464406],[-79.978636,40.464369],[-79.978653,40.464332],[-79.978708,40.464217],[-79.978724,40.464175],[-79.97874,40.464134],[-79.978778,40.464043],[-79.978801,40.463998],[-79.978829,40.463956],[-79.978848,40.463931],[-79.978918,40.463839],[-79.978934,40.463818],[-79.978963,40.463781],[-79.978986,40.463736],[-79.979044,40.46365],[-79.979076,40.463598],[-79.979115,40.463538],[-79.979169,40.463444],[-79.979225,40.463351],[-79.979295,40.463252],[-79.979313,40.463227],[-79.979424,40.46307],[-79.979447,40.463039],[-79.979527,40.462925],[-79.979592,40.462827],[-79.979657,40.462729],[-79.97973,40.462631],[-79.97977,40.462577],[-79.979814,40.462516],[-79.979892,40.462442],[-79.979964,40.462352],[-79.980013,40.462266],[-79.980062,40.462185],[-79.980102,40.462104],[-79.980146,40.462021],[-79.980207,40.461935],[-79.980246,40.461853],[-79.980301,40.461761],[-79.98035,40.461705],[-79.980424,40.461635],[-79.980467,40.461567],[-79.980517,40.46148],[-79.980564,40.461395],[-79.980644,40.461283],[-79.98072,40.461184],[-79.98078,40.461095],[-79.980829,40.461029],[-79.980925,40.460879],[-79.980967,40.460796],[-79.98102,40.460709],[-79.981068,40.460629],[-79.981096,40.460546],[-79.981136,40.460471],[-79.98116,40.460399],[-79.981168,40.460334],[-79.98117,40.460294],[-79.981172,40.460263],[-79.981183,40.460233],[-79.981186,40.460224],[-79.981193,40.460207],[-79.981191,40.460181],[-79.981186,40.460138],[-79.98115,40.460112]],[[-79.919304,40.490815],[-79.919181,40.490828],[-79.919026,40.490871],[-79.918956,40.490895],[-79.918861,40.490898],[-79.918748,40.490944],[-79.91867,40.490955],[-79.918565,40.490945],[-79.918508,40.49096],[-79.918449,40.491028],[-79.918446,40.491166],[-79.91855,40.491219],[-79.918643,40.491254],[-79.918727,40.491267],[-79.918926,40.491295],[-79.91903,40.491336],[-79.91918,40.491386],[-79.919335,40.491433],[-79.919385,40.491504],[-79.919386,40.491599],[-79.919458,40.491669],[-79.919519,40.491726],[-79.919575,40.49173],[-79.919672,40.491724],[-79.919931,40.49171],[-79.920109,40.49172],[-79.920283,40.491729],[-79.921174,40.491728],[-79.921325,40.491726],[-79.92163,40.491709],[-79.922054,40.491729],[-79.921749,40.491345],[-79.921659,40.491329],[-79.921563,40.491297],[-79.921403,40.491228],[-79.921328,40.491202],[-79.921283,40.49117],[-79.921196,40.491165],[-79.921074,40.491138],[-79.920983,40.491103],[-79.920876,40.491082],[-79.920723,40.491055],[-79.920583,40.491026],[-79.92044,40.490992],[-79.920339,40.490973],[-79.920202,40.490956],[-79.920119,40.490945],[-79.919993,40.490923],[-79.919837,40.4909],[-79.91974,40.490873],[-79.919613,40.490857],[-79.919522,40.490845],[-79.919397,40.490816],[-79.919304,40.490815]],[[-79.858739,40.488861],[-79.858655,40.488866],[-79.85858,40.488893],[-79.858495,40.488928],[-79.858425,40.488961],[-79.858367,40.488997],[-79.858308,40.489043],[-79.85826,40.489087],[-79.858217,40.489133],[-79.858178,40.48919],[-79.858168,40.489259],[-79.858162,40.489317],[-79.858148,40.489376],[-79.858128,40.489432],[-79.858045,40.489464],[-79.857992,40.489463],[-79.857916,40.489461],[-79.857833,40.489464],[-79.857758,40.489478],[-79.857701,40.489516],[-79.857698,40.489518],[-79.857639,40.489555],[-79.857564,40.489586],[-79.857489,40.489624],[-79.85743,40.489663],[-79.857373,40.489702],[-79.857302,40.489756],[-79.857256,40.489803],[-79.857203,40.489859],[-79.857155,40.489916],[-79.857116,40.489969],[-79.857081,40.490018],[-79.857042,40.490072],[-79.856998,40.490131],[-79.856956,40.490181],[-79.85691,40.490237],[-79.856871,40.490286],[-79.856827,40.490346],[-79.856774,40.490402],[-79.856715,40.490456],[-79.856664,40.4905],[-79.856608,40.490547],[-79.856549,40.490604],[-79.856496,40.49067],[-79.856456,40.490723],[-79.85641,40.490776],[-79.856338,40.490839],[-79.85627,40.490888],[-79.856199,40.490943],[-79.856151,40.490995],[-79.856106,40.491043],[-79.856057,40.491101],[-79.856006,40.491164],[-79.855957,40.491228],[-79.855921,40.491279],[-79.855876,40.491351],[-79.855828,40.49141],[-79.855787,40.49146],[-79.855743,40.491516],[-79.855684,40.491576],[-79.855617,40.491654],[-79.855575,40.491714],[-79.855552,40.491743],[-79.855501,40.491811],[-79.85544,40.491864],[-79.85539,40.491917],[-79.855347,40.491965],[-79.855287,40.492027],[-79.855216,40.492101],[-79.855154,40.492162],[-79.855093,40.492242],[-79.855031,40.492328],[-79.854987,40.492393],[-79.854954,40.492445],[-79.854907,40.492507],[-79.854863,40.492571],[-79.854815,40.492632],[-79.854764,40.492706],[-79.854727,40.492754],[-79.854678,40.492808],[-79.854616,40.492873],[-79.854566,40.492945],[-79.854513,40.493013],[-79.854443,40.493082],[-79.854388,40.49314],[-79.854333,40.493199],[-79.854288,40.493252],[-79.854238,40.493311],[-79.854178,40.493378],[-79.854128,40.493441],[-79.854092,40.49349],[-79.854032,40.493561],[-79.85398,40.493621],[-79.85394,40.493668],[-79.853904,40.493716],[-79.853859,40.493772],[-79.853806,40.493834],[-79.853757,40.493898],[-79.85372,40.493952],[-79.853678,40.494021],[-79.853644,40.494073],[-79.85361,40.494126],[-79.853583,40.494184],[-79.85356,40.494259],[-79.853584,40.494317],[-79.853625,40.494362],[-79.853701,40.494374],[-79.853786,40.49438],[-79.853861,40.494378],[-79.853939,40.494362],[-79.854026,40.494335],[-79.85412,40.494305],[-79.854189,40.494277],[-79.854257,40.494243],[-79.854318,40.494209],[-79.854354,40.494152],[-79.854403,40.494107],[-79.854472,40.494084],[-79.85456,40.494072],[-79.854646,40.49405],[-79.854728,40.494018],[-79.85479,40.493985],[-79.854883,40.493934],[-79.85496,40.493885],[-79.855017,40.493837],[-79.855083,40.493778],[-79.855145,40.493724],[-79.855205,40.493668],[-79.855269,40.493612],[-79.855323,40.49355],[-79.855383,40.493493],[-79.855448,40.493434],[-79.855513,40.493371],[-79.855586,40.493298],[-79.855631,40.493254],[-79.855682,40.493209],[-79.855742,40.493159],[-79.855797,40.493109],[-79.855856,40.493059],[-79.855913,40.493013],[-79.85598,40.492952],[-79.856035,40.4929],[-79.856107,40.492836],[-79.856157,40.492786],[-79.85621,40.49273],[-79.856258,40.492668],[-79.856302,40.492611],[-79.856357,40.492557],[-79.856412,40.492493],[-79.85647,40.492438],[-79.856531,40.492383],[-79.856583,40.492326],[-79.856638,40.492262],[-79.856687,40.492199],[-79.856746,40.49213],[-79.856784,40.492071],[-79.856826,40.49202],[-79.856873,40.491965],[-79.856914,40.491909],[-79.856951,40.49186],[-79.856992,40.491802],[-79.857028,40.491743],[-79.85703,40.49174],[-79.85707,40.491671],[-79.857096,40.491608],[-79.857126,40.491548],[-79.857147,40.491485],[-79.857173,40.491414],[-79.857211,40.491348],[-79.857248,40.491278],[-79.857276,40.49122],[-79.857299,40.491168],[-79.857328,40.491105],[-79.857362,40.491041],[-79.857391,40.490986],[-79.857427,40.490925],[-79.857463,40.490859],[-79.8575,40.490789],[-79.857539,40.490714],[-79.857562,40.49066],[-79.857601,40.490595],[-79.857644,40.49052],[-79.857678,40.490459],[-79.857704,40.4904],[-79.857729,40.490343],[-79.857754,40.49029],[-79.857784,40.490227],[-79.857812,40.490169],[-79.857841,40.490108],[-79.857864,40.490055],[-79.857902,40.489989],[-79.857948,40.489921],[-79.858009,40.489877],[-79.858064,40.489836],[-79.858114,40.489778],[-79.858148,40.489721],[-79.85817,40.489667],[-79.858204,40.48959],[-79.858204,40.48959],[-79.858224,40.489522],[-79.858236,40.489498],[-79.858258,40.489457],[-79.858309,40.489408],[-79.858356,40.489352],[-79.858406,40.4893],[-79.858469,40.489258],[-79.858531,40.489219],[-79.858594,40.489152],[-79.858618,40.4891],[-79.858661,40.489051],[-79.858715,40.488994],[-79.858744,40.488943],[-79.858794,40.488888],[-79.858739,40.488861]],[[-79.854851,40.489287],[-79.854789,40.489326],[-79.854741,40.48937],[-79.854686,40.489412],[-79.854616,40.489448],[-79.854553,40.489481],[-79.85449,40.489515],[-79.854427,40.489548],[-79.854363,40.489582],[-79.854294,40.489625],[-79.854236,40.489662],[-79.854175,40.489707],[-79.854116,40.489743],[-79.854061,40.48978],[-79.853988,40.489831],[-79.853909,40.489883],[-79.853843,40.489921],[-79.853769,40.48997],[-79.853703,40.490018],[-79.85364,40.490055],[-79.853568,40.490099],[-79.8535,40.490138],[-79.853433,40.490173],[-79.853366,40.490214],[-79.853304,40.490257],[-79.85323,40.490306],[-79.853162,40.490348],[-79.853082,40.490399],[-79.853007,40.490448],[-79.852932,40.490495],[-79.852873,40.490528],[-79.852801,40.490569],[-79.852731,40.490608],[-79.852669,40.49064],[-79.852603,40.490678],[-79.852535,40.49072],[-79.85246,40.490769],[-79.852404,40.490806],[-79.852338,40.490859],[-79.852288,40.490899],[-79.852234,40.490941],[-79.852184,40.490985],[-79.852134,40.491048],[-79.852094,40.491097],[-79.852046,40.491156],[-79.852001,40.491211],[-79.85196,40.491267],[-79.851924,40.491323],[-79.851888,40.491374],[-79.851842,40.491433],[-79.851804,40.491484],[-79.851763,40.491537],[-79.851744,40.491602],[-79.851741,40.491678],[-79.851744,40.491743],[-79.851747,40.491787],[-79.851752,40.491847],[-79.851725,40.491911],[-79.851655,40.49195],[-79.85165,40.491992],[-79.851714,40.492026],[-79.851794,40.492043],[-79.851858,40.492008],[-79.85191,40.491959],[-79.851951,40.49191],[-79.851995,40.491856],[-79.852042,40.491809],[-79.852087,40.491757],[-79.8521,40.491743],[-79.85213,40.49171],[-79.852176,40.49166],[-79.85222,40.491615],[-79.852275,40.491553],[-79.852338,40.491499],[-79.852369,40.491449],[-79.85242,40.491387],[-79.852486,40.491332],[-79.852551,40.491289],[-79.852618,40.491237],[-79.852674,40.491189],[-79.852721,40.491144],[-79.85277,40.491095],[-79.852833,40.491041],[-79.852902,40.490977],[-79.852964,40.490923],[-79.85303,40.490858],[-79.853073,40.490813],[-79.853138,40.490751],[-79.853182,40.490707],[-79.853228,40.490659],[-79.853272,40.490611],[-79.85332,40.490559],[-79.853365,40.49051],[-79.85342,40.490468],[-79.853481,40.490417],[-79.853544,40.490367],[-79.853614,40.490313],[-79.853674,40.490263],[-79.853742,40.490209],[-79.853798,40.490159],[-79.853847,40.490116],[-79.853915,40.490052],[-79.853966,40.489995],[-79.854031,40.489948],[-79.854107,40.489936],[-79.854175,40.489959],[-79.854231,40.489921],[-79.854231,40.489865],[-79.854233,40.489807],[-79.854275,40.489757],[-79.854344,40.489719],[-79.8544,40.48968],[-79.854445,40.489632],[-79.854514,40.489587],[-79.854576,40.489547],[-79.854669,40.489478],[-79.854732,40.489437],[-79.854788,40.489392],[-79.854841,40.489344],[-79.854851,40.489287]],[[-79.846804,40.528416],[-79.846729,40.528437],[-79.846658,40.528477],[-79.846597,40.52851],[-79.846534,40.528539],[-79.846458,40.528576],[-79.846396,40.528608],[-79.846322,40.528646],[-79.846254,40.52869],[-79.846203,40.52874],[-79.84614,40.528792],[-79.846065,40.528831],[-79.846001,40.528867],[-79.845933,40.528903],[-79.845867,40.528946],[-79.84579,40.529002],[-79.845723,40.529051],[-79.845643,40.529108],[-79.84557,40.529159],[-79.845515,40.529197],[-79.845443,40.529241],[-79.845374,40.52928],[-79.845313,40.529321],[-79.845256,40.52936],[-79.845181,40.529404],[-79.845104,40.529452],[-79.845039,40.529491],[-79.844953,40.529536],[-79.844891,40.529568],[-79.844831,40.529601],[-79.844768,40.529637],[-79.844699,40.529681],[-79.844618,40.529721],[-79.844544,40.529754],[-79.844479,40.529785],[-79.84441,40.529818],[-79.84434,40.529848],[-79.844254,40.529889],[-79.844179,40.529928],[-79.844104,40.529968],[-79.844014,40.530009],[-79.843942,40.530039],[-79.843872,40.530072],[-79.843808,40.530103],[-79.843728,40.530146],[-79.843646,40.530186],[-79.843562,40.530231],[-79.84348,40.530272],[-79.843417,40.530306],[-79.843354,40.530341],[-79.84329,40.530376],[-79.843232,40.53041],[-79.84315,40.530457],[-79.843091,40.530493],[-79.843029,40.530536],[-79.842952,40.530592],[-79.842889,40.530632],[-79.842872,40.530642],[-79.842794,40.530681],[-79.842704,40.530715],[-79.842623,40.530746],[-79.842539,40.530787],[-79.842466,40.530825],[-79.842394,40.530861],[-79.84232,40.530897],[-79.84224,40.530926],[-79.842174,40.530948],[-79.842088,40.530977],[-79.842009,40.531013],[-79.841929,40.531064],[-79.841868,40.53111],[-79.841819,40.531151],[-79.841748,40.531205],[-79.84167,40.531254],[-79.841593,40.531287],[-79.841511,40.531323],[-79.841436,40.531355],[-79.84135,40.531392],[-79.841284,40.531419],[-79.841221,40.531445],[-79.841143,40.531487],[-79.841075,40.531513],[-79.841005,40.531542],[-79.840938,40.531573],[-79.840865,40.531605],[-79.840777,40.531644],[-79.840686,40.531683],[-79.840588,40.531725],[-79.840511,40.531752],[-79.840433,40.531784],[-79.840368,40.531808],[-79.840342,40.531809],[-79.840336,40.531811],[-79.840268,40.531837],[-79.840173,40.531871],[-79.840102,40.531904],[-79.840025,40.531928],[-79.839946,40.531957],[-79.839871,40.531982],[-79.8398,40.532004],[-79.839734,40.532032],[-79.839651,40.53207],[-79.839562,40.53211],[-79.839492,40.53214],[-79.839403,40.53218],[-79.839322,40.532212],[-79.839253,40.532243],[-79.839181,40.532279],[-79.839093,40.53232],[-79.839008,40.532358],[-79.838926,40.532393],[-79.838846,40.532425],[-79.838759,40.53246],[-79.838672,40.53249],[-79.838607,40.532523],[-79.838547,40.53256],[-79.838471,40.532594],[-79.838408,40.532622],[-79.838326,40.53265],[-79.838258,40.532669],[-79.838167,40.532681],[-79.838102,40.532709],[-79.838063,40.532762],[-79.838,40.532794],[-79.837934,40.53282],[-79.837839,40.532853],[-79.837762,40.532874],[-79.837682,40.53289],[-79.837591,40.53292],[-79.837535,40.532957],[-79.837485,40.532998],[-79.837415,40.533037],[-79.837329,40.533078],[-79.837248,40.533103],[-79.837161,40.533109],[-79.837082,40.53312],[-79.836997,40.533151],[-79.836941,40.53319],[-79.836867,40.533231],[-79.836799,40.533257],[-79.836727,40.533289],[-79.836655,40.53332],[-79.836576,40.533355],[-79.836509,40.533377],[-79.836421,40.533395],[-79.836359,40.533425],[-79.836284,40.533463],[-79.836197,40.533489],[-79.836098,40.533517],[-79.836012,40.533538],[-79.835927,40.533562],[-79.835854,40.533582],[-79.835784,40.533603],[-79.835715,40.533625],[-79.835618,40.533653],[-79.835524,40.533682],[-79.835435,40.533718],[-79.835357,40.533756],[-79.835291,40.53379],[-79.835217,40.533825],[-79.835132,40.533859],[-79.835066,40.533888],[-79.834998,40.533909],[-79.834905,40.533929],[-79.834831,40.533929],[-79.834754,40.533936],[-79.834681,40.533954],[-79.834596,40.533986],[-79.834529,40.534013],[-79.834446,40.534043],[-79.834316,40.534086],[-79.83425,40.534117],[-79.834087,40.534191],[-79.833906,40.534271],[-79.833768,40.534356],[-79.833695,40.53444],[-79.833717,40.534591],[-79.83361,40.534743],[-79.833538,40.534866],[-79.833489,40.534962],[-79.833478,40.535062],[-79.833432,40.53523],[-79.833405,40.53532],[-79.833392,40.535427],[-79.833499,40.535462],[-79.833602,40.535462],[-79.833717,40.535462],[-79.83374,40.535462],[-79.833822,40.535451],[-79.833932,40.535438],[-79.834054,40.535396],[-79.834186,40.535366],[-79.834313,40.535331],[-79.834408,40.535323],[-79.834461,40.535313],[-79.834523,40.535307],[-79.834609,40.535291],[-79.834689,40.535277],[-79.834785,40.535259],[-79.834876,40.535244],[-79.834951,40.535232],[-79.835026,40.53522],[-79.835102,40.535209],[-79.835179,40.535198],[-79.835257,40.535189],[-79.835364,40.53518],[-79.835466,40.535173],[-79.835541,40.535171],[-79.835646,40.535171],[-79.835747,40.53517],[-79.835849,40.535172],[-79.835921,40.535173],[-79.836016,40.535169],[-79.836104,40.535152],[-79.836181,40.535135],[-79.836273,40.535107],[-79.836361,40.535075],[-79.836456,40.535043],[-79.836529,40.535022],[-79.836615,40.534993],[-79.836702,40.534972],[-79.836774,40.534951],[-79.836874,40.534921],[-79.836947,40.534898],[-79.837013,40.534875],[-79.837083,40.534849],[-79.837152,40.534821],[-79.837243,40.534776],[-79.837334,40.534739],[-79.837398,40.534713],[-79.837489,40.534677],[-79.837557,40.534646],[-79.837639,40.534618],[-79.837714,40.534598],[-79.837803,40.534564],[-79.837867,40.534538],[-79.837961,40.5345],[-79.838047,40.534466],[-79.838113,40.534441],[-79.838182,40.534414],[-79.838254,40.534387],[-79.838337,40.534357],[-79.838419,40.534329],[-79.838486,40.534307],[-79.838552,40.534282],[-79.838619,40.534253],[-79.838683,40.53422],[-79.838744,40.534183],[-79.838809,40.534148],[-79.838876,40.534111],[-79.838949,40.534079],[-79.839025,40.534045],[-79.839093,40.534016],[-79.839166,40.533986],[-79.839245,40.533949],[-79.83933,40.533909],[-79.839418,40.533867],[-79.839503,40.533823],[-79.839585,40.533779],[-79.839674,40.533731],[-79.839765,40.533683],[-79.839848,40.533644],[-79.839922,40.533607],[-79.839994,40.533573],[-79.840077,40.533538],[-79.840158,40.533503],[-79.840234,40.533471],[-79.840319,40.533434],[-79.840407,40.533396],[-79.840484,40.533361],[-79.840564,40.533324],[-79.840648,40.533284],[-79.840733,40.533244],[-79.840807,40.533205],[-79.840874,40.533172],[-79.840955,40.533136],[-79.841046,40.533095],[-79.841114,40.533064],[-79.841185,40.533037],[-79.84125,40.533014],[-79.841321,40.532992],[-79.8414,40.532976],[-79.841475,40.532976],[-79.841551,40.532967],[-79.841632,40.532941],[-79.8417,40.532913],[-79.841779,40.532876],[-79.841876,40.532834],[-79.841954,40.532798],[-79.842036,40.532753],[-79.842105,40.532716],[-79.842173,40.532684],[-79.842242,40.532654],[-79.842335,40.532614],[-79.842407,40.532582],[-79.842486,40.532542],[-79.842572,40.5325],[-79.84265,40.532457],[-79.842719,40.532416],[-79.842782,40.532379],[-79.842841,40.532339],[-79.842902,40.532302],[-79.842967,40.53226],[-79.843027,40.532223],[-79.843113,40.532175],[-79.843172,40.532137],[-79.843258,40.532089],[-79.843337,40.532046],[-79.843413,40.531995],[-79.843485,40.531946],[-79.843528,40.531901],[-79.84358,40.531852],[-79.843628,40.531802],[-79.84367,40.531748],[-79.84368,40.531738],[-79.843712,40.531688],[-79.843755,40.53164],[-79.843797,40.531593],[-79.843858,40.53154],[-79.843931,40.531479],[-79.843988,40.531427],[-79.844051,40.531376],[-79.844114,40.531337],[-79.844199,40.531287],[-79.844268,40.531236],[-79.844333,40.531188],[-79.8444,40.531139],[-79.84445,40.531098],[-79.844508,40.531055],[-79.844578,40.530997],[-79.844646,40.53094],[-79.844711,40.530884],[-79.844758,40.530841],[-79.844818,40.530781],[-79.844871,40.530727],[-79.844922,40.530669],[-79.844958,40.530632],[-79.844967,40.530622],[-79.845032,40.530553],[-79.845077,40.530504],[-79.845129,40.530452],[-79.845185,40.530397],[-79.84524,40.53034],[-79.845305,40.530277],[-79.84536,40.530217],[-79.845409,40.530163],[-79.845459,40.530103],[-79.845503,40.530058],[-79.845548,40.530014],[-79.845599,40.529966],[-79.845643,40.529922],[-79.845699,40.529859],[-79.845754,40.529803],[-79.8458,40.529754],[-79.845862,40.529691],[-79.845927,40.529626],[-79.845971,40.529577],[-79.846023,40.529519],[-79.846067,40.529474],[-79.846127,40.529413],[-79.846189,40.529352],[-79.84623,40.529301],[-79.84628,40.529245],[-79.846326,40.529189],[-79.846369,40.529144],[-79.846419,40.529096],[-79.846463,40.529045],[-79.846504,40.528984],[-79.846545,40.528931],[-79.846585,40.528871],[-79.846633,40.528806],[-79.846675,40.528751],[-79.846713,40.528688],[-79.846748,40.528621],[-79.846775,40.528565],[-79.84681,40.528514],[-79.84684,40.528461],[-79.846804,40.528416]],[[-79.833476,40.534504],[-79.833366,40.534552],[-79.833257,40.534652],[-79.83318,40.534749],[-79.833108,40.534858],[-79.833096,40.534877],[-79.833087,40.534961],[-79.833043,40.53502],[-79.832991,40.535053],[-79.832968,40.535064],[-79.832911,40.535106],[-79.832864,40.535193],[-79.83286,40.535212],[-79.833004,40.535414],[-79.833108,40.53547],[-79.83311,40.535471],[-79.83321,40.535403],[-79.833245,40.535252],[-79.833302,40.535125],[-79.833339,40.534959],[-79.83337,40.534867],[-79.833439,40.534764],[-79.83347,40.534691],[-79.833538,40.534578],[-79.833562,40.534513],[-79.833476,40.534504]],[[-79.82966,40.535291],[-79.829585,40.535299],[-79.82952,40.535347],[-79.829485,40.535442],[-79.829511,40.535517],[-79.829503,40.535606],[-79.829541,40.535701],[-79.829616,40.535747],[-79.829714,40.535719],[-79.829839,40.53565],[-79.829873,40.535637],[-79.829891,40.535618],[-79.829884,40.535484],[-79.829822,40.535415],[-79.829787,40.535397],[-79.82966,40.535291]],[[-79.829138,40.535746],[-79.828937,40.535749],[-79.828507,40.535814],[-79.828122,40.535913],[-79.827043,40.536062],[-79.826914,40.536073],[-79.82689,40.536092],[-79.826299,40.536169],[-79.825603,40.536295],[-79.825281,40.536367],[-79.824778,40.53646],[-79.82452,40.536479],[-79.824218,40.536535],[-79.82361,40.536603],[-79.823324,40.536659],[-79.82313,40.536681],[-79.822993,40.536709],[-79.822901,40.536734],[-79.822693,40.536772],[-79.822376,40.536791],[-79.82217,40.536833],[-79.822119,40.536846],[-79.821975,40.536885],[-79.821887,40.536894],[-79.821745,40.536908],[-79.821306,40.536902],[-79.821082,40.536946],[-79.820925,40.536958],[-79.820912,40.536959],[-79.820813,40.537],[-79.820711,40.537043],[-79.819259,40.537406],[-79.81909,40.537476],[-79.819018,40.537512],[-79.818837,40.537628],[-79.818616,40.537726],[-79.818438,40.537786],[-79.818341,40.537835],[-79.818056,40.537925],[-79.817945,40.537973],[-79.817851,40.538021],[-79.817745,40.538043],[-79.817627,40.53804],[-79.817558,40.538019],[-79.817507,40.537993],[-79.817497,40.537953],[-79.817519,40.537916],[-79.817577,40.537859],[-79.817558,40.53783],[-79.817506,40.537822],[-79.817431,40.53783],[-79.817252,40.537864],[-79.817178,40.537842],[-79.817032,40.537789],[-79.81693,40.537775],[-79.816826,40.537748],[-79.816749,40.537719],[-79.816713,40.537666],[-79.816713,40.537626],[-79.81669,40.537591],[-79.816643,40.537603],[-79.816611,40.537655],[-79.816623,40.537718],[-79.816684,40.537787],[-79.816737,40.537821],[-79.816824,40.537858],[-79.817249,40.538009],[-79.81737,40.538045],[-79.817512,40.538106],[-79.81812,40.538287],[-79.818236,40.538329],[-79.818349,40.53835],[-79.818604,40.538379],[-79.818682,40.538376],[-79.818751,40.538347],[-79.818828,40.538322],[-79.819073,40.538313],[-79.819202,40.538319],[-79.819526,40.538366],[-79.819763,40.538384],[-79.819898,40.538372],[-79.820031,40.538346],[-79.820239,40.538295],[-79.820327,40.538267],[-79.820483,40.538229],[-79.820901,40.538103],[-79.820968,40.538078],[-79.821035,40.538054],[-79.821083,40.538043],[-79.821354,40.53798],[-79.821773,40.537919],[-79.821882,40.537908],[-79.821994,40.537876],[-79.822084,40.537835],[-79.822089,40.537832],[-79.822315,40.537781],[-79.822404,40.53776],[-79.822921,40.537704],[-79.823551,40.53758],[-79.823811,40.537549],[-79.823929,40.537557],[-79.824034,40.537546],[-79.824907,40.537377],[-79.825064,40.537356],[-79.825256,40.537299],[-79.825459,40.537264],[-79.825654,40.537214],[-79.825911,40.53713],[-79.826018,40.537104],[-79.826142,40.537085],[-79.826276,40.53703],[-79.826523,40.536976],[-79.826924,40.536845],[-79.827163,40.536774],[-79.82755,40.536653],[-79.828478,40.536444],[-79.828646,40.536369],[-79.828759,40.536311],[-79.828871,40.536268],[-79.829078,40.536158],[-79.829206,40.53607],[-79.829328,40.536005],[-79.829373,40.535925],[-79.82933,40.535828],[-79.829272,40.535772],[-79.829138,40.535746]],[[-79.818379,40.5375],[-79.818302,40.537501],[-79.818219,40.537516],[-79.818156,40.537563],[-79.818058,40.53762],[-79.81797,40.537655],[-79.817872,40.537721],[-79.817797,40.537757],[-79.81775,40.537797],[-79.817758,40.537824],[-79.817816,40.537843],[-79.817881,40.537841],[-79.818029,40.537789],[-79.81813,40.537782],[-79.81823,40.537768],[-79.818331,40.537718],[-79.81839,40.537693],[-79.818452,40.537563],[-79.818466,40.537522],[-79.818437,40.537503],[-79.818379,40.5375]],[[-79.812467,40.537527],[-79.812224,40.537537],[-79.811927,40.537575],[-79.811776,40.537604],[-79.811687,40.537617],[-79.811495,40.537631],[-79.811358,40.537658],[-79.811198,40.537697],[-79.811075,40.537721],[-79.810554,40.537854],[-79.810446,40.537913],[-79.810322,40.537962],[-79.81013,40.538065],[-79.810068,40.538159],[-79.810133,40.538229],[-79.810266,40.538265],[-79.810445,40.538335],[-79.810581,40.53837],[-79.810736,40.538401],[-79.810884,40.538444],[-79.81107,40.538485],[-79.811266,40.538557],[-79.811439,40.538586],[-79.812055,40.53864],[-79.812487,40.538643],[-79.81361,40.538556],[-79.813845,40.538526],[-79.814027,40.538495],[-79.814379,40.538463],[-79.814751,40.538403],[-79.814889,40.538364],[-79.814975,40.53833],[-79.814974,40.538246],[-79.814947,40.53821],[-79.814823,40.538148],[-79.814679,40.538063],[-79.814589,40.537976],[-79.814453,40.537897],[-79.814288,40.537836],[-79.814138,40.537807],[-79.813809,40.537701],[-79.813653,40.537672],[-79.813194,40.537549],[-79.813057,40.537533],[-79.812906,40.537555],[-79.812768,40.537546],[-79.812616,40.537542],[-79.812467,40.537527]],[[-79.771778,40.587828],[-79.77173,40.587841],[-79.771704,40.587869],[-79.77168,40.587905],[-79.77166,40.587943],[-79.771643,40.587984],[-79.771617,40.588016],[-79.771606,40.588047],[-79.771601,40.588092],[-79.771608,40.58811],[-79.771628,40.588138],[-79.771652,40.588146],[-79.77169,40.588149],[-79.771742,40.588143],[-79.771791,40.588129],[-79.771821,40.588113],[-79.771851,40.588087],[-79.771875,40.588052],[-79.771892,40.588002],[-79.771901,40.58796],[-79.771903,40.587911],[-79.7719,40.58787],[-79.771891,40.587852],[-79.771875,40.58784],[-79.771834,40.58783],[-79.771778,40.587828]]]}},{"type":"Feature","properties":{"NAME":"Monongahela River","HYDRO_CODE":450},"geometry":{"type":"Polygon","coordinates":[[[-80.015709,40.439961],[-80.013293,40.441922],[-80.013298,40.441835],[-80.013276,40.441699],[-80.013189,40.441579],[-80.013107,40.44153],[-80.01299,40.44146],[-80.012891,40.4414],[-80.012596,40.44126],[-80.012508,40.441218],[-80.012453,40.441187],[-80.012247,40.441072],[-80.011685,40.440796],[-80.011181,40.440539],[-80.010692,40.440286],[-80.010537,40.440214],[-80.010189,40.440053],[-80.009943,40.439913],[-80.009942,40.439912],[-80.009866,40.43986],[-80.009851,40.43985],[-80.009778,40.4398],[-80.009775,40.439798],[-80.009765,40.439791],[-80.009753,40.439783],[-80.009697,40.439745],[-80.009695,40.439744],[-80.009645,40.43971],[-80.009612,40.439687],[-80.009548,40.439643],[-80.009534,40.439633],[-80.009444,40.439572],[-80.00943,40.439566],[-80.009398,40.439552],[-80.009305,40.439511],[-80.009072,40.439408],[-80.008886,40.439326],[-80.00769,40.438816],[-80.007584,40.438771],[-80.007004,40.438558],[-80.006428,40.438348],[-80.00636,40.438316],[-80.006149,40.438221],[-80.006032,40.438167],[-80.005572,40.437971],[-80.005014,40.437767],[-80.004258,40.437494],[-80.003254,40.43712],[-80.00242,40.436821],[-80.002064,40.436693],[-80.001974,40.436653],[-80.001743,40.436549],[-80.001587,40.436467],[-80.001422,40.436386],[-80.001286,40.436323],[-80.001267,40.436315],[-80.001263,40.436312],[-80.001188,40.436279],[-80.001165,40.436269],[-80.001124,40.436251],[-80.001081,40.436231],[-80.001019,40.436203],[-80.000794,40.436128],[-80.000481,40.435952],[-80.000293,40.435767],[-79.999837,40.435544],[-79.999779,40.435501],[-79.999534,40.435321],[-79.999405,40.435141],[-79.999179,40.434999],[-79.998788,40.434811],[-79.998375,40.434658],[-79.997727,40.434412],[-79.997459,40.434315],[-79.997393,40.434296],[-79.997368,40.434289],[-79.997328,40.434277],[-79.997283,40.434263],[-79.99691,40.434176],[-79.996533,40.434119],[-79.996169,40.43403],[-79.996075,40.434021],[-79.996024,40.434016],[-79.995839,40.433996],[-79.995826,40.433995],[-79.995287,40.43394],[-79.99434,40.433852],[-79.993327,40.433766],[-79.992291,40.433732],[-79.991392,40.433681],[-79.990753,40.433626],[-79.990287,40.433637],[-79.98967,40.433643],[-79.98964,40.433642],[-79.989482,40.433639],[-79.989449,40.433638],[-79.989098,40.433648],[-79.988596,40.433695],[-79.988051,40.433719],[-79.987611,40.433774],[-79.987057,40.433816],[-79.986476,40.43389],[-79.9859,40.434005],[-79.985401,40.434118],[-79.984846,40.434254],[-79.98429,40.434409],[-79.983952,40.434503],[-79.983705,40.434603],[-79.983524,40.434675],[-79.983469,40.434697],[-79.98344,40.434708],[-79.983199,40.434793],[-79.983112,40.434808],[-79.98294,40.434838],[-79.982784,40.434846],[-79.982725,40.434849],[-79.982701,40.43485],[-79.982529,40.434849],[-79.981981,40.434817],[-79.982129,40.434767],[-79.982119,40.434705],[-79.981813,40.434753],[-79.981112,40.434854],[-79.979967,40.435022],[-79.977848,40.435348],[-79.975511,40.434688],[-79.97475,40.434517],[-79.974189,40.434418],[-79.973546,40.434302],[-79.973495,40.434293],[-79.973345,40.434268],[-79.973297,40.434261],[-79.973138,40.434237],[-79.973115,40.434234],[-79.973018,40.434219],[-79.972702,40.434193],[-79.97198,40.434039],[-79.97131,40.433913],[-79.970436,40.433759],[-79.969799,40.433673],[-79.969195,40.433557],[-79.968504,40.433458],[-79.968311,40.433411],[-79.968132,40.433366],[-79.96804,40.433342],[-79.967763,40.433253],[-79.967068,40.432989],[-79.966957,40.432943],[-79.966579,40.432815],[-79.966431,40.432769],[-79.966382,40.432732],[-79.966185,40.43267],[-79.966047,40.432623],[-79.965895,40.432565],[-79.965773,40.432531],[-79.965608,40.432461],[-79.965494,40.432427],[-79.965283,40.432354],[-79.965133,40.432296],[-79.965014,40.432261],[-79.964929,40.432226],[-79.964782,40.432149],[-79.964621,40.432077],[-79.964467,40.432006],[-79.964313,40.431939],[-79.964156,40.431871],[-79.963983,40.431789],[-79.96381,40.431706],[-79.963636,40.431632],[-79.963474,40.431545],[-79.963315,40.431456],[-79.96308,40.431327],[-79.962863,40.431227],[-79.962729,40.43115],[-79.962602,40.431073],[-79.962477,40.431016],[-79.962402,40.430973],[-79.962332,40.430919],[-79.962217,40.430849],[-79.962139,40.430793],[-79.962023,40.430724],[-79.961921,40.430666],[-79.961799,40.430596],[-79.961699,40.430542],[-79.961588,40.430481],[-79.961509,40.430421],[-79.961391,40.430349],[-79.961318,40.430304],[-79.961229,40.430243],[-79.961142,40.430181],[-79.961024,40.4301],[-79.960908,40.430035],[-79.960801,40.429976],[-79.960699,40.429938],[-79.960676,40.429903],[-79.960637,40.429856],[-79.960567,40.429814],[-79.960484,40.429768],[-79.960361,40.429681],[-79.960303,40.429637],[-79.960284,40.429602],[-79.96022,40.429537],[-79.960154,40.429488],[-79.960069,40.429437],[-79.959973,40.42937],[-79.959871,40.429307],[-79.959756,40.429215],[-79.959667,40.429134],[-79.9596,40.429081],[-79.959558,40.429054],[-79.959538,40.429041],[-79.95947,40.428998],[-79.959431,40.428973],[-79.959394,40.428948],[-79.959373,40.428934],[-79.959302,40.428879],[-79.959236,40.428825],[-79.959144,40.428735],[-79.959078,40.428681],[-79.958983,40.428601],[-79.958881,40.428526],[-79.958795,40.428465],[-79.958679,40.428383],[-79.958607,40.42834],[-79.95854,40.428317],[-79.958471,40.428296],[-79.958444,40.428274],[-79.958382,40.428196],[-79.958325,40.428137],[-79.958256,40.428065],[-79.958175,40.427987],[-79.958106,40.427923],[-79.958047,40.427871],[-79.95801,40.427823],[-79.958,40.42781],[-79.957859,40.427686],[-79.957775,40.427601],[-79.957725,40.42755],[-79.957674,40.427508],[-79.957564,40.427415],[-79.957453,40.427332],[-79.957343,40.427248],[-79.957252,40.427156],[-79.957158,40.42707],[-79.957087,40.426996],[-79.956984,40.426913],[-79.956879,40.42683],[-79.956819,40.426783],[-79.956703,40.426715],[-79.956618,40.426675],[-79.956559,40.426654],[-79.956508,40.426607],[-79.956463,40.426556],[-79.956385,40.426492],[-79.956265,40.426401],[-79.956195,40.426327],[-79.956136,40.426265],[-79.95607,40.426184],[-79.955928,40.426078],[-79.955867,40.426001],[-79.955829,40.425949],[-79.955749,40.425871],[-79.95569,40.425816],[-79.955632,40.425759],[-79.955598,40.425685],[-79.955544,40.425627],[-79.955498,40.425554],[-79.955442,40.425469],[-79.955366,40.425397],[-79.955268,40.425307],[-79.955228,40.42526],[-79.955152,40.425156],[-79.95509,40.42508],[-79.955032,40.425011],[-79.954975,40.424934],[-79.954888,40.424861],[-79.9548,40.424782],[-79.954723,40.424723],[-79.95466,40.424679],[-79.954601,40.424622],[-79.954565,40.424568],[-79.954566,40.424515],[-79.954548,40.42447],[-79.954511,40.424404],[-79.954438,40.424322],[-79.954364,40.424249],[-79.954322,40.42419],[-79.954274,40.424135],[-79.954207,40.4241],[-79.954158,40.424053],[-79.954121,40.424009],[-79.954102,40.423958],[-79.954058,40.423903],[-79.953992,40.423823],[-79.953921,40.423745],[-79.953885,40.423688],[-79.953867,40.423659],[-79.953826,40.423571],[-79.953794,40.423498],[-79.953762,40.423449],[-79.953699,40.423397],[-79.953649,40.423336],[-79.953591,40.423269],[-79.953543,40.423214],[-79.95351,40.423182],[-79.953503,40.423141],[-79.9535,40.423099],[-79.953494,40.423018],[-79.953489,40.42295],[-79.953463,40.422877],[-79.953431,40.422816],[-79.953378,40.422732],[-79.953303,40.422608],[-79.953214,40.422476],[-79.953107,40.422286],[-79.953013,40.42212],[-79.952932,40.422001],[-79.952883,40.421966],[-79.952857,40.42195],[-79.952802,40.421894],[-79.952764,40.421823],[-79.952713,40.421742],[-79.95264,40.421622],[-79.95259,40.421508],[-79.952563,40.421432],[-79.952509,40.421292],[-79.952466,40.421184],[-79.952418,40.421075],[-79.952381,40.420964],[-79.952342,40.420832],[-79.952295,40.420719],[-79.952255,40.420613],[-79.952224,40.420518],[-79.952199,40.420403],[-79.952176,40.420315],[-79.952134,40.420209],[-79.952098,40.420123],[-79.952084,40.42003],[-79.952077,40.419941],[-79.952052,40.41985],[-79.952035,40.419759],[-79.952013,40.41965],[-79.952005,40.419594],[-79.951988,40.419454],[-79.951962,40.41932],[-79.951941,40.4192],[-79.951926,40.41905],[-79.951904,40.41888],[-79.951879,40.418708],[-79.951859,40.418538],[-79.951843,40.418389],[-79.951848,40.418297],[-79.951847,40.418214],[-79.95184,40.41812],[-79.951829,40.418012],[-79.95182,40.417918],[-79.951813,40.417796],[-79.951809,40.417672],[-79.951804,40.417569],[-79.951802,40.417412],[-79.951787,40.417301],[-79.951766,40.417228],[-79.95176,40.417157],[-79.951755,40.417081],[-79.951739,40.41698],[-79.951741,40.416872],[-79.95174,40.416817],[-79.951735,40.416737],[-79.951728,40.416615],[-79.951728,40.416524],[-79.951729,40.416444],[-79.951729,40.416376],[-79.951729,40.416312],[-79.951733,40.416252],[-79.951734,40.416233],[-79.951738,40.416128],[-79.951736,40.416026],[-79.951741,40.415922],[-79.951745,40.415826],[-79.95175,40.415726],[-79.951752,40.415639],[-79.951755,40.415544],[-79.951761,40.415452],[-79.951761,40.415372],[-79.951759,40.415288],[-79.951758,40.415271],[-79.951762,40.41521],[-79.951764,40.415184],[-79.951767,40.415092],[-79.951769,40.415015],[-79.951772,40.414955],[-79.951772,40.414798],[-79.951765,40.414674],[-79.951759,40.414526],[-79.951756,40.414377],[-79.951756,40.414183],[-79.951755,40.414005],[-79.951754,40.413966],[-79.95175,40.413822],[-79.951744,40.41364],[-79.951741,40.413482],[-79.951737,40.413395],[-79.951735,40.413323],[-79.951755,40.413262],[-79.951785,40.41323],[-79.95182,40.413178],[-79.95184,40.413125],[-79.95183,40.413076],[-79.95179,40.413014],[-79.951745,40.412933],[-79.951715,40.412864],[-79.951689,40.412765],[-79.951684,40.412687],[-79.951672,40.41261],[-79.951637,40.412493],[-79.951613,40.412383],[-79.9516,40.412258],[-79.951589,40.412153],[-79.951571,40.412069],[-79.95154,40.411943],[-79.951525,40.411845],[-79.951513,40.411722],[-79.951507,40.411645],[-79.951509,40.411539],[-79.951522,40.411439],[-79.951526,40.411321],[-79.951526,40.411248],[-79.951516,40.411122],[-79.951499,40.411003],[-79.951493,40.410945],[-79.951488,40.410829],[-79.95148,40.410772],[-79.951456,40.410728],[-79.951441,40.410668],[-79.951421,40.410564],[-79.95139,40.410395],[-79.951351,40.410186],[-79.951329,40.410067],[-79.95133,40.410008],[-79.951329,40.409941],[-79.951304,40.409893],[-79.951261,40.409843],[-79.951226,40.409807],[-79.951167,40.409786],[-79.951099,40.40979],[-79.951052,40.409791],[-79.951033,40.40975],[-79.951093,40.409729],[-79.951161,40.409697],[-79.951185,40.409662],[-79.9512,40.409619],[-79.951232,40.409578],[-79.951258,40.409553],[-79.951236,40.409501],[-79.951196,40.409423],[-79.951153,40.40936],[-79.951133,40.40929],[-79.951119,40.409204],[-79.951098,40.409106],[-79.951074,40.409004],[-79.951042,40.408912],[-79.951011,40.408844],[-79.950992,40.408777],[-79.950973,40.408695],[-79.950951,40.408572],[-79.95094,40.40848],[-79.950916,40.408359],[-79.950904,40.408266],[-79.950879,40.408167],[-79.950856,40.408106],[-79.950818,40.40802],[-79.95078,40.407919],[-79.950755,40.407813],[-79.950739,40.407723],[-79.95073,40.407622],[-79.950732,40.407514],[-79.950734,40.407429],[-79.950725,40.407319],[-79.950681,40.407252],[-79.950606,40.407215],[-79.95054,40.407184],[-79.950481,40.407148],[-79.950481,40.407098],[-79.95049,40.407025],[-79.950494,40.406972],[-79.950492,40.406878],[-79.950486,40.40679],[-79.950484,40.406708],[-79.950477,40.406638],[-79.950461,40.406554],[-79.95042,40.406418],[-79.950401,40.406341],[-79.950351,40.406172],[-79.9503,40.406007],[-79.950269,40.405903],[-79.950238,40.40578],[-79.950208,40.405663],[-79.950177,40.405537],[-79.950129,40.405402],[-79.950063,40.405275],[-79.950017,40.405176],[-79.949971,40.405074],[-79.949914,40.404966],[-79.949847,40.404868],[-79.949778,40.40479],[-79.949777,40.404789],[-79.949728,40.404709],[-79.94969,40.404637],[-79.949638,40.404519],[-79.9496,40.404441],[-79.94957,40.404338],[-79.949547,40.404256],[-79.949538,40.404244],[-79.949496,40.404188],[-79.949446,40.404126],[-79.94937,40.404057],[-79.9493,40.403991],[-79.949236,40.403909],[-79.949187,40.40384],[-79.949122,40.403738],[-79.949069,40.403667],[-79.948996,40.40357],[-79.948938,40.403483],[-79.948887,40.403402],[-79.948834,40.403347],[-79.948742,40.403273],[-79.948655,40.403209],[-79.948594,40.403134],[-79.948528,40.403055],[-79.948482,40.402973],[-79.948451,40.402877],[-79.948418,40.402812],[-79.948321,40.402695],[-79.948248,40.402565],[-79.948199,40.402474],[-79.948138,40.402425],[-79.948092,40.402393],[-79.948051,40.402354],[-79.94799,40.402278],[-79.947909,40.402209],[-79.947829,40.402121],[-79.947726,40.402012],[-79.947621,40.401914],[-79.94757,40.401862],[-79.947515,40.401797],[-79.947438,40.401711],[-79.947333,40.401581],[-79.947253,40.401479],[-79.947169,40.401371],[-79.947077,40.401256],[-79.947017,40.401188],[-79.946949,40.40112],[-79.946844,40.401028],[-79.946702,40.40091],[-79.946618,40.400854],[-79.946505,40.400776],[-79.946381,40.400692],[-79.946275,40.400622],[-79.946162,40.400532],[-79.946073,40.400456],[-79.945989,40.400399],[-79.945876,40.400336],[-79.945785,40.400302],[-79.94571,40.40027],[-79.945641,40.40024],[-79.945547,40.400193],[-79.945448,40.40012],[-79.945343,40.400019],[-79.945263,40.39995],[-79.945158,40.39987],[-79.945051,40.399802],[-79.944942,40.399722],[-79.944849,40.399663],[-79.944798,40.399621],[-79.944739,40.39957],[-79.944682,40.399522],[-79.94461,40.399481],[-79.944533,40.399453],[-79.944431,40.399429],[-79.944355,40.399401],[-79.944235,40.399352],[-79.944099,40.399279],[-79.943927,40.399196],[-79.943739,40.399105],[-79.943584,40.399029],[-79.943467,40.398974],[-79.943321,40.398914],[-79.943179,40.39886],[-79.94307,40.398828],[-79.942922,40.398787],[-79.942764,40.39873],[-79.942556,40.398674],[-79.942384,40.398611],[-79.942264,40.39858],[-79.942123,40.398538],[-79.941997,40.398506],[-79.941868,40.398476],[-79.941688,40.398444],[-79.941529,40.398416],[-79.941376,40.398393],[-79.941272,40.398382],[-79.941165,40.398374],[-79.941041,40.398371],[-79.940902,40.398352],[-79.940748,40.398335],[-79.940564,40.398316],[-79.940384,40.398305],[-79.94018,40.398289],[-79.940015,40.398277],[-79.939814,40.398263],[-79.939589,40.398243],[-79.939394,40.39823],[-79.93923,40.398218],[-79.939103,40.398213],[-79.938929,40.398213],[-79.938775,40.398213],[-79.938668,40.398213],[-79.938552,40.398212],[-79.93845,40.398212],[-79.93827,40.398214],[-79.938125,40.398215],[-79.937987,40.398215],[-79.937839,40.398219],[-79.937725,40.398224],[-79.937632,40.398235],[-79.937504,40.398262],[-79.937385,40.39828],[-79.937277,40.398298],[-79.937181,40.398311],[-79.937086,40.398317],[-79.936983,40.398323],[-79.936883,40.398335],[-79.936803,40.398352],[-79.936724,40.398377],[-79.936664,40.3984],[-79.936591,40.398435],[-79.936546,40.398472],[-79.936515,40.398515],[-79.936494,40.398561],[-79.936478,40.398598],[-79.936447,40.398642],[-79.936411,40.398652],[-79.936386,40.398618],[-79.936355,40.398578],[-79.936308,40.398554],[-79.936247,40.398546],[-79.936169,40.398536],[-79.936093,40.398535],[-79.935928,40.398557],[-79.935803,40.398577],[-79.935723,40.398584],[-79.935693,40.398587],[-79.935665,40.398589],[-79.935493,40.398626],[-79.93547,40.398631],[-79.935303,40.398666],[-79.935203,40.398685],[-79.935074,40.398722],[-79.934956,40.398767],[-79.934828,40.398807],[-79.934729,40.398821],[-79.934612,40.398836],[-79.934481,40.398875],[-79.934329,40.398918],[-79.934094,40.39898],[-79.933865,40.399041],[-79.933709,40.399086],[-79.933534,40.399122],[-79.933372,40.399138],[-79.933306,40.399143],[-79.933278,40.399146],[-79.93311,40.39919],[-79.932806,40.399253],[-79.932424,40.399349],[-79.932245,40.399436],[-79.932341,40.399488],[-79.932292,40.399523],[-79.932104,40.3996],[-79.93195,40.399684],[-79.931905,40.399689],[-79.931322,40.400017],[-79.931003,40.400194],[-79.930881,40.400239],[-79.930646,40.400424],[-79.930305,40.400602],[-79.930256,40.40065],[-79.929965,40.400835],[-79.929766,40.400929],[-79.929634,40.400995],[-79.92931,40.401198],[-79.928873,40.401494],[-79.928736,40.401575],[-79.928292,40.401891],[-79.927996,40.402158],[-79.92781,40.402287],[-79.927713,40.402376],[-79.927533,40.402578],[-79.927416,40.402693],[-79.927179,40.402865],[-79.926997,40.403003],[-79.926851,40.403143],[-79.926478,40.403503],[-79.926347,40.403663],[-79.926131,40.403897],[-79.925945,40.404138],[-79.925863,40.404244],[-79.924643,40.405745],[-79.924535,40.40588],[-79.924427,40.406016],[-79.924272,40.406194],[-79.924138,40.406345],[-79.923998,40.406516],[-79.923913,40.406613],[-79.923827,40.40671],[-79.923797,40.406745],[-79.923766,40.40678],[-79.923672,40.406886],[-79.923578,40.406993],[-79.923526,40.407057],[-79.923475,40.407122],[-79.923445,40.407157],[-79.923413,40.40719],[-79.923344,40.407255],[-79.923306,40.407289],[-79.923052,40.407514],[-79.92302,40.407546],[-79.922991,40.40758],[-79.922964,40.407612],[-79.922938,40.407645],[-79.922915,40.407679],[-79.922895,40.407713],[-79.922878,40.407748],[-79.922865,40.407784],[-79.922823,40.407926],[-79.922782,40.408069],[-79.922769,40.408106],[-79.922753,40.408141],[-79.922733,40.408176],[-79.92271,40.40821],[-79.922652,40.408289],[-79.922448,40.408585],[-79.92234,40.408753],[-79.92232,40.408788],[-79.922299,40.408822],[-79.92228,40.408857],[-79.922262,40.408892],[-79.922221,40.408993],[-79.92218,40.409095],[-79.922144,40.409165],[-79.9221,40.409233],[-79.922075,40.409268],[-79.922047,40.409303],[-79.922032,40.409321],[-79.921832,40.409547],[-79.92174,40.40965],[-79.921689,40.409716],[-79.92164,40.409783],[-79.921611,40.409818],[-79.921582,40.409852],[-79.921551,40.409884],[-79.921521,40.409917],[-79.921494,40.409951],[-79.921467,40.409985],[-79.921436,40.41002],[-79.921404,40.410055],[-79.92134,40.410121],[-79.921276,40.410186],[-79.921203,40.410267],[-79.921027,40.410461],[-79.920931,40.410559],[-79.920831,40.410655],[-79.920755,40.410722],[-79.920674,40.410786],[-79.920664,40.410801],[-79.920653,40.410814],[-79.920637,40.410834],[-79.92062,40.410853],[-79.920585,40.410889],[-79.920548,40.410924],[-79.920519,40.410947],[-79.920489,40.410967],[-79.92047,40.410977],[-79.920449,40.410985],[-79.920407,40.411],[-79.920381,40.411014],[-79.920373,40.411022],[-79.920367,40.41103],[-79.920357,40.411047],[-79.920358,40.411081],[-79.920188,40.411239],[-79.920106,40.4113],[-79.920049,40.411349],[-79.919995,40.411399],[-79.91997,40.411425],[-79.919948,40.411453],[-79.919818,40.411586],[-79.919654,40.411681],[-79.919635,40.411698],[-79.919615,40.411714],[-79.919572,40.411745],[-79.919529,40.411775],[-79.919493,40.411801],[-79.919458,40.411829],[-79.919241,40.412031],[-79.919183,40.412076],[-79.919106,40.412127],[-79.919031,40.41218],[-79.918949,40.412247],[-79.918869,40.412315],[-79.918799,40.412376],[-79.918729,40.412438],[-79.918663,40.412491],[-79.918595,40.412542],[-79.918526,40.412593],[-79.918451,40.412638],[-79.918214,40.412765],[-79.918204,40.412784],[-79.918192,40.41281],[-79.918183,40.412838],[-79.918176,40.412873],[-79.918169,40.412908],[-79.918152,40.412982],[-79.91813,40.413054],[-79.918113,40.413093],[-79.918091,40.41313],[-79.918075,40.413154],[-79.918059,40.413178],[-79.918023,40.413217],[-79.917995,40.413237],[-79.917969,40.413259],[-79.917907,40.41332],[-79.917845,40.41338],[-79.917785,40.413441],[-79.917634,40.413581],[-79.917633,40.413582],[-79.917542,40.413664],[-79.91747,40.413705],[-79.917361,40.413787],[-79.917073,40.413966],[-79.91701,40.414004],[-79.916514,40.414309],[-79.916443,40.414347],[-79.916257,40.414447],[-79.916067,40.414557],[-79.916024,40.414626],[-79.916003,40.41468],[-79.91593,40.414741],[-79.915864,40.41479],[-79.915806,40.41482],[-79.915666,40.414887],[-79.915364,40.414971],[-79.915279,40.414977],[-79.915131,40.415033],[-79.915031,40.415079],[-79.914925,40.415119],[-79.914763,40.415186],[-79.914653,40.415229],[-79.914609,40.415272],[-79.914587,40.415329],[-79.91458,40.415345],[-79.914548,40.415366],[-79.914536,40.415365],[-79.914511,40.415349],[-79.914488,40.415338],[-79.914454,40.415323],[-79.914423,40.41532],[-79.914308,40.415347],[-79.914257,40.41538],[-79.914116,40.415456],[-79.913942,40.415561],[-79.913583,40.41564],[-79.913374,40.415689],[-79.913039,40.415807],[-79.912933,40.415841],[-79.912832,40.415876],[-79.912663,40.415925],[-79.912346,40.415996],[-79.911957,40.416067],[-79.911831,40.416076],[-79.911687,40.416092],[-79.911584,40.416105],[-79.911489,40.416122],[-79.911408,40.416138],[-79.91111,40.416204],[-79.910746,40.416305],[-79.910567,40.416331],[-79.910474,40.416344],[-79.91039,40.416352],[-79.91027,40.416372],[-79.91001,40.416399],[-79.909798,40.416429],[-79.90963,40.416449],[-79.909499,40.416481],[-79.909293,40.416512],[-79.908855,40.416607],[-79.908711,40.416642],[-79.908588,40.416664],[-79.908283,40.416728],[-79.908008,40.416788],[-79.907697,40.416819],[-79.907453,40.416844],[-79.90738,40.416854],[-79.907265,40.416878],[-79.906853,40.416959],[-79.906619,40.416979],[-79.906548,40.417009],[-79.906408,40.417031],[-79.906188,40.417046],[-79.905805,40.417083],[-79.905607,40.417085],[-79.905539,40.4171],[-79.905387,40.41712],[-79.905117,40.417147],[-79.904972,40.417191],[-79.904787,40.417225],[-79.90465,40.417232],[-79.904443,40.417243],[-79.904156,40.41731],[-79.903887,40.417332],[-79.903682,40.417354],[-79.903486,40.41736],[-79.90322,40.417381],[-79.902788,40.4174],[-79.90255,40.417393],[-79.902284,40.417393],[-79.901997,40.417377],[-79.901639,40.41734],[-79.90128,40.417283],[-79.90098,40.417262],[-79.900679,40.417238],[-79.900419,40.417174],[-79.90032,40.417168],[-79.900209,40.417186],[-79.899981,40.417143],[-79.899808,40.417112],[-79.899776,40.417104],[-79.899519,40.417042],[-79.899129,40.416926],[-79.898828,40.416827],[-79.89846,40.416704],[-79.898273,40.416627],[-79.898149,40.416543],[-79.897851,40.416441],[-79.897636,40.41636],[-79.897424,40.41624],[-79.896981,40.416008],[-79.896648,40.415836],[-79.896438,40.415729],[-79.896307,40.415673],[-79.895993,40.4155],[-79.89588,40.415402],[-79.895857,40.415382],[-79.895838,40.415366],[-79.895755,40.415294],[-79.895488,40.415158],[-79.895159,40.414943],[-79.89461,40.414577],[-79.894119,40.414242],[-79.893799,40.414004],[-79.893747,40.413966],[-79.893515,40.413796],[-79.893135,40.413555],[-79.892631,40.413232],[-79.89213,40.412896],[-79.891737,40.412609],[-79.89129,40.4122],[-79.891149,40.41214],[-79.891002,40.412137],[-79.890884,40.412097],[-79.890715,40.411986],[-79.890191,40.411805],[-79.889893,40.411564],[-79.889866,40.411545],[-79.889826,40.411516],[-79.889762,40.411462],[-79.889677,40.411411],[-79.889649,40.411386],[-79.889591,40.41134],[-79.889541,40.411301],[-79.889487,40.411262],[-79.889398,40.411209],[-79.889319,40.411152],[-79.889247,40.411118],[-79.889152,40.411046],[-79.889071,40.410985],[-79.888955,40.410919],[-79.888842,40.410863],[-79.888782,40.410862],[-79.888765,40.410858],[-79.888627,40.410779],[-79.888534,40.41073],[-79.888504,40.41073],[-79.888281,40.410638],[-79.888046,40.410517],[-79.887961,40.410486],[-79.887908,40.410462],[-79.887822,40.410394],[-79.887714,40.410372],[-79.887664,40.410361],[-79.887622,40.410327],[-79.887553,40.410328],[-79.887496,40.410318],[-79.886942,40.410089],[-79.886808,40.410041],[-79.886743,40.410036],[-79.886651,40.410007],[-79.886552,40.409956],[-79.886434,40.409923],[-79.886298,40.409876],[-79.886158,40.409799],[-79.886092,40.409764],[-79.886033,40.409736],[-79.885914,40.4097],[-79.885831,40.409675],[-79.885716,40.409625],[-79.885625,40.409591],[-79.885362,40.40947],[-79.885319,40.40945],[-79.885272,40.409428],[-79.885217,40.409402],[-79.885121,40.409358],[-79.884989,40.409297],[-79.884377,40.409015],[-79.883726,40.408719],[-79.8837,40.408738],[-79.883689,40.408735],[-79.883661,40.408713],[-79.8836,40.408679],[-79.883542,40.408647],[-79.88339,40.408564],[-79.883297,40.408528],[-79.883192,40.408455],[-79.883118,40.408424],[-79.883108,40.408421],[-79.883026,40.408394],[-79.882797,40.408273],[-79.882721,40.408237],[-79.88265,40.408201],[-79.882585,40.408157],[-79.882485,40.408092],[-79.882382,40.408028],[-79.882218,40.407921],[-79.882157,40.407893],[-79.8821,40.407862],[-79.882019,40.407809],[-79.881929,40.407756],[-79.88185,40.407713],[-79.881739,40.407642],[-79.881637,40.407591],[-79.881529,40.407521],[-79.881422,40.40744],[-79.881297,40.407363],[-79.881267,40.407343],[-79.88121,40.40729],[-79.881087,40.407186],[-79.880981,40.407115],[-79.880864,40.407054],[-79.880853,40.407048],[-79.88071,40.406965],[-79.88064,40.406935],[-79.88061,40.406907],[-79.880603,40.406903],[-79.880554,40.406871],[-79.880491,40.406829],[-79.880432,40.406786],[-79.880349,40.406706],[-79.880255,40.406641],[-79.880122,40.406561],[-79.880075,40.406535],[-79.879981,40.40645],[-79.879963,40.406434],[-79.87986,40.406342],[-79.879844,40.406328],[-79.87983,40.406316],[-79.879778,40.406282],[-79.879671,40.406224],[-79.879561,40.406176],[-79.87918,40.405871],[-79.878785,40.40554],[-79.878774,40.405519],[-79.87874,40.405448],[-79.878709,40.405406],[-79.878645,40.405352],[-79.878579,40.405298],[-79.878528,40.405248],[-79.878514,40.405218],[-79.878487,40.405186],[-79.878433,40.405132],[-79.87835,40.405094],[-79.878287,40.405091],[-79.878248,40.405122],[-79.878213,40.405157],[-79.878183,40.405221],[-79.878158,40.405249],[-79.878099,40.405253],[-79.878046,40.405251],[-79.878012,40.405233],[-79.877976,40.405177],[-79.877986,40.405138],[-79.878028,40.405091],[-79.878082,40.405045],[-79.878099,40.405004],[-79.878088,40.404957],[-79.878065,40.404919],[-79.878027,40.404917],[-79.877939,40.404922],[-79.877855,40.404912],[-79.877747,40.404887],[-79.877661,40.404841],[-79.877564,40.404784],[-79.877439,40.404709],[-79.877342,40.404649],[-79.877266,40.404601],[-79.877212,40.404558],[-79.877154,40.404534],[-79.877096,40.404504],[-79.877,40.404414],[-79.876942,40.404375],[-79.876879,40.404325],[-79.876776,40.404267],[-79.876726,40.404249],[-79.87672,40.404244],[-79.876689,40.404216],[-79.876629,40.404158],[-79.876559,40.404092],[-79.876497,40.404034],[-79.876438,40.403976],[-79.876351,40.40393],[-79.876311,40.403871],[-79.876291,40.403819],[-79.876254,40.403776],[-79.876209,40.403732],[-79.876184,40.403713],[-79.876148,40.403681],[-79.876077,40.403605],[-79.876055,40.40356],[-79.876027,40.403518],[-79.875988,40.40347],[-79.875931,40.403422],[-79.87589,40.403405],[-79.875868,40.403369],[-79.875827,40.403319],[-79.875787,40.403272],[-79.87573,40.403196],[-79.875681,40.403138],[-79.875586,40.403046],[-79.875525,40.402964],[-79.875481,40.402883],[-79.87545,40.402831],[-79.875411,40.402785],[-79.875391,40.402733],[-79.875323,40.402676],[-79.875274,40.40258],[-79.875201,40.402485],[-79.875153,40.402432],[-79.8751,40.402367],[-79.875074,40.402339],[-79.875038,40.402305],[-79.874994,40.402259],[-79.874936,40.402208],[-79.874847,40.40214],[-79.874758,40.402045],[-79.874668,40.401952],[-79.8746,40.401894],[-79.874568,40.401804],[-79.87457,40.401769],[-79.87457,40.401764],[-79.874331,40.401497],[-79.873605,40.400752],[-79.873584,40.400741],[-79.873554,40.400747],[-79.873526,40.400724],[-79.873472,40.400678],[-79.873402,40.400627],[-79.873353,40.400573],[-79.873306,40.400488],[-79.873251,40.400419],[-79.873206,40.400375],[-79.873148,40.400329],[-79.873118,40.400307],[-79.873057,40.400264],[-79.873013,40.40024],[-79.872947,40.400191],[-79.872885,40.400155],[-79.872799,40.400118],[-79.872696,40.400107],[-79.872598,40.400146],[-79.87256,40.400175],[-79.872518,40.400187],[-79.872548,40.400131],[-79.8726,40.400082],[-79.872606,40.400066],[-79.872586,40.400047],[-79.872504,40.400033],[-79.872453,40.400004],[-79.872397,40.399971],[-79.872318,40.399931],[-79.872232,40.399898],[-79.871893,40.399585],[-79.871461,40.399176],[-79.871275,40.398995],[-79.871232,40.398952],[-79.871123,40.398878],[-79.871014,40.398772],[-79.870792,40.398526],[-79.870464,40.398241],[-79.870446,40.398232],[-79.870401,40.398204],[-79.870371,40.398174],[-79.870321,40.398095],[-79.870272,40.397982],[-79.870216,40.397874],[-79.870156,40.397779],[-79.87009,40.397678],[-79.870025,40.397578],[-79.869922,40.397438],[-79.869836,40.397348],[-79.869674,40.397183],[-79.869451,40.396967],[-79.869243,40.396765],[-79.86904,40.396611],[-79.868904,40.396515],[-79.868728,40.396414],[-79.868512,40.396281],[-79.868215,40.396118],[-79.867904,40.395913],[-79.867689,40.395773],[-79.867571,40.395721],[-79.866521,40.395021],[-79.866441,40.394949],[-79.866387,40.3949],[-79.866278,40.394816],[-79.8661,40.394705],[-79.865811,40.394531],[-79.865793,40.394522],[-79.865427,40.394325],[-79.865114,40.394181],[-79.864918,40.394086],[-79.864343,40.393803],[-79.863683,40.393509],[-79.862458,40.393062],[-79.860336,40.392389],[-79.860333,40.392388],[-79.860318,40.392395],[-79.8603,40.392404],[-79.860122,40.392348],[-79.860097,40.392314],[-79.858579,40.391822],[-79.857739,40.39156],[-79.85773,40.391558],[-79.857714,40.391555],[-79.857709,40.391554],[-79.857688,40.391554],[-79.857525,40.3915],[-79.857501,40.391479],[-79.856766,40.391243],[-79.854565,40.390531],[-79.854198,40.390433],[-79.854123,40.390413],[-79.853839,40.390332],[-79.853712,40.390288],[-79.853559,40.390239],[-79.853434,40.390217],[-79.853258,40.390154],[-79.852993,40.390023],[-79.85276,40.389919],[-79.852588,40.389865],[-79.85253,40.389862],[-79.85252,40.389864],[-79.852056,40.389618],[-79.852059,40.389609],[-79.852037,40.389575],[-79.851926,40.389512],[-79.851594,40.389303],[-79.851066,40.388942],[-79.851065,40.388942],[-79.851034,40.388921],[-79.851008,40.388903],[-79.851,40.388897],[-79.850979,40.388881],[-79.850978,40.38888],[-79.850316,40.388381],[-79.850095,40.388208],[-79.850065,40.388185],[-79.850016,40.388146],[-79.850015,40.388146],[-79.849774,40.387958],[-79.849659,40.387868],[-79.849083,40.387391],[-79.848446,40.386893],[-79.847918,40.386425],[-79.847234,40.385749],[-79.846615,40.38512],[-79.846306,40.3848],[-79.845925,40.384406],[-79.843745,40.382436],[-79.843609,40.38231],[-79.843451,40.382174],[-79.843073,40.381848],[-79.842281,40.381126],[-79.84222,40.381059],[-79.842106,40.380978],[-79.84183,40.380738],[-79.841705,40.380647],[-79.840763,40.379819],[-79.840429,40.379496],[-79.839855,40.378813],[-79.839346,40.378148],[-79.839338,40.378133],[-79.839053,40.377691],[-79.838821,40.377363],[-79.83842,40.376696],[-79.837703,40.375745],[-79.83761,40.375587],[-79.837503,40.37544],[-79.837186,40.375077],[-79.836971,40.374815],[-79.836954,40.374769],[-79.836943,40.374642],[-79.83698,40.374493],[-79.836985,40.374398],[-79.836975,40.374337],[-79.836959,40.374282],[-79.836947,40.374238],[-79.836913,40.374188],[-79.836814,40.374104],[-79.83653,40.37393],[-79.836404,40.37383],[-79.836375,40.373787],[-79.836295,40.373642],[-79.836176,40.373383],[-79.836001,40.373135],[-79.835917,40.372985],[-79.83571,40.3722],[-79.835575,40.371501],[-79.835485,40.371221],[-79.835477,40.371148],[-79.835476,40.370985],[-79.835375,40.370498],[-79.835348,40.370147],[-79.835366,40.369972],[-79.835407,40.369817],[-79.835425,40.369764],[-79.835425,40.369684],[-79.83533,40.369386],[-79.835314,40.369146],[-79.835289,40.369065],[-79.83522,40.368903],[-79.835117,40.368607],[-79.83508,40.368442],[-79.835059,40.368296],[-79.83505,40.368149],[-79.834984,40.367812],[-79.834969,40.367645],[-79.834749,40.365821],[-79.834737,40.365355],[-79.834725,40.364893],[-79.834719,40.364752],[-79.834734,40.364184],[-79.834838,40.363598],[-79.834995,40.36305],[-79.835271,40.362498],[-79.835314,40.362393],[-79.8354,40.362258],[-79.835545,40.361995],[-79.836169,40.361208],[-79.836511,40.360861],[-79.836658,40.360689],[-79.837041,40.360284],[-79.837327,40.360018],[-79.837465,40.359872],[-79.837907,40.359481],[-79.838064,40.359361],[-79.838242,40.359244],[-79.838387,40.359132],[-79.838497,40.359024],[-79.838869,40.358762],[-79.839132,40.358607],[-79.839303,40.358486],[-79.839393,40.358433],[-79.839551,40.358373],[-79.839697,40.358299],[-79.840243,40.357933],[-79.840811,40.357641],[-79.840931,40.357561],[-79.841015,40.357494],[-79.841679,40.357166],[-79.841834,40.357107],[-79.842157,40.356957],[-79.842226,40.356949],[-79.842293,40.356968],[-79.842428,40.356983],[-79.842615,40.356964],[-79.842756,40.356932],[-79.842969,40.356854],[-79.843178,40.356758],[-79.843312,40.356677],[-79.843412,40.356636],[-79.843483,40.356607],[-79.843606,40.356572],[-79.844206,40.356471],[-79.844431,40.356448],[-79.844917,40.356357],[-79.845079,40.356312],[-79.845685,40.356099],[-79.845877,40.356043],[-79.846031,40.355987],[-79.846156,40.355953],[-79.846636,40.355883],[-79.846873,40.355826],[-79.847533,40.355742],[-79.8476,40.355733],[-79.84765,40.355726],[-79.848019,40.355693],[-79.848383,40.355633],[-79.848611,40.355623],[-79.849176,40.355609],[-79.849344,40.355599],[-79.849524,40.355565],[-79.849668,40.355526],[-79.849774,40.355503],[-79.849796,40.355498],[-79.852166,40.355405],[-79.852376,40.3554],[-79.860381,40.355467],[-79.860533,40.355476],[-79.861628,40.355485],[-79.864204,40.355403],[-79.865126,40.355333],[-79.865438,40.355296],[-79.865783,40.355257],[-79.866028,40.355245],[-79.866199,40.355255],[-79.866441,40.355257],[-79.866618,40.355258],[-79.866917,40.355252],[-79.867084,40.355249],[-79.867358,40.355236],[-79.86751,40.355223],[-79.867691,40.35521],[-79.867847,40.355191],[-79.867995,40.355163],[-79.868108,40.355141],[-79.868207,40.355113],[-79.868374,40.35507],[-79.868493,40.355029],[-79.868644,40.354951],[-79.86876,40.354896],[-79.868909,40.354803],[-79.869015,40.354738],[-79.871255,40.354301],[-79.871306,40.354337],[-79.87137,40.354351],[-79.871452,40.354353],[-79.871546,40.35435],[-79.871627,40.354348],[-79.871719,40.354344],[-79.871808,40.354338],[-79.871883,40.354331],[-79.871965,40.354322],[-79.872042,40.354312],[-79.872134,40.354296],[-79.872231,40.354281],[-79.872316,40.354269],[-79.872409,40.354259],[-79.872493,40.354257],[-79.872574,40.354247],[-79.872658,40.35423],[-79.872701,40.354212],[-79.872755,40.354184],[-79.872756,40.354182],[-79.872812,40.354125],[-79.872892,40.354117],[-79.872982,40.354137],[-79.873115,40.354135],[-79.873185,40.354133],[-79.873313,40.35413],[-79.873438,40.354125],[-79.873577,40.354117],[-79.873726,40.354105],[-79.873886,40.354085],[-79.873889,40.354084],[-79.873983,40.354061],[-79.874072,40.354031],[-79.874149,40.353995],[-79.874208,40.353968],[-79.874284,40.353973],[-79.87438,40.353972],[-79.874478,40.353968],[-79.874553,40.353947],[-79.874629,40.353914],[-79.874666,40.353885],[-79.874721,40.35387],[-79.874787,40.353875],[-79.874853,40.353865],[-79.874925,40.353843],[-79.874995,40.353821],[-79.875122,40.353777],[-79.875137,40.35377],[-79.875242,40.353734],[-79.875347,40.353694],[-79.875442,40.353655],[-79.875507,40.353626],[-79.875648,40.353567],[-79.875767,40.353517],[-79.875907,40.35346],[-79.876059,40.353397],[-79.876115,40.353371],[-79.876175,40.353347],[-79.87629,40.353291],[-79.876362,40.353257],[-79.876479,40.353194],[-79.876558,40.353146],[-79.876686,40.353073],[-79.876723,40.353055],[-79.876863,40.352989],[-79.876869,40.352987],[-79.876971,40.352942],[-79.877101,40.352881],[-79.877161,40.352851],[-79.877295,40.352782],[-79.877366,40.352746],[-79.877523,40.352676],[-79.877593,40.352642],[-79.877716,40.352565],[-79.877788,40.35252],[-79.877913,40.352437],[-79.877971,40.3524],[-79.878083,40.352328],[-79.878152,40.352282],[-79.87832,40.352167],[-79.878431,40.352087],[-79.878483,40.352047],[-79.878581,40.351972],[-79.878643,40.351919],[-79.87875,40.351825],[-79.878806,40.351771],[-79.878912,40.351674],[-79.878981,40.351608],[-79.879034,40.351556],[-79.879176,40.351418],[-79.879222,40.351376],[-79.879323,40.351265],[-79.879383,40.351201],[-79.87943,40.351152],[-79.879527,40.351038],[-79.879648,40.350906],[-79.879713,40.350834],[-79.879756,40.350787],[-79.879856,40.350672],[-79.87991,40.350613],[-79.880054,40.350469],[-79.88011,40.350414],[-79.880189,40.350339],[-79.880236,40.350289],[-79.880367,40.350124],[-79.880407,40.350073],[-79.880484,40.350002],[-79.880567,40.349984],[-79.88061,40.349918],[-79.880654,40.349804],[-79.880715,40.349683],[-79.880757,40.349617],[-79.880804,40.349562],[-79.880873,40.349496],[-79.880925,40.349437],[-79.881001,40.349364],[-79.881049,40.349317],[-79.881141,40.349222],[-79.88122,40.349094],[-79.881261,40.349027],[-79.881333,40.348896],[-79.881367,40.348832],[-79.881419,40.348785],[-79.881511,40.348693],[-79.881567,40.348651],[-79.881593,40.348632],[-79.881637,40.348588],[-79.881755,40.348465],[-79.881831,40.348366],[-79.88188,40.34826],[-79.881908,40.348202],[-79.881983,40.348178],[-79.88206,40.348161],[-79.882074,40.348134],[-79.882063,40.34808],[-79.882034,40.347982],[-79.882059,40.347951],[-79.882133,40.347912],[-79.88218,40.34788],[-79.882253,40.347787],[-79.882342,40.347638],[-79.882469,40.347499],[-79.882617,40.347346],[-79.882663,40.347284],[-79.882723,40.347199],[-79.882803,40.347103],[-79.882885,40.347031],[-79.882969,40.346937],[-79.883033,40.346852],[-79.8831,40.346763],[-79.883108,40.346751],[-79.883159,40.346676],[-79.883217,40.346579],[-79.883285,40.346481],[-79.883323,40.346432],[-79.883397,40.346347],[-79.883436,40.346278],[-79.883523,40.346152],[-79.88356,40.346099],[-79.883639,40.345988],[-79.883675,40.345937],[-79.883693,40.345911],[-79.883791,40.345773],[-79.883879,40.345647],[-79.88395,40.345554],[-79.884008,40.345469],[-79.884043,40.345419],[-79.884121,40.345333],[-79.884159,40.345285],[-79.884246,40.345187],[-79.884348,40.345054],[-79.884404,40.344965],[-79.884484,40.344841],[-79.884532,40.344768],[-79.884548,40.344746],[-79.884557,40.344734],[-79.884596,40.344677],[-79.884608,40.344662],[-79.884637,40.344624],[-79.884654,40.344602],[-79.88473,40.344506],[-79.884772,40.344452],[-79.88492,40.344247],[-79.88498,40.344169],[-79.885016,40.34412],[-79.885123,40.343987],[-79.885237,40.343854],[-79.885284,40.343796],[-79.885406,40.343663],[-79.885496,40.343563],[-79.885552,40.343485],[-79.885593,40.343433],[-79.885681,40.343326],[-79.88572,40.343278],[-79.885824,40.343148],[-79.885866,40.343096],[-79.885959,40.342991],[-79.886079,40.342843],[-79.886151,40.342751],[-79.886196,40.342701],[-79.886259,40.342619],[-79.886296,40.342571],[-79.886449,40.342382],[-79.886605,40.342197],[-79.886728,40.342068],[-79.886789,40.342006],[-79.886914,40.341879],[-79.886997,40.341782],[-79.887043,40.341733],[-79.887083,40.341687],[-79.887182,40.341567],[-79.887382,40.341377],[-79.887453,40.341285],[-79.887571,40.341159],[-79.887627,40.341103],[-79.887838,40.340918],[-79.888294,40.340524],[-79.88836,40.340508],[-79.888401,40.340464],[-79.888408,40.340415],[-79.888458,40.340359],[-79.888568,40.340337],[-79.888697,40.34021],[-79.88882,40.34011],[-79.888965,40.340005],[-79.889,40.339978],[-79.889127,40.339899],[-79.889246,40.33983],[-79.88928,40.339806],[-79.88936,40.339752],[-79.889397,40.339724],[-79.889451,40.339676],[-79.889509,40.339636],[-79.889571,40.339602],[-79.889643,40.339563],[-79.889712,40.33953],[-79.889794,40.33949],[-79.889858,40.339442],[-79.889907,40.33939],[-79.889956,40.339325],[-79.890007,40.339256],[-79.890056,40.339195],[-79.890123,40.339132],[-79.890175,40.339089],[-79.890235,40.339035],[-79.890306,40.338969],[-79.890375,40.338913],[-79.890442,40.338866],[-79.890502,40.33882],[-79.890557,40.338767],[-79.890615,40.338714],[-79.890669,40.338665],[-79.890734,40.338606],[-79.890794,40.338555],[-79.890853,40.338505],[-79.89091,40.338438],[-79.89097,40.338377],[-79.891578,40.33769],[-79.891644,40.337623],[-79.891678,40.337571],[-79.891706,40.337507],[-79.891741,40.337449],[-79.89178,40.337393],[-79.891814,40.337331],[-79.891855,40.337272],[-79.891904,40.337226],[-79.891964,40.337184],[-79.892013,40.337143],[-79.892064,40.337082],[-79.892107,40.337029],[-79.89216,40.336971],[-79.892197,40.336912],[-79.892225,40.336856],[-79.892262,40.336792],[-79.892305,40.336733],[-79.892363,40.336679],[-79.892413,40.336615],[-79.892442,40.336563],[-79.892468,40.336498],[-79.892498,40.336427],[-79.892552,40.336332],[-79.892599,40.336243],[-79.892627,40.336189],[-79.892631,40.33618],[-79.892666,40.336122],[-79.892718,40.336049],[-79.892788,40.335962],[-79.892842,40.335889],[-79.892872,40.335827],[-79.8929,40.335777],[-79.892941,40.335695],[-79.892975,40.335634],[-79.892977,40.335633],[-79.893015,40.335579],[-79.893045,40.335528],[-79.893087,40.335469],[-79.893143,40.335391],[-79.893175,40.335342],[-79.893211,40.335291],[-79.893249,40.335243],[-79.893309,40.335165],[-79.893348,40.335115],[-79.893389,40.335056],[-79.893444,40.334968],[-79.893475,40.334918],[-79.893506,40.334866],[-79.893536,40.334811],[-79.893564,40.334753],[-79.893589,40.334695],[-79.893639,40.334592],[-79.893682,40.334505],[-79.893723,40.334406],[-79.893739,40.33435],[-79.893753,40.334292],[-79.893771,40.334186],[-79.893788,40.334106],[-79.893813,40.334028],[-79.893834,40.333975],[-79.893879,40.333871],[-79.893916,40.333791],[-79.89395,40.333717],[-79.893982,40.33363],[-79.894,40.333575],[-79.894016,40.333507],[-79.89404,40.333424],[-79.894074,40.333333],[-79.894116,40.333241],[-79.894154,40.333154],[-79.894183,40.333079],[-79.894207,40.333011],[-79.894227,40.33295],[-79.894255,40.332844],[-79.894291,40.332757],[-79.894319,40.332698],[-79.894348,40.332628],[-79.894365,40.332575],[-79.894399,40.332467],[-79.894428,40.332388],[-79.894453,40.33232],[-79.894487,40.332233],[-79.894524,40.332139],[-79.894547,40.332084],[-79.894572,40.332033],[-79.894598,40.331981],[-79.894639,40.331886],[-79.894668,40.331812],[-79.894701,40.331741],[-79.894739,40.331661],[-79.894773,40.331571],[-79.894812,40.331467],[-79.89485,40.331371],[-79.894875,40.331281],[-79.894893,40.331194],[-79.894916,40.331115],[-79.894943,40.331035],[-79.894977,40.330952],[-79.895016,40.330875],[-79.895049,40.330809],[-79.895096,40.330716],[-79.89512,40.330663],[-79.89514,40.330609],[-79.895154,40.330549],[-79.895177,40.330439],[-79.895192,40.33035],[-79.895207,40.33027],[-79.895236,40.330171],[-79.895264,40.330068],[-79.895278,40.330014],[-79.895298,40.329914],[-79.89532,40.329825],[-79.895346,40.329772],[-79.895374,40.329706],[-79.895384,40.329608],[-79.895385,40.329599],[-79.895416,40.329524],[-79.895463,40.329436],[-79.895492,40.329358],[-79.895505,40.329285],[-79.895514,40.329211],[-79.895522,40.329129],[-79.895524,40.329043],[-79.895526,40.32894],[-79.895532,40.328847],[-79.895537,40.328752],[-79.89555,40.328653],[-79.895565,40.328579],[-79.895571,40.328499],[-79.89559,40.328407],[-79.895605,40.328348],[-79.895622,40.32829],[-79.895635,40.328232],[-79.895648,40.328175],[-79.895673,40.328082],[-79.895699,40.328008],[-79.89572,40.327915],[-79.895725,40.327855],[-79.895725,40.327793],[-79.895736,40.327681],[-79.89574,40.327588],[-79.895745,40.327496],[-79.895747,40.327439],[-79.895746,40.327379],[-79.895749,40.327315],[-79.895753,40.32725],[-79.895759,40.327189],[-79.895769,40.327089],[-79.89579,40.327009],[-79.895819,40.326923],[-79.895845,40.32682],[-79.895848,40.326757],[-79.895848,40.326693],[-79.895851,40.326629],[-79.895852,40.326568],[-79.895854,40.326511],[-79.895856,40.326467],[-79.895858,40.326418],[-79.895857,40.326343],[-79.895858,40.326261],[-79.895874,40.32617],[-79.895896,40.326066],[-79.895905,40.326009],[-79.895913,40.325949],[-79.89592,40.325887],[-79.895926,40.325826],[-79.895931,40.325763],[-79.895932,40.325697],[-79.895933,40.325626],[-79.895932,40.325549],[-79.89593,40.32547],[-79.895931,40.325399],[-79.895938,40.325334],[-79.895959,40.32523],[-79.89597,40.325162],[-79.89598,40.325104],[-79.896006,40.325012],[-79.89602,40.324948],[-79.896033,40.324881],[-79.896042,40.32481],[-79.896049,40.324747],[-79.896053,40.324687],[-79.896057,40.324594],[-79.896064,40.32452],[-79.896077,40.324439],[-79.896082,40.324382],[-79.896087,40.324301],[-79.896092,40.324228],[-79.8961,40.324142],[-79.8961,40.32405],[-79.896099,40.323974],[-79.896096,40.323897],[-79.896097,40.323832],[-79.896098,40.323754],[-79.896099,40.32368],[-79.8961,40.323645],[-79.8961,40.323606],[-79.89611,40.323514],[-79.896119,40.323459],[-79.896139,40.323371],[-79.896159,40.323298],[-79.896185,40.323219],[-79.896201,40.323164],[-79.89621,40.323095],[-79.896211,40.323021],[-79.896219,40.322948],[-79.896217,40.32289],[-79.896203,40.322833],[-79.896197,40.322773],[-79.896194,40.322711],[-79.896191,40.322644],[-79.896202,40.32259],[-79.896213,40.322504],[-79.896213,40.322444],[-79.896214,40.322387],[-79.89621,40.322321],[-79.8962,40.322251],[-79.896186,40.322193],[-79.896161,40.32213],[-79.896137,40.322064],[-79.896118,40.32201],[-79.896097,40.32195],[-79.896077,40.321888],[-79.89607,40.321812],[-79.89607,40.321736],[-79.896056,40.321675],[-79.896039,40.321621],[-79.89602,40.32155],[-79.896001,40.321494],[-79.895971,40.321428],[-79.895945,40.321366],[-79.895926,40.321308],[-79.895904,40.321246],[-79.895893,40.32118],[-79.895894,40.321162],[-79.896201,40.321097],[-79.896085,40.320776],[-79.895874,40.320821],[-79.895867,40.320815],[-79.895801,40.320773],[-79.895705,40.320695],[-79.895632,40.320574],[-79.89559,40.320497],[-79.895555,40.320443],[-79.895529,40.32039],[-79.895501,40.320333],[-79.895472,40.32028],[-79.895448,40.320249],[-79.895421,40.320193],[-79.895396,40.320142],[-79.895358,40.320092],[-79.895304,40.320032],[-79.895268,40.31997],[-79.895236,40.319904],[-79.895203,40.319853],[-79.895151,40.319801],[-79.895101,40.319753],[-79.895054,40.319704],[-79.895006,40.319657],[-79.894959,40.319599],[-79.894918,40.319551],[-79.894868,40.319485],[-79.894831,40.319427],[-79.894777,40.319386],[-79.894715,40.319354],[-79.894654,40.319318],[-79.894604,40.319278],[-79.894551,40.319225],[-79.894498,40.319175],[-79.894435,40.319126],[-79.894377,40.319075],[-79.894322,40.319021],[-79.894285,40.318964],[-79.894244,40.318911],[-79.894209,40.318862],[-79.894184,40.318807],[-79.894143,40.318755],[-79.894083,40.318709],[-79.894026,40.318673],[-79.893972,40.318629],[-79.893926,40.318585],[-79.893881,40.318542],[-79.893826,40.318499],[-79.893757,40.318455],[-79.893661,40.318391],[-79.893533,40.318258],[-79.893476,40.318213],[-79.893415,40.318165],[-79.893358,40.318115],[-79.893322,40.318067],[-79.893276,40.318012],[-79.893222,40.317965],[-79.893208,40.317955],[-79.893163,40.317908],[-79.893103,40.317872],[-79.893022,40.317829],[-79.892954,40.317791],[-79.892896,40.317754],[-79.892833,40.317713],[-79.892765,40.317666],[-79.892699,40.31762],[-79.892626,40.317575],[-79.892563,40.317535],[-79.8925,40.317488],[-79.892436,40.317438],[-79.89238,40.317394],[-79.892325,40.317355],[-79.89227,40.317317],[-79.892203,40.317264],[-79.892152,40.317219],[-79.892101,40.31717],[-79.892042,40.317126],[-79.891984,40.317088],[-79.891922,40.317042],[-79.891855,40.316993],[-79.891789,40.31695],[-79.891725,40.316908],[-79.891659,40.316866],[-79.891605,40.316826],[-79.891542,40.316775],[-79.891504,40.316745],[-79.891487,40.31673],[-79.891427,40.316686],[-79.89136,40.316646],[-79.891316,40.31662],[-79.891178,40.316525],[-79.891081,40.316453],[-79.891013,40.316414],[-79.890939,40.316371],[-79.890879,40.31633],[-79.89082,40.316279],[-79.89076,40.316233],[-79.890702,40.316197],[-79.89064,40.316159],[-79.890576,40.316118],[-79.890523,40.316076],[-79.890466,40.31603],[-79.890411,40.315993],[-79.890343,40.315957],[-79.890286,40.315917],[-79.89024,40.315875],[-79.890198,40.315815],[-79.890165,40.315758],[-79.890143,40.315705],[-79.890181,40.315668],[-79.890135,40.315626],[-79.889685,40.315362],[-79.889622,40.315401],[-79.889616,40.3154],[-79.889552,40.315388],[-79.889473,40.315372],[-79.889401,40.31536],[-79.889328,40.315344],[-79.889261,40.315321],[-79.889197,40.315296],[-79.889133,40.315266],[-79.889063,40.315226],[-79.889007,40.31514],[-79.889002,40.315133],[-79.889017,40.31513],[-79.888585,40.314795],[-79.888549,40.314822],[-79.888544,40.314822],[-79.888478,40.314822],[-79.888411,40.314787],[-79.888352,40.314744],[-79.888286,40.31471],[-79.888212,40.314682],[-79.888142,40.314657],[-79.888085,40.314615],[-79.888026,40.314572],[-79.887952,40.314534],[-79.887887,40.3145],[-79.887819,40.314454],[-79.88776,40.314413],[-79.887698,40.314376],[-79.887616,40.314341],[-79.887534,40.314309],[-79.887458,40.314263],[-79.887393,40.314224],[-79.887327,40.314196],[-79.887247,40.314163],[-79.88718,40.314133],[-79.887109,40.314093],[-79.887058,40.314071],[-79.886992,40.314042],[-79.886919,40.314005],[-79.88685,40.313964],[-79.886772,40.313926],[-79.886695,40.313898],[-79.886632,40.313871],[-79.886492,40.313791],[-79.886445,40.313763],[-79.886436,40.313758],[-79.88642,40.313749],[-79.886401,40.313738],[-79.886316,40.313705],[-79.886305,40.3137],[-79.886296,40.313696],[-79.886232,40.313663],[-79.886165,40.313636],[-79.886091,40.31361],[-79.88602,40.313584],[-79.885958,40.313545],[-79.885899,40.313505],[-79.88583,40.313471],[-79.885752,40.313433],[-79.885686,40.313405],[-79.885611,40.313369],[-79.885551,40.313335],[-79.885487,40.313304],[-79.885409,40.313266],[-79.885337,40.31323],[-79.88527,40.313192],[-79.885192,40.313158],[-79.885116,40.313128],[-79.885058,40.313096],[-79.88499,40.313051],[-79.88493,40.313016],[-79.884854,40.312983],[-79.88477,40.312956],[-79.884689,40.312928],[-79.884621,40.312898],[-79.884554,40.312863],[-79.884494,40.312826],[-79.884433,40.312795],[-79.884378,40.312758],[-79.884363,40.312747],[-79.884296,40.312713],[-79.884225,40.312688],[-79.884149,40.312663],[-79.884086,40.312632],[-79.88403,40.312594],[-79.883988,40.31255],[-79.883931,40.31251],[-79.883863,40.312476],[-79.883799,40.312451],[-79.883793,40.312449],[-79.883794,40.312394],[-79.883192,40.312244],[-79.883119,40.312238],[-79.883107,40.312236],[-79.883047,40.312226],[-79.882958,40.312207],[-79.882886,40.312183],[-79.882806,40.312162],[-79.882737,40.312137],[-79.882669,40.312106],[-79.882592,40.312074],[-79.882527,40.312044],[-79.882459,40.312007],[-79.8824,40.311969],[-79.882321,40.311936],[-79.882248,40.311913],[-79.882174,40.311888],[-79.882103,40.311855],[-79.882036,40.311829],[-79.88194,40.311795],[-79.881809,40.31175],[-79.881679,40.311713],[-79.881553,40.311692],[-79.881426,40.311663],[-79.881343,40.311651],[-79.881271,40.311637],[-79.881199,40.311623],[-79.881194,40.311622],[-79.881101,40.311601],[-79.88102,40.31159],[-79.880937,40.311571],[-79.880859,40.311556],[-79.880773,40.311541],[-79.880685,40.311526],[-79.880608,40.311512],[-79.880528,40.311493],[-79.88044,40.311476],[-79.880365,40.311461],[-79.880293,40.311447],[-79.880218,40.31143],[-79.88014,40.311413],[-79.88007,40.311398],[-79.879997,40.311383],[-79.879919,40.311365],[-79.879843,40.311344],[-79.87976,40.311328],[-79.879674,40.311319],[-79.879591,40.311306],[-79.879278,40.311237],[-79.87902,40.31117],[-79.878951,40.311152],[-79.87887,40.311134],[-79.878782,40.311112],[-79.878706,40.311086],[-79.878622,40.311052],[-79.878533,40.311022],[-79.878459,40.310997],[-79.878449,40.310993],[-79.878375,40.310973],[-79.878295,40.310955],[-79.878217,40.310928],[-79.878141,40.310902],[-79.878067,40.310878],[-79.877998,40.310856],[-79.877932,40.31083],[-79.877873,40.310798],[-79.87787,40.31075],[-79.877869,40.310738],[-79.877854,40.310681],[-79.877825,40.31063],[-79.877778,40.31058],[-79.877694,40.310555],[-79.877609,40.310544],[-79.877529,40.310543],[-79.877458,40.310554],[-79.877374,40.310575],[-79.877301,40.310581],[-79.877228,40.310576],[-79.876902,40.310489],[-79.876759,40.310434],[-79.876685,40.310406],[-79.876618,40.310382],[-79.876615,40.310381],[-79.876548,40.310352],[-79.876465,40.310321],[-79.876397,40.310295],[-79.876321,40.310256],[-79.876251,40.310227],[-79.876176,40.310199],[-79.876106,40.310168],[-79.876034,40.31013],[-79.875962,40.310082],[-79.875895,40.310044],[-79.875828,40.310011],[-79.875753,40.309977],[-79.875677,40.309938],[-79.875614,40.309899],[-79.875551,40.309859],[-79.875486,40.30982],[-79.875429,40.309781],[-79.875366,40.309738],[-79.875313,40.309702],[-79.875246,40.309656],[-79.87518,40.309608],[-79.875131,40.309567],[-79.875085,40.309524],[-79.875041,40.309479],[-79.874997,40.309429],[-79.874948,40.309393],[-79.874914,40.309342],[-79.874854,40.309304],[-79.874791,40.309273],[-79.874712,40.309238],[-79.874636,40.309212],[-79.874559,40.309177],[-79.874485,40.309144],[-79.874423,40.309111],[-79.87436,40.30907],[-79.874303,40.309037],[-79.874239,40.308992],[-79.874179,40.308937],[-79.874129,40.308878],[-79.874083,40.308829],[-79.874018,40.308786],[-79.873953,40.308742],[-79.873759,40.3086],[-79.873493,40.308399],[-79.873488,40.308394],[-79.873297,40.308249],[-79.873253,40.308214],[-79.873232,40.308197],[-79.873183,40.308153],[-79.873136,40.308111],[-79.873087,40.308069],[-79.873023,40.308016],[-79.872971,40.307971],[-79.872918,40.307926],[-79.872863,40.307866],[-79.8728,40.307804],[-79.872749,40.307759],[-79.872676,40.307701],[-79.872607,40.307652],[-79.872538,40.307601],[-79.872473,40.307552],[-79.872415,40.307506],[-79.872367,40.307463],[-79.872309,40.307413],[-79.872243,40.30736],[-79.872196,40.307318],[-79.872148,40.307274],[-79.872095,40.307231],[-79.872037,40.307186],[-79.871978,40.30713],[-79.871933,40.307073],[-79.871895,40.307022],[-79.871884,40.307008],[-79.871839,40.306948],[-79.871787,40.306891],[-79.871727,40.306847],[-79.871655,40.306797],[-79.871581,40.306745],[-79.871502,40.306695],[-79.871432,40.306649],[-79.871366,40.306605],[-79.871302,40.306559],[-79.871241,40.306513],[-79.871176,40.306461],[-79.871116,40.306405],[-79.871072,40.306351],[-79.871029,40.306303],[-79.870972,40.306254],[-79.870907,40.306202],[-79.870855,40.306156],[-79.8708,40.306104],[-79.870753,40.306054],[-79.870697,40.305995],[-79.870637,40.305943],[-79.870572,40.305892],[-79.870513,40.305844],[-79.870457,40.30579],[-79.87041,40.305736],[-79.87036,40.305688],[-79.870311,40.305645],[-79.870258,40.305598],[-79.870211,40.305556],[-79.870154,40.30551],[-79.870095,40.305475],[-79.870007,40.30543],[-79.869926,40.30538],[-79.869873,40.305339],[-79.86982,40.305297],[-79.869757,40.305237],[-79.869695,40.305178],[-79.869643,40.305136],[-79.86959,40.305092],[-79.869538,40.305047],[-79.869485,40.304997],[-79.869427,40.304946],[-79.869356,40.304888],[-79.869306,40.304848],[-79.869237,40.304797],[-79.869174,40.304753],[-79.869137,40.304696],[-79.869097,40.304648],[-79.869014,40.30462],[-79.868949,40.304579],[-79.868895,40.304534],[-79.868847,40.304493],[-79.868784,40.304439],[-79.868729,40.304386],[-79.868677,40.304333],[-79.86863,40.30429],[-79.868563,40.30423],[-79.868502,40.304176],[-79.868434,40.30412],[-79.86838,40.304072],[-79.868327,40.30402],[-79.868281,40.303965],[-79.868234,40.303914],[-79.868182,40.303852],[-79.868132,40.303785],[-79.868087,40.303726],[-79.868044,40.303673],[-79.868018,40.303644],[-79.867922,40.303546],[-79.867865,40.303477],[-79.867732,40.303336],[-79.867583,40.303166],[-79.867444,40.302981],[-79.867324,40.302815],[-79.867204,40.302656],[-79.867188,40.302634],[-79.867079,40.302474],[-79.866949,40.302307],[-79.866891,40.302239],[-79.866855,40.302163],[-79.86679,40.301999],[-79.866725,40.301846],[-79.866689,40.301687],[-79.866662,40.301523],[-79.866655,40.301361],[-79.866655,40.301347],[-79.866652,40.301193],[-79.866645,40.301116],[-79.866644,40.301115],[-79.866616,40.301034],[-79.866549,40.300885],[-79.866482,40.300721],[-79.86644,40.300639],[-79.866324,40.300399],[-79.866222,40.300106],[-79.866103,40.299593],[-79.866076,40.299501],[-79.866032,40.299053],[-79.86594,40.29869],[-79.865907,40.298397],[-79.865821,40.298067],[-79.86567,40.2973],[-79.865668,40.297289],[-79.865643,40.297132],[-79.865605,40.296966],[-79.865584,40.296809],[-79.865462,40.296162],[-79.865424,40.295673],[-79.865426,40.295361],[-79.865443,40.295199],[-79.8655,40.295034],[-79.865541,40.294937],[-79.865553,40.294875],[-79.865585,40.294593],[-79.865672,40.294276],[-79.865685,40.294221],[-79.865685,40.294212],[-79.865684,40.293968],[-79.865658,40.293791],[-79.865661,40.293628],[-79.865698,40.293358],[-79.865853,40.292812],[-79.86622,40.291876],[-79.86644,40.291467],[-79.866466,40.291422],[-79.866506,40.291349],[-79.866534,40.291297],[-79.866541,40.291284],[-79.866573,40.291223],[-79.866607,40.291161],[-79.866642,40.291107],[-79.866678,40.291049],[-79.866727,40.290986],[-79.866764,40.290929],[-79.866799,40.290875],[-79.866845,40.290809],[-79.866891,40.29074],[-79.86693,40.290692],[-79.866982,40.290625],[-79.867015,40.290568],[-79.867041,40.290512],[-79.867083,40.290455],[-79.867127,40.290387],[-79.867167,40.290334],[-79.867202,40.290279],[-79.867237,40.29022],[-79.867272,40.29017],[-79.867312,40.290113],[-79.867346,40.290047],[-79.867375,40.289995],[-79.867411,40.289935],[-79.867446,40.289878],[-79.867492,40.289824],[-79.867539,40.289773],[-79.867593,40.28971],[-79.867641,40.289657],[-79.867696,40.289599],[-79.86775,40.289545],[-79.867809,40.289487],[-79.867869,40.289433],[-79.867916,40.289382],[-79.867961,40.28933],[-79.868011,40.289265],[-79.868055,40.2892],[-79.868102,40.28914],[-79.868144,40.289082],[-79.868199,40.289021],[-79.868257,40.288956],[-79.868316,40.288894],[-79.868364,40.288849],[-79.868415,40.288801],[-79.868458,40.288753],[-79.8685,40.288705],[-79.86854,40.288658],[-79.868583,40.288609],[-79.868631,40.288556],[-79.868688,40.288498],[-79.868735,40.288458],[-79.868789,40.288402],[-79.868839,40.288352],[-79.868891,40.288301],[-79.868947,40.288248],[-79.868999,40.288192],[-79.869053,40.288134],[-79.869098,40.288077],[-79.869139,40.288017],[-79.869181,40.287951],[-79.869202,40.287893],[-79.869233,40.287833],[-79.869271,40.287764],[-79.869308,40.287707],[-79.869352,40.287652],[-79.869409,40.287591],[-79.869423,40.287578],[-79.869469,40.287537],[-79.869528,40.287476],[-79.869619,40.287362],[-79.869658,40.287307],[-79.869786,40.287106],[-79.869861,40.28701],[-79.870137,40.286712],[-79.87017,40.286677],[-79.870428,40.286438],[-79.870579,40.286277],[-79.870868,40.286025],[-79.871066,40.285873],[-79.871239,40.285753],[-79.871301,40.285708],[-79.871352,40.285665],[-79.871407,40.285609],[-79.871518,40.285506],[-79.871681,40.285344],[-79.871777,40.285257],[-79.871888,40.285173],[-79.871947,40.285133],[-79.871981,40.285112],[-79.872071,40.285028],[-79.872432,40.284794],[-79.873135,40.284236],[-79.873178,40.284208],[-79.873194,40.284219],[-79.873225,40.284157],[-79.873267,40.284111],[-79.873322,40.284071],[-79.873383,40.284032],[-79.873488,40.283936],[-79.873539,40.283897],[-79.873595,40.283861],[-79.87367,40.283819],[-79.873844,40.283752],[-79.873984,40.283703],[-79.874232,40.283636],[-79.874298,40.283599],[-79.87443,40.283515],[-79.874753,40.283288],[-79.874977,40.283151],[-79.875031,40.283113],[-79.875091,40.283082],[-79.875293,40.282946],[-79.875542,40.282768],[-79.875749,40.282588],[-79.875898,40.28248],[-79.875956,40.282443],[-79.876179,40.282326],[-79.87633,40.282252],[-79.876702,40.282063],[-79.876779,40.282043],[-79.876855,40.282037],[-79.876941,40.282018],[-79.877015,40.28197],[-79.877037,40.281917],[-79.877049,40.281859],[-79.877078,40.281837],[-79.877106,40.281814],[-79.877236,40.281765],[-79.8773,40.281732],[-79.877366,40.281684],[-79.877472,40.28159],[-79.877578,40.281506],[-79.87763,40.281462],[-79.877757,40.281367],[-79.878104,40.281172],[-79.878287,40.281059],[-79.878344,40.281025],[-79.878413,40.280979],[-79.878489,40.280934],[-79.878696,40.280829],[-79.878765,40.280801],[-79.878841,40.280774],[-79.879069,40.28068],[-79.879352,40.280553],[-79.879417,40.280516],[-79.879481,40.280474],[-79.879608,40.280382],[-79.879664,40.280332],[-79.879675,40.28027],[-79.879733,40.28022],[-79.879801,40.28017],[-79.879866,40.280116],[-79.880006,40.280018],[-79.880116,40.279918],[-79.880194,40.279881],[-79.880275,40.279852],[-79.880335,40.27981],[-79.880388,40.279761],[-79.880451,40.27971],[-79.880533,40.279668],[-79.880616,40.279631],[-79.880681,40.279607],[-79.880743,40.279577],[-79.880805,40.279541],[-79.881326,40.279189],[-79.881567,40.27905],[-79.881683,40.27897],[-79.881905,40.278784],[-79.882313,40.278509],[-79.882623,40.278347],[-79.882674,40.278309],[-79.882751,40.278199],[-79.882879,40.278099],[-79.883077,40.27797],[-79.883279,40.277856],[-79.883285,40.277852],[-79.883346,40.277822],[-79.883412,40.277793],[-79.883489,40.277784],[-79.883555,40.277797],[-79.884712,40.276712],[-79.88469,40.276654],[-79.884713,40.276594],[-79.884783,40.276563],[-79.884852,40.276547],[-79.885014,40.276539],[-79.885088,40.276539],[-79.885164,40.276538],[-79.885237,40.276531],[-79.885301,40.276499],[-79.885343,40.276457],[-79.885347,40.276453],[-79.885388,40.276398],[-79.885405,40.276338],[-79.885413,40.276225],[-79.885459,40.276096],[-79.885518,40.27599],[-79.885553,40.27594],[-79.885593,40.275891],[-79.885704,40.275767],[-79.885747,40.275709],[-79.885771,40.275653],[-79.885801,40.275599],[-79.885872,40.275577],[-79.885931,40.27553],[-79.886028,40.275414],[-79.886064,40.275365],[-79.886099,40.27531],[-79.886282,40.275093],[-79.886337,40.275041],[-79.886437,40.274933],[-79.886548,40.27483],[-79.886979,40.27451],[-79.887129,40.274406],[-79.887142,40.274391],[-79.887172,40.274359],[-79.887371,40.274074],[-79.887471,40.273958],[-79.887524,40.273903],[-79.887778,40.273689],[-79.887905,40.273599],[-79.887969,40.273561],[-79.888036,40.273527],[-79.888103,40.273503],[-79.888131,40.27349],[-79.88852,40.273124],[-79.888518,40.273054],[-79.8885,40.272996],[-79.888526,40.272944],[-79.88858,40.272888],[-79.888677,40.272804],[-79.888724,40.272758],[-79.889884,40.271812],[-79.889939,40.271754],[-79.89015,40.271565],[-79.89035,40.271397],[-79.890397,40.271355],[-79.890772,40.270996],[-79.890978,40.270819],[-79.891168,40.270678],[-79.891307,40.270588],[-79.891444,40.270481],[-79.891633,40.270319],[-79.891925,40.270107],[-79.892286,40.269888],[-79.892399,40.269798],[-79.892597,40.269666],[-79.892807,40.269536],[-79.89294,40.269438],[-79.893041,40.269347],[-79.89318,40.269184],[-79.893222,40.269128],[-79.893253,40.269076],[-79.893303,40.269014],[-79.893659,40.268665],[-79.893833,40.268515],[-79.89396,40.26842],[-79.894088,40.268305],[-79.894151,40.268251],[-79.894269,40.268141],[-79.894277,40.268134],[-79.894849,40.267627],[-79.895221,40.267331],[-79.895664,40.267007],[-79.89572,40.266962],[-79.895822,40.266862],[-79.895873,40.266818],[-79.89593,40.266782],[-79.895969,40.266786],[-79.897497,40.265445],[-79.897506,40.265436],[-79.899286,40.263866],[-79.899294,40.263859],[-79.89937,40.263792],[-79.900253,40.262991],[-79.901245,40.26209],[-79.901257,40.262073],[-79.90125,40.262069],[-79.90129,40.262011],[-79.901339,40.26197],[-79.9014,40.261926],[-79.901442,40.261865],[-79.901481,40.261803],[-79.901527,40.261752],[-79.90159,40.2617],[-79.901654,40.261662],[-79.901727,40.261623],[-79.901788,40.261592],[-79.90186,40.261559],[-79.901928,40.261536],[-79.902006,40.261505],[-79.902078,40.261474],[-79.90215,40.261438],[-79.902226,40.261393],[-79.902283,40.261356],[-79.902343,40.261315],[-79.902394,40.261269],[-79.902463,40.261219],[-79.902538,40.261177],[-79.902596,40.261144],[-79.902658,40.261111],[-79.902723,40.261081],[-79.902788,40.261049],[-79.902851,40.261022],[-79.902942,40.260979],[-79.903034,40.260937],[-79.903103,40.260904],[-79.903196,40.260862],[-79.903259,40.260828],[-79.903318,40.260794],[-79.903396,40.260753],[-79.903476,40.260711],[-79.90355,40.260672],[-79.903626,40.260632],[-79.903711,40.260592],[-79.903788,40.260562],[-79.903875,40.260539],[-79.90395,40.260526],[-79.904027,40.260502],[-79.904113,40.260476],[-79.904184,40.260449],[-79.904259,40.260412],[-79.904342,40.260365],[-79.904418,40.260316],[-79.904499,40.260262],[-79.904501,40.26026],[-79.904696,40.260182],[-79.904907,40.26005],[-79.905059,40.259979],[-79.905184,40.259917],[-79.905237,40.25987],[-79.9054,40.259798],[-79.905484,40.259707],[-79.905701,40.259491],[-79.905951,40.259318],[-79.90616,40.25919],[-79.906393,40.259078],[-79.906572,40.258988],[-79.906646,40.258954],[-79.906741,40.258913],[-79.90681,40.258881],[-79.906978,40.2588],[-79.906987,40.258795],[-79.907071,40.258752],[-79.907146,40.258689],[-79.90723,40.258625],[-79.907327,40.258573],[-79.907398,40.258532],[-79.907436,40.258471],[-79.907465,40.258436],[-79.907515,40.258415],[-79.907513,40.258415],[-79.907518,40.258412],[-79.907602,40.258347],[-79.907706,40.258261],[-79.907788,40.258163],[-79.90792,40.258023],[-79.908086,40.257846],[-79.908181,40.257748],[-79.908251,40.257686],[-79.90839,40.257627],[-79.908506,40.257535],[-79.90861,40.257449],[-79.908666,40.257384],[-79.908781,40.257289],[-79.908871,40.257224],[-79.908964,40.257119],[-79.909033,40.257045],[-79.90911,40.256937],[-79.90918,40.256845],[-79.909321,40.256729],[-79.909417,40.25667],[-79.90947,40.256628],[-79.909521,40.256574],[-79.909563,40.256504],[-79.909675,40.256422],[-79.909732,40.256351],[-79.90981,40.256332],[-79.909851,40.256283],[-79.909897,40.256219],[-79.909968,40.256101],[-79.91005,40.256001],[-79.91016,40.25591],[-79.910261,40.255861],[-79.910334,40.255811],[-79.910434,40.255737],[-79.910554,40.255594],[-79.910635,40.255516],[-79.910755,40.255399],[-79.910851,40.255329],[-79.910915,40.255261],[-79.910942,40.255209],[-79.910982,40.255152],[-79.911063,40.255051],[-79.911117,40.254978],[-79.911175,40.254943],[-79.911233,40.254933],[-79.911274,40.254923],[-79.911314,40.254887],[-79.911326,40.25483],[-79.911324,40.254802],[-79.911342,40.254783],[-79.911385,40.254798],[-79.9115,40.254566],[-79.911681,40.254199],[-79.911755,40.254014],[-79.911785,40.253984],[-79.911991,40.253522],[-79.912221,40.253077],[-79.912177,40.252995],[-79.912199,40.252937],[-79.912235,40.252853],[-79.912282,40.252775],[-79.912343,40.252658],[-79.912413,40.252569],[-79.912456,40.252475],[-79.912494,40.252369],[-79.912545,40.252265],[-79.912612,40.252193],[-79.912701,40.252153],[-79.912814,40.252106],[-79.912839,40.252051],[-79.912805,40.252028],[-79.912768,40.252017],[-79.912789,40.251973],[-79.912812,40.251925],[-79.912903,40.251812],[-79.912939,40.251716],[-79.91298,40.251568],[-79.913031,40.251442],[-79.913115,40.251225],[-79.913213,40.251045],[-79.913343,40.250895],[-79.913603,40.250638],[-79.914109,40.250099],[-79.914761,40.249534],[-79.915054,40.249299],[-79.915562,40.248883],[-79.915832,40.248689],[-79.916071,40.248518],[-79.916441,40.248248],[-79.916525,40.248187],[-79.916956,40.247885],[-79.916957,40.247884],[-79.917534,40.247523],[-79.917982,40.247221],[-79.918476,40.246953],[-79.919076,40.246644],[-79.919469,40.246429],[-79.919921,40.2462],[-79.920367,40.245992],[-79.920904,40.245755],[-79.921163,40.245641],[-79.921351,40.245482],[-79.921414,40.245363],[-79.921532,40.245187],[-79.921799,40.245008],[-79.922115,40.244834],[-79.92267,40.244582],[-79.923234,40.244298],[-79.923843,40.244009],[-79.92414,40.243854],[-79.924426,40.243782],[-79.924565,40.243747],[-79.924614,40.243688],[-79.924618,40.243607],[-79.924634,40.243602],[-79.924678,40.243589],[-79.924692,40.243598],[-79.924727,40.243632],[-79.924759,40.243652],[-79.924811,40.243653],[-79.924855,40.243639],[-79.92496,40.243584],[-79.925192,40.243437],[-79.925764,40.243117],[-79.926015,40.243029],[-79.926249,40.242971],[-79.92656,40.242808],[-79.926883,40.242712],[-79.927325,40.24257],[-79.927898,40.242391],[-79.928392,40.242225],[-79.928827,40.24207],[-79.929197,40.241995],[-79.929735,40.241833],[-79.929791,40.241825],[-79.929979,40.241797],[-79.930221,40.241733],[-79.930547,40.241672],[-79.930798,40.241628],[-79.931059,40.241534],[-79.931288,40.241462],[-79.931394,40.241439],[-79.931608,40.241408],[-79.931805,40.241367],[-79.931948,40.24128],[-79.932277,40.241197],[-79.932603,40.241137],[-79.933108,40.241077],[-79.933249,40.241059],[-79.933287,40.241037],[-79.933533,40.240987],[-79.934145,40.240859],[-79.934528,40.240788],[-79.934566,40.240781],[-79.934631,40.240766],[-79.934848,40.240718],[-79.935225,40.240667],[-79.935412,40.240626],[-79.935649,40.240593],[-79.935917,40.240541],[-79.936122,40.240514],[-79.936383,40.240466],[-79.936565,40.240449],[-79.936692,40.240441],[-79.936795,40.240434],[-79.93691,40.240428],[-79.937054,40.240414],[-79.9374,40.240391],[-79.937942,40.240329],[-79.938322,40.240282],[-79.938769,40.240235],[-79.939082,40.240226],[-79.939395,40.240207],[-79.93981,40.240178],[-79.94013,40.240171],[-79.940372,40.240156],[-79.940883,40.240122],[-79.941191,40.240115],[-79.941477,40.240105],[-79.941591,40.240102],[-79.941761,40.240089],[-79.941824,40.240086],[-79.942055,40.240092],[-79.942437,40.240081],[-79.942965,40.240061],[-79.943475,40.240072],[-79.943892,40.240071],[-79.944374,40.240073],[-79.94496,40.240074],[-79.945288,40.24008],[-79.945825,40.24009],[-79.946223,40.240081],[-79.946674,40.240077],[-79.947048,40.240054],[-79.947318,40.240025],[-79.947695,40.24001],[-79.948075,40.239997],[-79.948441,40.239991],[-79.94885,40.23998],[-79.949244,40.239977],[-79.949775,40.239951],[-79.949914,40.239944],[-79.950207,40.239941],[-79.950576,40.239937],[-79.951138,40.239902],[-79.951456,40.239891],[-79.951795,40.239863],[-79.952113,40.239848],[-79.952668,40.2398],[-79.953031,40.239744],[-79.953388,40.239691],[-79.953926,40.239624],[-79.954329,40.239558],[-79.954656,40.239493],[-79.955115,40.239436],[-79.955451,40.239375],[-79.955925,40.23932],[-79.956127,40.239302],[-79.956385,40.239261],[-79.956686,40.239202],[-79.956934,40.239162],[-79.957144,40.239108],[-79.957479,40.239028],[-79.957756,40.238967],[-79.957912,40.238933],[-79.958307,40.23883],[-79.958484,40.238783],[-79.958989,40.238641],[-79.959417,40.238538],[-79.9598,40.238452],[-79.960219,40.238352],[-79.960531,40.238298],[-79.960816,40.238209],[-79.961199,40.238054],[-79.961549,40.237926],[-79.961981,40.237737],[-79.962114,40.237675],[-79.962332,40.237557],[-79.962687,40.237405],[-79.96292,40.237292],[-79.963173,40.237184],[-79.963579,40.237002],[-79.963998,40.236808],[-79.964252,40.23666],[-79.964529,40.236501],[-79.964951,40.236229],[-79.965261,40.236047],[-79.965559,40.235849],[-79.965916,40.235591],[-79.966155,40.235441],[-79.966371,40.235273],[-79.966443,40.23521],[-79.966547,40.235119],[-79.966805,40.234921],[-79.967037,40.234743],[-79.967288,40.234494],[-79.967553,40.234248],[-79.967774,40.234015],[-79.968028,40.233749],[-79.968216,40.233551],[-79.968335,40.233399],[-79.968525,40.233085],[-79.968546,40.232952],[-79.968523,40.232792],[-79.968551,40.232688],[-79.96859,40.232494],[-79.968702,40.232282],[-79.968824,40.232083],[-79.968867,40.231911],[-79.9689,40.231808],[-79.968965,40.231604],[-79.969085,40.231246],[-79.969164,40.230951],[-79.969248,40.230727],[-79.969281,40.230631],[-79.969345,40.230312],[-79.969438,40.230003],[-79.969471,40.229666],[-79.969453,40.229271],[-79.969452,40.229245],[-79.969425,40.228839],[-79.969356,40.228358],[-79.969304,40.228048],[-79.969193,40.227675],[-79.969095,40.227319],[-79.969048,40.227039],[-79.968997,40.226881],[-79.968814,40.22663],[-79.968671,40.22634],[-79.968543,40.226068],[-79.968433,40.225827],[-79.968291,40.225439],[-79.968104,40.225196],[-79.967944,40.224983],[-79.967771,40.224778],[-79.967545,40.224513],[-79.967242,40.224185],[-79.967073,40.224074],[-79.966978,40.224003],[-79.966914,40.223926],[-79.966847,40.223845],[-79.966823,40.223787],[-79.966759,40.223715],[-79.966646,40.223641],[-79.96649,40.223517],[-79.966443,40.223469],[-79.966361,40.223387],[-79.966321,40.223347],[-79.966214,40.223251],[-79.966077,40.22313],[-79.965828,40.222924],[-79.965611,40.222677],[-79.965519,40.222597],[-79.96525,40.222403],[-79.965026,40.222282],[-79.964808,40.222125],[-79.96459,40.221918],[-79.964376,40.221734],[-79.964203,40.221581],[-79.964055,40.221437],[-79.963898,40.221304],[-79.963778,40.221221],[-79.963692,40.221161],[-79.963504,40.221015],[-79.963444,40.220968],[-79.963149,40.220719],[-79.96289,40.220473],[-79.962851,40.220417],[-79.962833,40.220392],[-79.962798,40.22038],[-79.962759,40.220382],[-79.962718,40.220374],[-79.962602,40.220295],[-79.962283,40.220042],[-79.962011,40.219834],[-79.96178,40.219638],[-79.961729,40.219581],[-79.961665,40.219524],[-79.961665,40.219523],[-79.961631,40.21947],[-79.961587,40.219411],[-79.961521,40.21934],[-79.961417,40.219272],[-79.961341,40.21922],[-79.961264,40.219171],[-79.961192,40.21914],[-79.961103,40.219109],[-79.961027,40.21908],[-79.960954,40.219037],[-79.960873,40.21898],[-79.960778,40.218913],[-79.960701,40.218845],[-79.960644,40.218786],[-79.960555,40.2187],[-79.960483,40.218634],[-79.960386,40.218564],[-79.960296,40.218498],[-79.960231,40.218441],[-79.960133,40.218358],[-79.960047,40.218298],[-79.959961,40.218251],[-79.959875,40.218204],[-79.959803,40.218158],[-79.959729,40.218114],[-79.959666,40.218071],[-79.959598,40.218024],[-79.959534,40.217967],[-79.959454,40.217893],[-79.959371,40.217818],[-79.959302,40.217757],[-79.959227,40.217681],[-79.959136,40.21761],[-79.959057,40.217534],[-79.958974,40.217449],[-79.958896,40.217374],[-79.958818,40.217307],[-79.95875,40.217232],[-79.958669,40.217151],[-79.958585,40.217076],[-79.958498,40.216993],[-79.958411,40.216918],[-79.958327,40.216832],[-79.958256,40.216757],[-79.9582,40.216705],[-79.958119,40.216632],[-79.958031,40.216551],[-79.957947,40.216476],[-79.957867,40.216405],[-79.957784,40.216343],[-79.95768,40.216265],[-79.957603,40.216201],[-79.957544,40.216149],[-79.957468,40.216076],[-79.957361,40.215998],[-79.957264,40.21593],[-79.95718,40.215868],[-79.957112,40.2158],[-79.95706,40.215753],[-79.956973,40.215689],[-79.956886,40.215617],[-79.956825,40.215556],[-79.956752,40.215508],[-79.95664,40.215435],[-79.956533,40.215367],[-79.956468,40.21532],[-79.95636,40.21526],[-79.956261,40.215211],[-79.956155,40.21514],[-79.956058,40.215076],[-79.955967,40.21502],[-79.955876,40.21497],[-79.955784,40.214921],[-79.955666,40.214861],[-79.95554,40.214801],[-79.955441,40.214747],[-79.955352,40.214694],[-79.955245,40.214634],[-79.955136,40.21459],[-79.955038,40.214551],[-79.954922,40.214501],[-79.954802,40.214447],[-79.954686,40.214393],[-79.954587,40.214347],[-79.954477,40.214305],[-79.954353,40.214258],[-79.954244,40.214214],[-79.954137,40.214172],[-79.954021,40.214136],[-79.953889,40.214093],[-79.95377,40.214052],[-79.953672,40.214014],[-79.95357,40.213973],[-79.953463,40.213931],[-79.953349,40.213887],[-79.953242,40.213855],[-79.953166,40.213824],[-79.953072,40.213783],[-79.952974,40.213742],[-79.952893,40.213709],[-79.952791,40.213662],[-79.952704,40.21363],[-79.9526,40.213594],[-79.952475,40.213559],[-79.952342,40.213519],[-79.952219,40.213487],[-79.952104,40.213461],[-79.951963,40.213431],[-79.95185,40.213406],[-79.951708,40.213372],[-79.951595,40.213337],[-79.951479,40.213301],[-79.951355,40.213267],[-79.951252,40.213248],[-79.951179,40.213238],[-79.951066,40.213214],[-79.950946,40.213179],[-79.950847,40.213151],[-79.950745,40.213129],[-79.95065,40.213114],[-79.950544,40.213087],[-79.950437,40.213065],[-79.950322,40.213044],[-79.950191,40.21301],[-79.950066,40.212978],[-79.949964,40.212953],[-79.949822,40.212924],[-79.949775,40.212915],[-79.949704,40.212901],[-79.949585,40.212872],[-79.949483,40.212842],[-79.949356,40.212819],[-79.949251,40.212803],[-79.949146,40.212784],[-79.949035,40.212765],[-79.948952,40.212753],[-79.948833,40.212732],[-79.948769,40.212717],[-79.948663,40.212689],[-79.948546,40.212667],[-79.948416,40.212637],[-79.948315,40.212602],[-79.9482,40.212569],[-79.948076,40.212541],[-79.947981,40.21252],[-79.947831,40.21249],[-79.947713,40.212472],[-79.947595,40.212452],[-79.947505,40.212434],[-79.947383,40.212415],[-79.947309,40.212393],[-79.947213,40.21236],[-79.947089,40.212314],[-79.947031,40.212294],[-79.946911,40.212264],[-79.946856,40.21224],[-79.946787,40.21222],[-79.946679,40.212196],[-79.94656,40.212182],[-79.946474,40.21218],[-79.946376,40.212172],[-79.946263,40.212146],[-79.946171,40.212123],[-79.946049,40.212098],[-79.945932,40.212078],[-79.945859,40.212067],[-79.945742,40.212048],[-79.945641,40.212031],[-79.945519,40.212017],[-79.945415,40.212],[-79.945311,40.211978],[-79.945179,40.211945],[-79.945068,40.211919],[-79.944964,40.211886],[-79.944851,40.211855],[-79.944727,40.211828],[-79.944625,40.211807],[-79.944521,40.211776],[-79.944418,40.211742],[-79.944291,40.211703],[-79.944165,40.211695],[-79.944055,40.211692],[-79.943931,40.211688],[-79.943798,40.211683],[-79.943621,40.211674],[-79.943488,40.211661],[-79.943387,40.211644],[-79.943245,40.211608],[-79.943104,40.211567],[-79.942967,40.211529],[-79.942836,40.211488],[-79.942703,40.211463],[-79.942546,40.211435],[-79.942426,40.211418],[-79.942295,40.211386],[-79.942118,40.211349],[-79.941978,40.211319],[-79.941836,40.211285],[-79.941686,40.211256],[-79.941568,40.211231],[-79.941448,40.211212],[-79.941343,40.211203],[-79.941228,40.211203],[-79.941125,40.211199],[-79.940988,40.211193],[-79.940844,40.21117],[-79.940729,40.211142],[-79.940595,40.211115],[-79.940457,40.211091],[-79.940337,40.211064],[-79.940189,40.211028],[-79.940052,40.211004],[-79.939899,40.210983],[-79.939785,40.210968],[-79.939638,40.210947],[-79.939513,40.210928],[-79.939435,40.210908],[-79.939314,40.210874],[-79.939205,40.210864],[-79.939104,40.210867],[-79.938983,40.210869],[-79.938867,40.210855],[-79.93874,40.210823],[-79.938635,40.210788],[-79.93851,40.210762],[-79.938393,40.210735],[-79.938268,40.210711],[-79.938088,40.210662],[-79.937959,40.210633],[-79.93779,40.210595],[-79.937627,40.210559],[-79.937491,40.210525],[-79.937344,40.210484],[-79.937177,40.210427],[-79.937032,40.210374],[-79.936896,40.210339],[-79.936736,40.210303],[-79.936589,40.210264],[-79.936393,40.210212],[-79.936213,40.210162],[-79.936037,40.210116],[-79.935885,40.210077],[-79.935714,40.210027],[-79.935579,40.20998],[-79.935372,40.209918],[-79.935204,40.209865],[-79.935034,40.209805],[-79.935023,40.209801],[-79.934787,40.209724],[-79.934625,40.209662],[-79.934526,40.209642],[-79.934443,40.20962],[-79.934289,40.209556],[-79.934133,40.209514],[-79.933991,40.209473],[-79.933781,40.209402],[-79.933657,40.209354],[-79.93327,40.209219],[-79.933108,40.209175],[-79.933069,40.209164],[-79.932937,40.209107],[-79.932794,40.209045],[-79.932649,40.209054],[-79.932577,40.209076],[-79.932477,40.209055],[-79.932334,40.209034],[-79.931979,40.208946],[-79.931794,40.208903],[-79.931651,40.208868],[-79.931541,40.208839],[-79.931432,40.208816],[-79.931361,40.208776],[-79.931298,40.208737],[-79.931225,40.208695],[-79.931121,40.208646],[-79.930928,40.20859],[-79.930857,40.208579],[-79.930779,40.208564],[-79.930665,40.208533],[-79.930541,40.208506],[-79.930389,40.208469],[-79.93022,40.208416],[-79.930078,40.208375],[-79.929969,40.208351],[-79.929822,40.208331],[-79.929676,40.208316],[-79.929494,40.208257],[-79.929379,40.20822],[-79.929249,40.208196],[-79.929074,40.208158],[-79.928835,40.208096],[-79.928705,40.208057],[-79.928534,40.20798],[-79.928347,40.207908],[-79.928213,40.207864],[-79.928089,40.207822],[-79.927894,40.207761],[-79.927643,40.207656],[-79.927353,40.207544],[-79.927059,40.207422],[-79.926797,40.207323],[-79.926654,40.20725],[-79.926384,40.207142],[-79.926189,40.20706],[-79.926033,40.206995],[-79.925832,40.206913],[-79.925613,40.206825],[-79.925438,40.20675],[-79.925245,40.206665],[-79.924993,40.206562],[-79.924797,40.206483],[-79.924552,40.206377],[-79.924357,40.206302],[-79.924157,40.20622],[-79.923981,40.206139],[-79.92385,40.206072],[-79.923711,40.206012],[-79.923512,40.205917],[-79.923404,40.205863],[-79.923203,40.20576],[-79.923025,40.205665],[-79.92286,40.205579],[-79.92275,40.205528],[-79.922599,40.205453],[-79.922387,40.205343],[-79.922307,40.205305],[-79.922233,40.205261],[-79.92219,40.205236],[-79.922117,40.205188],[-79.922045,40.205136],[-79.921932,40.205051],[-79.921741,40.204911],[-79.921544,40.204778],[-79.921405,40.204692],[-79.921227,40.204561],[-79.921106,40.204463],[-79.92098,40.204362],[-79.920841,40.204237],[-79.920689,40.204098],[-79.920569,40.203992],[-79.92047,40.203906],[-79.920277,40.203747],[-79.920147,40.203642],[-79.920069,40.203535],[-79.920006,40.203411],[-79.919966,40.203347],[-79.919912,40.203296],[-79.919827,40.20325],[-79.919717,40.203167],[-79.919617,40.203068],[-79.919488,40.202937],[-79.919352,40.202797],[-79.919259,40.2027],[-79.919128,40.202574],[-79.919014,40.20246],[-79.918912,40.202361],[-79.918813,40.202278],[-79.918696,40.202191],[-79.91861,40.202108],[-79.918501,40.202003],[-79.918421,40.201927],[-79.918374,40.201875],[-79.918294,40.20181],[-79.918203,40.201756],[-79.918068,40.201664],[-79.91796,40.201588],[-79.917825,40.201485],[-79.917688,40.201401],[-79.91755,40.201308],[-79.91745,40.201246],[-79.917423,40.201224],[-79.917388,40.201188],[-79.917336,40.201143],[-79.917295,40.20112],[-79.917211,40.201101],[-79.917155,40.201091],[-79.917054,40.201071],[-79.916991,40.20105],[-79.916844,40.200986],[-79.916685,40.200916],[-79.916586,40.200875],[-79.916441,40.200792],[-79.916438,40.20079],[-79.916314,40.200719],[-79.916205,40.200664],[-79.916117,40.200625],[-79.915959,40.200532],[-79.915844,40.200467],[-79.915737,40.200407],[-79.915652,40.200357],[-79.915539,40.200274],[-79.915509,40.200255],[-79.915484,40.20024],[-79.91539,40.200198],[-79.915369,40.20019],[-79.915299,40.200164],[-79.915201,40.20012],[-79.915145,40.200095],[-79.915126,40.200079],[-79.915094,40.200051],[-79.91502,40.200003],[-79.914925,40.19999],[-79.914857,40.199962],[-79.91473,40.199905],[-79.914579,40.199826],[-79.914402,40.19974],[-79.914231,40.199646],[-79.914067,40.199552],[-79.913876,40.199464],[-79.913666,40.199368],[-79.91337,40.199234],[-79.913264,40.199179],[-79.912992,40.199068],[-79.912873,40.199022],[-79.912747,40.198971],[-79.912541,40.198898],[-79.912437,40.198861],[-79.912186,40.198767],[-79.912008,40.198709],[-79.911813,40.198654],[-79.911738,40.198633],[-79.911598,40.198588],[-79.911433,40.198546],[-79.911228,40.198488],[-79.911088,40.198443],[-79.910994,40.198416],[-79.910884,40.198388],[-79.910722,40.198343],[-79.910509,40.198306],[-79.910379,40.198277],[-79.910188,40.198225],[-79.909987,40.198184],[-79.90986,40.198158],[-79.909708,40.198125],[-79.909611,40.198105],[-79.909486,40.198074],[-79.909283,40.19802],[-79.909128,40.198001],[-79.908952,40.197969],[-79.908778,40.197936],[-79.908588,40.197899],[-79.908403,40.197866],[-79.908286,40.197845],[-79.907804,40.197751],[-79.907626,40.197718],[-79.907451,40.197683],[-79.907311,40.197653],[-79.907166,40.197626],[-79.90701,40.197591],[-79.906807,40.197549],[-79.906668,40.197528],[-79.906524,40.197498],[-79.906324,40.197447],[-79.906157,40.197417],[-79.906026,40.19739],[-79.905868,40.197351],[-79.905735,40.197313],[-79.90557,40.197264],[-79.905423,40.197224],[-79.905279,40.197189],[-79.905177,40.197161],[-79.905024,40.197125],[-79.904865,40.197086],[-79.90467,40.197035],[-79.904502,40.196986],[-79.90429,40.196919],[-79.903659,40.196744],[-79.90358,40.196726],[-79.903502,40.196709],[-79.90342,40.19669],[-79.903327,40.196665],[-79.903239,40.196637],[-79.903142,40.196604],[-79.90307,40.196578],[-79.902973,40.196552],[-79.902889,40.196529],[-79.902821,40.196508],[-79.902729,40.196479],[-79.902644,40.196458],[-79.902554,40.196429],[-79.902463,40.196403],[-79.902379,40.196385],[-79.902296,40.196369],[-79.902223,40.196354],[-79.902145,40.196334],[-79.90205,40.196313],[-79.90196,40.19629],[-79.901856,40.196263],[-79.901767,40.19624],[-79.90169,40.196224],[-79.901586,40.196203],[-79.901483,40.196188],[-79.901402,40.196175],[-79.901325,40.196158],[-79.901249,40.196144],[-79.901179,40.196129],[-79.901082,40.196106],[-79.901008,40.196088],[-79.900904,40.196065],[-79.900817,40.196048],[-79.900725,40.196032],[-79.90065,40.196018],[-79.900539,40.196009],[-79.900465,40.19601],[-79.900362,40.196012],[-79.900271,40.196017],[-79.900172,40.196023],[-79.900076,40.196025],[-79.89999,40.196026],[-79.899901,40.196018],[-79.899829,40.196008],[-79.899774,40.195992],[-79.899663,40.195966],[-79.899568,40.195949],[-79.899497,40.19594],[-79.899156,40.195881],[-79.899084,40.195873],[-79.89893,40.195852],[-79.898743,40.195811],[-79.898247,40.19572],[-79.897581,40.195568],[-79.897252,40.195473],[-79.897093,40.195439],[-79.89702,40.19542],[-79.896614,40.195343],[-79.895673,40.195197],[-79.895592,40.195189],[-79.895149,40.195184],[-79.895068,40.195175],[-79.894905,40.195114],[-79.894816,40.195102],[-79.894731,40.195101],[-79.894646,40.195104],[-79.894645,40.195104],[-79.894405,40.195135],[-79.894147,40.195156],[-79.894071,40.195164],[-79.89397,40.195166],[-79.893895,40.19517],[-79.893537,40.19518],[-79.893451,40.195186],[-79.893377,40.195196],[-79.893278,40.1952],[-79.893121,40.195202],[-79.892859,40.195215],[-79.892774,40.195215],[-79.892707,40.195195],[-79.89266,40.195117],[-79.892647,40.195116],[-79.892564,40.195122],[-79.892209,40.195173],[-79.892135,40.195186],[-79.892066,40.195209],[-79.892066,40.195235],[-79.892047,40.195262],[-79.891822,40.195272],[-79.891734,40.195274],[-79.89165,40.195284],[-79.891575,40.195306],[-79.891405,40.195346],[-79.89124,40.195391],[-79.890264,40.195561],[-79.890021,40.195618],[-79.889884,40.195674],[-79.889743,40.195721],[-79.88926,40.195824],[-79.889079,40.195854],[-79.889,40.195846],[-79.888923,40.195853],[-79.888836,40.195868],[-79.888751,40.195889],[-79.88867,40.195903],[-79.888538,40.195908],[-79.888442,40.19591],[-79.888182,40.195939],[-79.888026,40.195963],[-79.887712,40.196048],[-79.887628,40.196063],[-79.887468,40.196079],[-79.88738,40.196093],[-79.886781,40.196214],[-79.886687,40.196241],[-79.886447,40.196331],[-79.886122,40.196443],[-79.886034,40.196462],[-79.885874,40.196504],[-79.885782,40.196518],[-79.885701,40.19654],[-79.88545,40.196618],[-79.885361,40.196635],[-79.885257,40.196638],[-79.885184,40.196612],[-79.88514,40.196661],[-79.885079,40.196691],[-79.884999,40.196695],[-79.884837,40.196692],[-79.884742,40.196702],[-79.884649,40.196724],[-79.884584,40.196753],[-79.884526,40.196795],[-79.884506,40.196812],[-79.88447,40.196842],[-79.884448,40.196853],[-79.884402,40.196874],[-79.884332,40.196894],[-79.884212,40.19697],[-79.884131,40.197005],[-79.883985,40.19706],[-79.883827,40.197101],[-79.883681,40.197117],[-79.883602,40.197131],[-79.883527,40.197148],[-79.883352,40.197198],[-79.883279,40.197205],[-79.883196,40.197217],[-79.883107,40.197254],[-79.883107,40.197255],[-79.883045,40.197286],[-79.882968,40.197311],[-79.882795,40.19733],[-79.882695,40.197353],[-79.882538,40.19742],[-79.882456,40.197442],[-79.882273,40.197479],[-79.882016,40.197521],[-79.881845,40.197536],[-79.881326,40.197627],[-79.88113,40.197658],[-79.881027,40.197672],[-79.88065,40.197745],[-79.880476,40.197752],[-79.880313,40.197772],[-79.879993,40.19779],[-79.879809,40.197814],[-79.879567,40.197835],[-79.879396,40.197843],[-79.878757,40.197902],[-79.878215,40.19793],[-79.878122,40.197927],[-79.877592,40.197996],[-79.87752,40.198011],[-79.877299,40.198039],[-79.877118,40.198072],[-79.87675,40.198096],[-79.876485,40.1981],[-79.876386,40.198111],[-79.876321,40.198134],[-79.876234,40.198146],[-79.875992,40.198169],[-79.875714,40.198174],[-79.87564,40.198161],[-79.875478,40.198167],[-79.875384,40.198169],[-79.874967,40.198169],[-79.87488,40.198171],[-79.874443,40.198216],[-79.874367,40.19824],[-79.874325,40.198288],[-79.874255,40.198293],[-79.874175,40.198295],[-79.874,40.198292],[-79.873651,40.198289],[-79.873571,40.19829],[-79.873321,40.198313],[-79.87323,40.198318],[-79.873143,40.198325],[-79.872904,40.198329],[-79.872743,40.19832],[-79.872566,40.198342],[-79.872244,40.198347],[-79.872174,40.198356],[-79.872087,40.198377],[-79.871988,40.198389],[-79.871898,40.19839],[-79.871708,40.19839],[-79.871604,40.198392],[-79.871505,40.198387],[-79.871326,40.198367],[-79.871136,40.198365],[-79.871044,40.198373],[-79.870881,40.198376],[-79.8708,40.198378],[-79.87064,40.198381],[-79.870444,40.198384],[-79.870343,40.198387],[-79.869874,40.198386],[-79.869708,40.198376],[-79.869252,40.198367],[-79.869155,40.198358],[-79.869049,40.198352],[-79.868963,40.198352],[-79.868741,40.198301],[-79.868675,40.198312],[-79.86866,40.198314],[-79.868599,40.198278],[-79.868522,40.198265],[-79.86838,40.198317],[-79.868297,40.198342],[-79.868209,40.198356],[-79.868133,40.198357],[-79.868053,40.198355],[-79.868959,40.198077],[-79.869487,40.197642],[-79.870592,40.197425],[-79.871263,40.197406],[-79.873499,40.197295],[-79.876268,40.197184],[-79.878496,40.197005],[-79.88035,40.196799],[-79.881914,40.196528],[-79.884027,40.196013],[-79.885531,40.195662],[-79.887529,40.195121],[-79.888987,40.194831],[-79.890207,40.194671],[-79.892123,40.194445],[-79.893404,40.19435],[-79.894312,40.194377],[-79.894923,40.1944],[-79.896448,40.19451],[-79.898829,40.194926],[-79.900217,40.195182],[-79.901354,40.195342],[-79.904154,40.195872],[-79.906878,40.196383],[-79.909083,40.19683],[-79.910976,40.197295],[-79.912593,40.197776],[-79.91341,40.198111],[-79.914402,40.198542],[-79.914959,40.198798],[-79.91608,40.199469],[-79.916896,40.199877],[-79.917713,40.200286],[-79.918735,40.201167],[-79.919582,40.201773],[-79.920604,40.202479],[-79.921085,40.202799],[-79.92155,40.203311],[-79.922268,40.203791],[-79.922924,40.204207],[-79.923534,40.204592],[-79.923969,40.204894],[-79.92477,40.205424],[-79.925281,40.205744],[-79.925838,40.20603],[-79.926395,40.206256],[-79.927387,40.206671],[-79.927883,40.206832],[-79.928402,40.207022],[-79.928959,40.207213],[-79.92947,40.207358],[-79.930111,40.207533],[-79.930683,40.207663],[-79.931309,40.207808],[-79.932064,40.207984],[-79.932865,40.208109],[-79.933644,40.208319],[-79.934429,40.20859],[-79.93507,40.208815],[-79.93581,40.209071],[-79.936748,40.209391],[-79.937405,40.209582],[-79.939007,40.209998],[-79.939762,40.210062],[-79.940289,40.210062],[-79.94083,40.210093],[-79.941471,40.210143],[-79.942081,40.210158],[-79.942753,40.210173],[-79.943516,40.210238],[-79.944287,40.210303],[-79.945027,40.210398],[-79.945523,40.210478],[-79.94624,40.210608],[-79.947301,40.210814],[-79.947903,40.210944],[-79.948719,40.21115],[-79.949597,40.211359],[-79.950558,40.211615],[-79.951474,40.211901],[-79.952305,40.212206],[-79.953007,40.212447],[-79.95374,40.212717],[-79.954915,40.213263],[-79.955411,40.213438],[-79.956014,40.213789],[-79.956639,40.21419],[-79.957249,40.214541],[-79.957982,40.214941],[-79.958653,40.215437],[-79.959538,40.216143],[-79.959996,40.216479],[-79.960415,40.216734],[-79.961186,40.217406],[-79.962033,40.218111],[-79.962796,40.218767],[-79.963612,40.219469],[-79.964284,40.22011],[-79.965436,40.221144],[-79.966016,40.221678],[-79.966717,40.222384],[-79.967427,40.223086],[-79.968083,40.223776],[-79.968801,40.224623],[-79.969106,40.225039],[-79.969533,40.22566],[-79.969792,40.226],[-79.970082,40.226351],[-79.970288,40.226767],[-79.97051,40.227263],[-79.970769,40.228144],[-79.970845,40.228525],[-79.970914,40.228941],[-79.970944,40.229326],[-79.970945,40.229727],[-79.970884,40.230173],[-79.970769,40.230894],[-79.970655,40.2316],[-79.970495,40.232096],[-79.970258,40.232607],[-79.969938,40.233133],[-79.969709,40.233484],[-79.969281,40.234045],[-79.968862,40.234526],[-79.96829,40.235056],[-79.967779,40.235598],[-79.967359,40.235918],[-79.966932,40.236269],[-79.966436,40.236639],[-79.965696,40.23712],[-79.965024,40.237535],[-79.964482,40.237791],[-79.964001,40.237982],[-79.963376,40.238253],[-79.962819,40.238462],[-79.962193,40.238733],[-79.961667,40.238958],[-79.960622,40.239309],[-79.960034,40.239584],[-79.959424,40.239759],[-79.958531,40.23992],[-79.957776,40.24008],[-79.957036,40.240236],[-79.956479,40.240366],[-79.955708,40.240526],[-79.955052,40.240622],[-79.954465,40.240686],[-79.953793,40.240782],[-79.953137,40.240812],[-79.952,40.240892],[-79.95139,40.240942],[-79.950657,40.240973],[-79.950108,40.241007],[-79.949581,40.241053],[-79.948834,40.241102],[-79.948323,40.241117],[-79.947598,40.241133],[-79.947041,40.241167],[-79.945835,40.241232],[-79.944752,40.241232],[-79.943104,40.241327],[-79.941502,40.241453],[-79.939968,40.241503],[-79.939182,40.241583],[-79.938526,40.241648],[-79.937504,40.241774],[-79.936543,40.241869],[-79.935581,40.241964],[-79.934879,40.242079],[-79.933857,40.242384],[-79.933277,40.242445],[-79.932461,40.24264],[-79.93166,40.242846],[-79.930622,40.243135],[-79.929516,40.243437],[-79.928348,40.243791],[-79.927387,40.244158],[-79.926334,40.244718],[-79.925281,40.245134],[-79.924686,40.245455],[-79.924091,40.24568],[-79.923648,40.245901],[-79.922962,40.246157],[-79.922351,40.246477],[-79.921695,40.246862],[-79.920658,40.247408],[-79.920124,40.247663],[-79.919643,40.248014],[-79.918895,40.248461],[-79.918079,40.248911],[-79.917552,40.249262],[-79.916988,40.249613],[-79.916385,40.249998],[-79.915714,40.250559],[-79.915324,40.25099],[-79.914798,40.251406],[-79.914401,40.252172],[-79.914142,40.252527],[-79.915554,40.252958],[-79.915764,40.253041],[-79.915658,40.253259],[-79.915647,40.253303],[-79.915605,40.253378],[-79.915436,40.253536],[-79.915232,40.253768],[-79.915002,40.253998],[-79.914761,40.254208],[-79.914672,40.254295],[-79.914633,40.254397],[-79.914592,40.254504],[-79.914325,40.254848],[-79.914072,40.255193],[-79.913897,40.255459],[-79.913695,40.255824],[-79.913476,40.256157],[-79.913372,40.256305],[-79.913255,40.256403],[-79.913187,40.256469],[-79.913096,40.256576],[-79.913045,40.256655],[-79.912969,40.256749],[-79.91289,40.25682],[-79.91283,40.25685],[-79.912819,40.256926],[-79.912704,40.257034],[-79.912462,40.257303],[-79.912368,40.25748],[-79.912274,40.2576],[-79.912168,40.257726],[-79.912034,40.257892],[-79.911814,40.258091],[-79.911838,40.258165],[-79.91183,40.258262],[-79.911648,40.258412],[-79.911602,40.258449],[-79.911548,40.25859],[-79.91104,40.259008],[-79.910995,40.259044],[-79.910965,40.259069],[-79.910942,40.259155],[-79.91087,40.259201],[-79.910864,40.259227],[-79.910734,40.259331],[-79.910288,40.259676],[-79.910176,40.259737],[-79.909848,40.259914],[-79.909796,40.260024],[-79.909775,40.260068],[-79.909661,40.260208],[-79.909562,40.260302],[-79.909353,40.260414],[-79.909119,40.260559],[-79.908918,40.260739],[-79.908684,40.260957],[-79.908526,40.261159],[-79.908448,40.261249],[-79.908271,40.26134],[-79.908073,40.261468],[-79.907991,40.261498],[-79.907806,40.261558],[-79.907744,40.261576],[-79.907694,40.261602],[-79.907501,40.2617],[-79.90745,40.261726],[-79.907449,40.26176],[-79.907385,40.26185],[-79.907304,40.261912],[-79.907192,40.261972],[-79.907064,40.26198],[-79.907042,40.261983],[-79.90613,40.26252],[-79.906146,40.262538],[-79.906146,40.262565],[-79.90592,40.262685],[-79.905738,40.262796],[-79.905544,40.262917],[-79.905281,40.263056],[-79.904993,40.263217],[-79.904733,40.263391],[-79.904543,40.263515],[-79.904416,40.263584],[-79.904352,40.263625],[-79.904286,40.263668],[-79.904233,40.263707],[-79.904175,40.263746],[-79.904109,40.263789],[-79.90404,40.263844],[-79.903984,40.263886],[-79.903926,40.263923],[-79.903867,40.26396],[-79.903804,40.264004],[-79.903739,40.264057],[-79.903666,40.264107],[-79.903604,40.264156],[-79.903545,40.264205],[-79.903494,40.26425],[-79.90344,40.264296],[-79.903372,40.264342],[-79.903308,40.264372],[-79.90325,40.264413],[-79.903175,40.26447],[-79.903121,40.264515],[-79.903072,40.264556],[-79.903019,40.2646],[-79.902959,40.264647],[-79.902886,40.264704],[-79.902838,40.264746],[-79.90278,40.264797],[-79.902724,40.264839],[-79.902658,40.264889],[-79.902604,40.264928],[-79.902533,40.264968],[-79.902467,40.265007],[-79.902401,40.265047],[-79.902334,40.265088],[-79.902272,40.265123],[-79.902211,40.265167],[-79.902146,40.265207],[-79.902081,40.265247],[-79.902013,40.265292],[-79.901959,40.265329],[-79.901908,40.265369],[-79.901881,40.265421],[-79.900623,40.266093],[-79.900565,40.266132],[-79.900513,40.266185],[-79.900462,40.266241],[-79.900428,40.266294],[-79.900392,40.26635],[-79.900346,40.266402],[-79.9003,40.266446],[-79.900251,40.26649],[-79.900186,40.266541],[-79.900122,40.266589],[-79.90006,40.266637],[-79.900008,40.266675],[-79.899948,40.266714],[-79.899869,40.266758],[-79.899797,40.266801],[-79.899774,40.266819],[-79.899688,40.266891],[-79.899621,40.266932],[-79.899533,40.266958],[-79.899462,40.266972],[-79.899391,40.266982],[-79.899334,40.266983],[-79.899329,40.266987],[-79.897989,40.267956],[-79.897984,40.267984],[-79.897927,40.268016],[-79.897781,40.268069],[-79.897719,40.268102],[-79.897668,40.268134],[-79.897651,40.268144],[-79.897393,40.26841],[-79.897324,40.268461],[-79.897152,40.268599],[-79.897086,40.268647],[-79.896967,40.268723],[-79.896904,40.268756],[-79.896832,40.268786],[-79.896768,40.268821],[-79.8967,40.268864],[-79.896643,40.268912],[-79.896584,40.268968],[-79.896112,40.269484],[-79.895769,40.26981],[-79.895426,40.270168],[-79.895207,40.270369],[-79.894743,40.270752],[-79.894583,40.270894],[-79.894461,40.270991],[-79.894355,40.271091],[-79.893701,40.271591],[-79.893456,40.271812],[-79.893396,40.271859],[-79.893177,40.272068],[-79.892841,40.272318],[-79.892744,40.2724],[-79.892628,40.27251],[-79.892484,40.272624],[-79.892088,40.272939],[-79.891989,40.273037],[-79.891893,40.273152],[-79.891758,40.273257],[-79.891533,40.273483],[-79.891428,40.273598],[-79.891045,40.273946],[-79.890825,40.274121],[-79.890764,40.274182],[-79.890704,40.274235],[-79.890517,40.274423],[-79.89022,40.274676],[-79.890164,40.274719],[-79.890049,40.274822],[-79.889946,40.274941],[-79.889891,40.274999],[-79.889651,40.275227],[-79.889546,40.275332],[-79.889313,40.27556],[-79.889228,40.275654],[-79.889226,40.275656],[-79.889099,40.275811],[-79.889084,40.275829],[-79.888987,40.275929],[-79.88888,40.276021],[-79.888817,40.276066],[-79.888685,40.276146],[-79.88853,40.276218],[-79.888457,40.27624],[-79.888302,40.276274],[-79.888226,40.276305],[-79.888163,40.276355],[-79.888122,40.276403],[-79.888078,40.276536],[-79.888007,40.2767],[-79.887931,40.27681],[-79.887837,40.276907],[-79.887781,40.276957],[-79.887735,40.277004],[-79.887711,40.277035],[-79.887654,40.277077],[-79.88759,40.277112],[-79.887539,40.27716],[-79.887494,40.277212],[-79.887459,40.277266],[-79.887425,40.277313],[-79.887384,40.277372],[-79.887339,40.27742],[-79.887282,40.277459],[-79.887229,40.277504],[-79.887189,40.277555],[-79.887153,40.277614],[-79.887074,40.277728],[-79.887051,40.277762],[-79.887039,40.277779],[-79.887028,40.277795],[-79.886984,40.277856],[-79.883087,40.280604],[-79.883023,40.280629],[-79.882949,40.280663],[-79.882874,40.280716],[-79.882832,40.280746],[-79.882719,40.280837],[-79.882656,40.280871],[-79.88259,40.280917],[-79.882405,40.281055],[-79.882349,40.281093],[-79.882277,40.281136],[-79.882117,40.281209],[-79.88191,40.28133],[-79.881841,40.281377],[-79.881781,40.281413],[-79.881562,40.281525],[-79.881483,40.281561],[-79.881123,40.281772],[-79.880707,40.282015],[-79.88058,40.282096],[-79.880462,40.28219],[-79.880353,40.282281],[-79.880287,40.282323],[-79.880204,40.282365],[-79.880135,40.282391],[-79.880069,40.282431],[-79.879619,40.282666],[-79.879009,40.283066],[-79.878833,40.283205],[-79.878646,40.28333],[-79.878523,40.283405],[-79.878153,40.283697],[-79.87809,40.28374],[-79.877942,40.283823],[-79.877764,40.283945],[-79.877431,40.284211],[-79.877239,40.284345],[-79.877115,40.28444],[-79.877001,40.284536],[-79.876587,40.284831],[-79.876524,40.284867],[-79.876458,40.284916],[-79.876065,40.285164],[-79.875514,40.285606],[-79.87535,40.285761],[-79.875239,40.285856],[-79.875183,40.28589],[-79.875043,40.286002],[-79.874911,40.2861],[-79.87464,40.286328],[-79.87452,40.286417],[-79.874454,40.28646],[-79.874342,40.286544],[-79.874178,40.286677],[-79.874043,40.286767],[-79.873978,40.286816],[-79.873915,40.286854],[-79.873841,40.286886],[-79.873771,40.286933],[-79.873314,40.287325],[-79.873152,40.287489],[-79.873055,40.287575],[-79.873052,40.287578],[-79.872997,40.287621],[-79.872939,40.287675],[-79.872884,40.287726],[-79.872829,40.287778],[-79.872776,40.287835],[-79.872718,40.287895],[-79.872663,40.287957],[-79.87262,40.288004],[-79.872557,40.28807],[-79.872514,40.288116],[-79.87247,40.288164],[-79.872436,40.288215],[-79.872397,40.288269],[-79.872359,40.288316],[-79.872315,40.288379],[-79.872275,40.288435],[-79.872253,40.288489],[-79.872247,40.288546],[-79.872259,40.2886],[-79.872276,40.28866],[-79.872283,40.288718],[-79.872247,40.288767],[-79.872175,40.288795],[-79.872106,40.288823],[-79.872038,40.288851],[-79.871955,40.288881],[-79.871883,40.288919],[-79.871814,40.288956],[-79.871748,40.288995],[-79.871684,40.289043],[-79.871624,40.289099],[-79.871563,40.289152],[-79.871499,40.289216],[-79.871453,40.28926],[-79.871396,40.289323],[-79.871349,40.289389],[-79.871304,40.289452],[-79.871275,40.289503],[-79.871252,40.289556],[-79.871187,40.289595],[-79.871107,40.289619],[-79.871032,40.289632],[-79.870963,40.289648],[-79.870905,40.289685],[-79.870853,40.289733],[-79.870799,40.289782],[-79.870744,40.289832],[-79.870695,40.289878],[-79.870643,40.289923],[-79.87058,40.289974],[-79.870511,40.290032],[-79.870452,40.290086],[-79.870392,40.290149],[-79.870335,40.29021],[-79.870291,40.290263],[-79.870241,40.290321],[-79.870204,40.290369],[-79.870154,40.290428],[-79.870096,40.290498],[-79.870038,40.290569],[-79.869977,40.290634],[-79.869934,40.290678],[-79.869885,40.290729],[-79.869843,40.290774],[-79.8698,40.290821],[-79.869749,40.29089],[-79.869711,40.290938],[-79.86967,40.290998],[-79.869635,40.291047],[-79.869602,40.291097],[-79.869571,40.291149],[-79.86954,40.2912],[-79.869506,40.291256],[-79.869473,40.291311],[-79.869439,40.291368],[-79.869395,40.29142],[-79.869359,40.291474],[-79.869325,40.291533],[-79.869315,40.291556],[-79.869042,40.292203],[-79.868948,40.292471],[-79.868855,40.292756],[-79.868796,40.292971],[-79.86873,40.293261],[-79.868678,40.293564],[-79.868641,40.293878],[-79.868614,40.29416],[-79.868597,40.29458],[-79.868597,40.294582],[-79.868597,40.294652],[-79.868599,40.294953],[-79.868586,40.295078],[-79.868563,40.295176],[-79.868543,40.295318],[-79.868524,40.295509],[-79.868493,40.295753],[-79.868463,40.296049],[-79.868444,40.296275],[-79.868427,40.296495],[-79.868429,40.296745],[-79.868428,40.296915],[-79.868421,40.297052],[-79.868416,40.2973],[-79.868415,40.297362],[-79.868433,40.297559],[-79.868468,40.297699],[-79.868565,40.298265],[-79.868618,40.298555],[-79.868781,40.29902],[-79.868844,40.299169],[-79.868871,40.299291],[-79.868873,40.299389],[-79.868875,40.299494],[-79.868904,40.299657],[-79.868949,40.299828],[-79.869019,40.300113],[-79.869196,40.300701],[-79.869263,40.3009],[-79.86933,40.301024],[-79.86941,40.301132],[-79.869526,40.301303],[-79.869579,40.301353],[-79.869597,40.30137],[-79.869703,40.301543],[-79.869828,40.301756],[-79.869893,40.301871],[-79.869952,40.301966],[-79.870067,40.302137],[-79.870198,40.302313],[-79.870318,40.302484],[-79.870461,40.302652],[-79.870597,40.302786],[-79.870742,40.302918],[-79.870885,40.303057],[-79.871062,40.303245],[-79.871272,40.303472],[-79.871469,40.303684],[-79.871594,40.303807],[-79.871738,40.303931],[-79.871953,40.304099],[-79.872274,40.304341],[-79.872544,40.304548],[-79.87274,40.304706],[-79.873144,40.305009],[-79.873494,40.305272],[-79.873794,40.305503],[-79.874061,40.30571],[-79.874351,40.305924],[-79.874577,40.306099],[-79.874914,40.306363],[-79.875242,40.30663],[-79.875455,40.306804],[-79.875632,40.306936],[-79.87576,40.307022],[-79.875806,40.307053],[-79.876018,40.307189],[-79.876324,40.307372],[-79.876594,40.30752],[-79.877012,40.307753],[-79.877251,40.307887],[-79.877341,40.307936],[-79.877268,40.308021],[-79.877344,40.308058],[-79.877414,40.307976],[-79.877685,40.308123],[-79.877702,40.308132],[-79.878224,40.308419],[-79.878546,40.308575],[-79.878927,40.308756],[-79.87923,40.308887],[-79.879604,40.308997],[-79.880003,40.309119],[-79.880265,40.309193],[-79.880292,40.309195],[-79.880358,40.309221],[-79.880444,40.309252],[-79.880513,40.309271],[-79.880593,40.309291],[-79.88068,40.309314],[-79.880748,40.309336],[-79.880817,40.309363],[-79.880892,40.309388],[-79.880963,40.309409],[-79.881041,40.309433],[-79.881129,40.30946],[-79.881204,40.309478],[-79.881282,40.309497],[-79.881354,40.309516],[-79.881423,40.309537],[-79.881512,40.309558],[-79.881581,40.309575],[-79.881661,40.3096],[-79.881735,40.309624],[-79.88181,40.309643],[-79.881896,40.30967],[-79.881994,40.309698],[-79.882068,40.30972],[-79.882136,40.309765],[-79.882177,40.309818],[-79.882242,40.309861],[-79.882309,40.309885],[-79.882377,40.309905],[-79.882446,40.309924],[-79.882517,40.309941],[-79.882585,40.309963],[-79.88266,40.309966],[-79.88274,40.309955],[-79.882815,40.309964],[-79.882889,40.309996],[-79.882958,40.310031],[-79.883032,40.310069],[-79.883106,40.310095],[-79.883107,40.310095],[-79.883193,40.310124],[-79.88326,40.310149],[-79.883335,40.31018],[-79.883412,40.310206],[-79.883486,40.310209],[-79.883568,40.310209],[-79.883635,40.310229],[-79.883712,40.310258],[-79.883729,40.310265],[-79.883801,40.310285],[-79.883867,40.310313],[-79.883946,40.310339],[-79.884015,40.310365],[-79.884081,40.310394],[-79.88415,40.310429],[-79.884217,40.310464],[-79.884284,40.310489],[-79.884359,40.310518],[-79.884421,40.310547],[-79.884501,40.31058],[-79.88475,40.310682],[-79.884933,40.310758],[-79.884999,40.310781],[-79.885064,40.310805],[-79.885139,40.310836],[-79.885219,40.31087],[-79.885298,40.3109],[-79.885378,40.310935],[-79.885454,40.31097],[-79.885526,40.310992],[-79.885605,40.311016],[-79.885681,40.311042],[-79.885746,40.311067],[-79.885823,40.311103],[-79.885884,40.311132],[-79.885951,40.311167],[-79.886023,40.311195],[-79.88611,40.311225],[-79.886192,40.311248],[-79.886267,40.311271],[-79.886334,40.311307],[-79.88639,40.311344],[-79.886454,40.311384],[-79.886507,40.311422],[-79.886554,40.311472],[-79.886607,40.311517],[-79.886669,40.311548],[-79.886708,40.311568],[-79.886774,40.311592],[-79.886864,40.311633],[-79.887256,40.311818],[-79.887329,40.311852],[-79.887401,40.311877],[-79.887476,40.311902],[-79.887546,40.311927],[-79.887619,40.311954],[-79.887696,40.311982],[-79.887765,40.312005],[-79.887839,40.312016],[-79.887914,40.312029],[-79.88794,40.312036],[-79.887959,40.312041],[-79.887987,40.312049],[-79.88807,40.312072],[-79.888071,40.312073],[-79.888089,40.31208],[-79.888091,40.31208],[-79.88815,40.312103],[-79.888198,40.312148],[-79.888258,40.312192],[-79.888324,40.312223],[-79.888385,40.312253],[-79.888453,40.312292],[-79.888511,40.312328],[-79.888568,40.312362],[-79.888608,40.312408],[-79.888677,40.312446],[-79.888735,40.312478],[-79.889031,40.312632],[-79.889717,40.312975],[-79.889946,40.313085],[-79.89051,40.313366],[-79.890587,40.31341],[-79.890679,40.313393],[-79.890761,40.313416],[-79.890827,40.313455],[-79.890891,40.313486],[-79.890971,40.31352],[-79.891043,40.313553],[-79.891114,40.313587],[-79.891182,40.313618],[-79.891246,40.313651],[-79.891316,40.313687],[-79.891381,40.313721],[-79.891436,40.313768],[-79.891487,40.31381],[-79.89155,40.313853],[-79.891779,40.313992],[-79.891854,40.314045],[-79.892379,40.314403],[-79.893021,40.31482],[-79.893747,40.315254],[-79.89401,40.31541],[-79.89412,40.315438],[-79.894187,40.31548],[-79.89423,40.315527],[-79.894277,40.315573],[-79.894334,40.315627],[-79.89439,40.315683],[-79.894442,40.315723],[-79.894497,40.315765],[-79.894565,40.31581],[-79.894624,40.315845],[-79.894693,40.315887],[-79.894755,40.315919],[-79.89484,40.315947],[-79.894898,40.315988],[-79.89495,40.316039],[-79.894993,40.316085],[-79.895044,40.316126],[-79.895108,40.316174],[-79.895164,40.316215],[-79.89521,40.316258],[-79.895264,40.316303],[-79.895314,40.316357],[-79.895294,40.316421],[-79.895284,40.316489],[-79.895283,40.316552],[-79.895317,40.316606],[-79.895375,40.316641],[-79.895428,40.316684],[-79.895474,40.316729],[-79.895492,40.316745],[-79.895536,40.316782],[-79.895594,40.316833],[-79.895641,40.31688],[-79.895685,40.31693],[-79.895727,40.316974],[-79.895764,40.316998],[-79.895823,40.317042],[-79.895868,40.317099],[-79.895907,40.317146],[-79.89595,40.317196],[-79.896,40.317247],[-79.896055,40.317297],[-79.896113,40.317353],[-79.896162,40.317406],[-79.896211,40.317464],[-79.896267,40.317517],[-79.89631,40.317566],[-79.896463,40.317721],[-79.896549,40.317819],[-79.896597,40.317883],[-79.896637,40.317938],[-79.896694,40.317998],[-79.896738,40.318046],[-79.896777,40.3181],[-79.896823,40.318157],[-79.896872,40.318213],[-79.896918,40.318274],[-79.896963,40.318337],[-79.897006,40.318391],[-79.897064,40.318444],[-79.897114,40.318492],[-79.897157,40.318549],[-79.897198,40.318608],[-79.897237,40.318664],[-79.897308,40.318704],[-79.897361,40.318747],[-79.89739,40.318805],[-79.897392,40.31886],[-79.89741,40.318913],[-79.897437,40.318966],[-79.897469,40.319031],[-79.897501,40.319091],[-79.897529,40.319145],[-79.897574,40.31919],[-79.897645,40.319238],[-79.897705,40.319282],[-79.89772,40.319352],[-79.897708,40.319409],[-79.897707,40.319418],[-79.897729,40.319478],[-79.897784,40.319515],[-79.897865,40.31952],[-79.897949,40.31952],[-79.898015,40.319497],[-79.898085,40.319467],[-79.898152,40.319436],[-79.898231,40.31941],[-79.898259,40.319398],[-79.898259,40.3194],[-79.898249,40.319459],[-79.898117,40.319538],[-79.897966,40.31959],[-79.897958,40.319648],[-79.897979,40.319714],[-79.897998,40.31977],[-79.898026,40.319826],[-79.898234,40.320278],[-79.898252,40.320334],[-79.898268,40.320392],[-79.898283,40.320455],[-79.898299,40.320512],[-79.898325,40.320569],[-79.898358,40.320637],[-79.898389,40.320691],[-79.898425,40.32074],[-79.898463,40.320794],[-79.898491,40.320851],[-79.89852,40.320911],[-79.898548,40.320964],[-79.898575,40.321019],[-79.898596,40.321073],[-79.898615,40.321137],[-79.898632,40.321198],[-79.898652,40.321261],[-79.89867,40.321334],[-79.898688,40.321402],[-79.898709,40.321456],[-79.898731,40.321512],[-79.898754,40.321578],[-79.898775,40.321632],[-79.898777,40.321693],[-79.898773,40.321772],[-79.89878,40.321838],[-79.898793,40.321911],[-79.898802,40.321974],[-79.898803,40.321985],[-79.89881,40.322047],[-79.898809,40.322108],[-79.898823,40.322207],[-79.898823,40.322208],[-79.898835,40.322264],[-79.898841,40.322321],[-79.898852,40.322382],[-79.89887,40.322446],[-79.898881,40.322506],[-79.8989,40.32254],[-79.898899,40.3226],[-79.898888,40.322669],[-79.898868,40.32275],[-79.898856,40.322838],[-79.898853,40.322894],[-79.898851,40.32295],[-79.898844,40.323012],[-79.898824,40.32309],[-79.898797,40.323187],[-79.898779,40.323247],[-79.898767,40.323316],[-79.898757,40.323378],[-79.898745,40.323447],[-79.898728,40.323518],[-79.898716,40.323574],[-79.898712,40.323596],[-79.898697,40.32366],[-79.898689,40.32372],[-79.89868,40.323796],[-79.898658,40.323883],[-79.898635,40.323974],[-79.898614,40.324065],[-79.898593,40.324156],[-79.89858,40.324256],[-79.898563,40.324356],[-79.898547,40.324453],[-79.89854,40.324529],[-79.898533,40.32459],[-79.898523,40.324653],[-79.898511,40.324737],[-79.898498,40.324843],[-79.898492,40.324939],[-79.898494,40.325036],[-79.898495,40.325091],[-79.898494,40.325147],[-79.898494,40.325212],[-79.898491,40.325281],[-79.898488,40.325349],[-79.898487,40.32541],[-79.898487,40.325465],[-79.898486,40.32557],[-79.898485,40.325679],[-79.898486,40.325734],[-79.898488,40.325791],[-79.89849,40.325849],[-79.898492,40.325905],[-79.898493,40.32596],[-79.898492,40.326056],[-79.898492,40.326128],[-79.898492,40.326195],[-79.898491,40.326278],[-79.89849,40.326377],[-79.898485,40.326467],[-79.898485,40.326467],[-79.898468,40.326536],[-79.898443,40.326592],[-79.89842,40.326653],[-79.898388,40.326724],[-79.898356,40.326793],[-79.898335,40.326851],[-79.898358,40.326914],[-79.89837,40.326971],[-79.89837,40.32703],[-79.89837,40.327071],[-79.89837,40.327144],[-79.89837,40.327228],[-79.898361,40.327317],[-79.898349,40.327398],[-79.898341,40.327469],[-79.898338,40.327526],[-79.898328,40.327603],[-79.898307,40.327685],[-79.898259,40.327785],[-79.89822,40.327878],[-79.898199,40.327964],[-79.898176,40.328069],[-79.898163,40.328133],[-79.898152,40.328201],[-79.898142,40.328272],[-79.89813,40.328338],[-79.898118,40.3284],[-79.898109,40.328457],[-79.898094,40.32856],[-79.898081,40.328662],[-79.898073,40.32875],[-79.898066,40.328833],[-79.898049,40.328923],[-79.898028,40.329001],[-79.89799,40.329087],[-79.897955,40.329186],[-79.897933,40.329277],[-79.89792,40.32936],[-79.897906,40.329439],[-79.897888,40.32951],[-79.897865,40.329583],[-79.897846,40.329668],[-79.89783,40.329762],[-79.89781,40.329857],[-79.897785,40.32995],[-79.89776,40.330043],[-79.897736,40.330128],[-79.897725,40.330211],[-79.897709,40.330302],[-79.897684,40.330405],[-79.897654,40.330501],[-79.897626,40.330596],[-79.897597,40.330701],[-79.897579,40.330798],[-79.89757,40.330891],[-79.897542,40.330987],[-79.897512,40.331075],[-79.897497,40.331157],[-79.897478,40.331247],[-79.897462,40.331329],[-79.897447,40.331397],[-79.897433,40.331455],[-79.897408,40.331525],[-79.897385,40.331626],[-79.897371,40.331687],[-79.897355,40.331756],[-79.897332,40.331824],[-79.89731,40.331884],[-79.897282,40.331982],[-79.897259,40.332088],[-79.897245,40.332152],[-79.897227,40.332219],[-79.897211,40.332281],[-79.897197,40.332337],[-79.897177,40.332418],[-79.897151,40.332491],[-79.897114,40.332582],[-79.897086,40.332687],[-79.897071,40.332794],[-79.897046,40.33289],[-79.897017,40.332975],[-79.896994,40.33305],[-79.896965,40.333122],[-79.896936,40.333195],[-79.896911,40.333277],[-79.896883,40.333369],[-79.896863,40.333458],[-79.89684,40.333522],[-79.896817,40.333585],[-79.896807,40.333643],[-79.896802,40.333704],[-79.896779,40.333766],[-79.896748,40.333818],[-79.896698,40.333858],[-79.896656,40.333907],[-79.896607,40.333949],[-79.896554,40.334003],[-79.896518,40.334068],[-79.8965,40.334126],[-79.89649,40.334197],[-79.896475,40.334255],[-79.896459,40.334327],[-79.896441,40.334391],[-79.896416,40.334452],[-79.896394,40.334508],[-79.896377,40.334561],[-79.896356,40.334616],[-79.896326,40.334687],[-79.896283,40.334781],[-79.896231,40.334883],[-79.896204,40.334937],[-79.896177,40.334989],[-79.896124,40.335084],[-79.89609,40.335156],[-79.896046,40.335228],[-79.896004,40.335301],[-79.895956,40.335403],[-79.89593,40.335465],[-79.895899,40.335527],[-79.89587,40.335589],[-79.895844,40.33565],[-79.895819,40.335704],[-79.895776,40.335808],[-79.895746,40.33586],[-79.895719,40.335913],[-79.89569,40.335966],[-79.895663,40.33602],[-79.895638,40.336073],[-79.895588,40.336171],[-79.895576,40.336189],[-79.895536,40.336252],[-79.895488,40.336323],[-79.895438,40.336397],[-79.895381,40.336473],[-79.895336,40.336533],[-79.895284,40.336594],[-79.895247,40.336645],[-79.895202,40.336721],[-79.895155,40.336801],[-79.89511,40.336874],[-79.895076,40.33694],[-79.895048,40.337001],[-79.895019,40.337057],[-79.894987,40.337113],[-79.894955,40.337173],[-79.894925,40.337229],[-79.894894,40.337287],[-79.894861,40.337347],[-79.894804,40.337403],[-79.894732,40.337448],[-79.894643,40.337485],[-79.894578,40.337524],[-79.894512,40.337583],[-79.894454,40.337645],[-79.894403,40.337713],[-79.894353,40.337782],[-79.89432,40.337834],[-79.894289,40.337889],[-79.894245,40.33795],[-79.894201,40.338008],[-79.894158,40.338059],[-79.894156,40.338062],[-79.894109,40.338126],[-79.89406,40.33819],[-79.894024,40.338241],[-79.89396,40.338315],[-79.893912,40.338373],[-79.893869,40.338421],[-79.89382,40.338467],[-79.893769,40.338513],[-79.893703,40.338569],[-79.893649,40.338615],[-79.8936,40.338656],[-79.893534,40.338722],[-79.893474,40.338785],[-79.893422,40.33884],[-79.893363,40.338904],[-79.893295,40.338976],[-79.893227,40.339048],[-79.893157,40.339125],[-79.893098,40.339191],[-79.893049,40.339245],[-79.893046,40.33925],[-79.892999,40.339313],[-79.892956,40.339371],[-79.892899,40.339425],[-79.892847,40.339467],[-79.892784,40.339516],[-79.892731,40.339564],[-79.892675,40.33963],[-79.892629,40.339691],[-79.892487,40.339817],[-79.892444,40.339869],[-79.892302,40.339968],[-79.892248,40.340016],[-79.892125,40.340135],[-79.892064,40.34019],[-79.892006,40.34024],[-79.891938,40.340292],[-79.891856,40.340339],[-79.891817,40.34039],[-79.89181,40.340454],[-79.891778,40.340494],[-79.891711,40.340557],[-79.891615,40.340626],[-79.891534,40.340704],[-79.891459,40.3408],[-79.89134,40.340893],[-79.891266,40.340964],[-79.891213,40.34101],[-79.891124,40.341082],[-79.890988,40.341213],[-79.8909,40.341313],[-79.89079,40.3414],[-79.890712,40.341489],[-79.890643,40.34155],[-79.890583,40.341573],[-79.890536,40.341582],[-79.890487,40.341607],[-79.890504,40.341652],[-79.890464,40.341697],[-79.890408,40.341755],[-79.890331,40.341831],[-79.890208,40.341934],[-79.890103,40.342019],[-79.890047,40.342067],[-79.890003,40.342119],[-79.890018,40.342153],[-79.890102,40.342193],[-79.890181,40.342217],[-79.890261,40.342246],[-79.890284,40.342258],[-79.890289,40.342286],[-79.890291,40.342305],[-79.890254,40.342303],[-79.890238,40.342302],[-79.890158,40.342258],[-79.890099,40.342234],[-79.890029,40.342215],[-79.889943,40.342197],[-79.889884,40.342203],[-79.889818,40.34226],[-79.889717,40.342344],[-79.889608,40.34244],[-79.889516,40.342538],[-79.889451,40.34264],[-79.889395,40.342712],[-79.889326,40.342778],[-79.889263,40.342851],[-79.889223,40.342897],[-79.88914,40.342978],[-79.889072,40.343046],[-79.889005,40.343111],[-79.888908,40.343211],[-79.888811,40.343287],[-79.888719,40.34337],[-79.888657,40.343425],[-79.888591,40.343487],[-79.888514,40.343562],[-79.888455,40.343621],[-79.888397,40.343686],[-79.888335,40.343757],[-79.888251,40.343839],[-79.888198,40.3439],[-79.888164,40.343957],[-79.888117,40.344038],[-79.888055,40.344111],[-79.888015,40.344144],[-79.887932,40.344244],[-79.88788,40.344319],[-79.88783,40.344373],[-79.887745,40.344442],[-79.88767,40.344487],[-79.887608,40.344536],[-79.887533,40.344614],[-79.887465,40.344698],[-79.887403,40.344787],[-79.887348,40.344858],[-79.887311,40.344902],[-79.887266,40.344944],[-79.887252,40.344957],[-79.887171,40.345001],[-79.887094,40.345073],[-79.886995,40.345169],[-79.886928,40.345253],[-79.886928,40.345253],[-79.886896,40.345311],[-79.886846,40.345376],[-79.886772,40.345453],[-79.886676,40.345557],[-79.886664,40.345571],[-79.886638,40.345597],[-79.88661,40.345627],[-79.886546,40.345689],[-79.886541,40.345693],[-79.886514,40.345718],[-79.886452,40.345775],[-79.886352,40.345893],[-79.886342,40.345911],[-79.886324,40.345945],[-79.886288,40.345957],[-79.886236,40.346036],[-79.88619,40.346097],[-79.88616,40.346153],[-79.886019,40.346253],[-79.885969,40.346329],[-79.885897,40.34636],[-79.885878,40.346404],[-79.885806,40.34653],[-79.88577,40.346589],[-79.885684,40.346703],[-79.885602,40.346764],[-79.885544,40.346882],[-79.885447,40.346999],[-79.88536,40.347119],[-79.885294,40.347214],[-79.885261,40.347268],[-79.885167,40.347413],[-79.885083,40.347476],[-79.885028,40.347598],[-79.885002,40.347651],[-79.884952,40.34774],[-79.884887,40.347836],[-79.884801,40.347971],[-79.884748,40.348078],[-79.884725,40.348137],[-79.884692,40.348203],[-79.884691,40.348205],[-79.884624,40.34833],[-79.884563,40.348435],[-79.88451,40.348514],[-79.884426,40.348632],[-79.884362,40.348739],[-79.884298,40.348859],[-79.884257,40.34892],[-79.884223,40.348972],[-79.884189,40.349057],[-79.884166,40.349132],[-79.884132,40.349185],[-79.884072,40.349287],[-79.883969,40.349416],[-79.883919,40.349476],[-79.883855,40.349574],[-79.883824,40.349626],[-79.883791,40.349678],[-79.883741,40.349759],[-79.883665,40.34988],[-79.883586,40.349994],[-79.883511,40.350109],[-79.883472,40.35017],[-79.883434,40.350221],[-79.883361,40.350329],[-79.883291,40.350448],[-79.88323,40.350581],[-79.88315,40.35068],[-79.883119,40.350736],[-79.883108,40.350745],[-79.883039,40.350799],[-79.883001,40.350847],[-79.882934,40.35092],[-79.882868,40.350988],[-79.882827,40.351035],[-79.882787,40.351082],[-79.882727,40.351173],[-79.882655,40.351252],[-79.882613,40.351299],[-79.882557,40.351358],[-79.882477,40.351443],[-79.88243,40.351497],[-79.882378,40.351567],[-79.882349,40.351618],[-79.882329,40.351659],[-79.882329,40.351661],[-79.882315,40.351735],[-79.882251,40.351842],[-79.882144,40.351943],[-79.882056,40.352046],[-79.881983,40.352113],[-79.88189,40.352193],[-79.88181,40.352208],[-79.881741,40.352164],[-79.881694,40.352172],[-79.881672,40.352184],[-79.881614,40.352259],[-79.881563,40.352312],[-79.881465,40.352423],[-79.881369,40.352522],[-79.881273,40.352595],[-79.881216,40.352684],[-79.881187,40.352759],[-79.881191,40.352832],[-79.881107,40.352969],[-79.881044,40.353046],[-79.88099,40.353088],[-79.880928,40.353132],[-79.880857,40.353181],[-79.880819,40.353205],[-79.880737,40.353261],[-79.880632,40.353332],[-79.880543,40.353391],[-79.880506,40.353421],[-79.880459,40.353377],[-79.880414,40.353364],[-79.880363,40.353385],[-79.880267,40.353445],[-79.880157,40.353517],[-79.88011,40.353562],[-79.880056,40.353594],[-79.879979,40.35365],[-79.879926,40.353695],[-79.879887,40.353733],[-79.879902,40.353768],[-79.879928,40.353807],[-79.879906,40.353834],[-79.879846,40.353878],[-79.879564,40.354085],[-79.879117,40.354398],[-79.87909,40.354419],[-79.879082,40.354425],[-79.879046,40.354448],[-79.878978,40.35449],[-79.878904,40.354535],[-79.878837,40.354576],[-79.878765,40.354624],[-79.878693,40.354666],[-79.878608,40.354694],[-79.878537,40.354708],[-79.878447,40.354726],[-79.878368,40.354753],[-79.878304,40.354783],[-79.878247,40.354816],[-79.878188,40.354855],[-79.878121,40.3549],[-79.878054,40.35494],[-79.877972,40.354982],[-79.87789,40.355019],[-79.877826,40.355043],[-79.877745,40.355069],[-79.87767,40.355092],[-79.877588,40.355121],[-79.8775,40.35515],[-79.877426,40.355176],[-79.877332,40.355207],[-79.877265,40.355231],[-79.877197,40.355251],[-79.877096,40.355277],[-79.877021,40.355296],[-79.876951,40.355314],[-79.876853,40.355343],[-79.87676,40.355368],[-79.876692,40.355386],[-79.876618,40.355407],[-79.876541,40.355427],[-79.876461,40.355448],[-79.876375,40.35547],[-79.876293,40.355489],[-79.876207,40.355509],[-79.876116,40.355528],[-79.876041,40.355544],[-79.875956,40.355566],[-79.875882,40.355586],[-79.875793,40.355607],[-79.875706,40.355627],[-79.87568,40.355633],[-79.875616,40.355648],[-79.875544,40.355663],[-79.875462,40.355681],[-79.875376,40.355703],[-79.875301,40.355722],[-79.875224,40.355739],[-79.875128,40.355758],[-79.875044,40.355774],[-79.87496,40.355784],[-79.874878,40.355796],[-79.87478,40.355817],[-79.8747,40.355838],[-79.874627,40.355855],[-79.874537,40.355872],[-79.874429,40.355891],[-79.874354,40.355905],[-79.87427,40.355918],[-79.874185,40.355933],[-79.874092,40.355949],[-79.874003,40.355959],[-79.873912,40.355972],[-79.87384,40.355984],[-79.873769,40.355997],[-79.873678,40.356014],[-79.873604,40.356025],[-79.873533,40.356036],[-79.873453,40.35605],[-79.873376,40.356064],[-79.873285,40.356075],[-79.87319,40.356084],[-79.873093,40.356095],[-79.872999,40.35611],[-79.872928,40.356123],[-79.872848,40.356136],[-79.872747,40.356149],[-79.872657,40.356163],[-79.87258,40.356172],[-79.872507,40.35618],[-79.872421,40.35619],[-79.872349,40.356203],[-79.872267,40.356215],[-79.872165,40.356227],[-79.87207,40.35624],[-79.87197,40.35625],[-79.871863,40.356262],[-79.871789,40.356273],[-79.871717,40.356286],[-79.871636,40.3563],[-79.871527,40.356317],[-79.871432,40.35633],[-79.871355,40.35634],[-79.871246,40.356353],[-79.871173,40.356359],[-79.871071,40.356367],[-79.870997,40.356374],[-79.870924,40.356381],[-79.870846,40.356387],[-79.870737,40.356396],[-79.870659,40.356406],[-79.870585,40.356418],[-79.870506,40.356429],[-79.87043,40.35644],[-79.870344,40.356454],[-79.870264,40.356466],[-79.870185,40.356481],[-79.870104,40.356499],[-79.870033,40.356512],[-79.869962,40.356523],[-79.869889,40.356534],[-79.869818,40.356549],[-79.869717,40.356568],[-79.869639,40.356584],[-79.869559,40.3566],[-79.869502,40.356612],[-79.869318,40.356652],[-79.869152,40.356678],[-79.868956,40.3567],[-79.868791,40.356721],[-79.868614,40.356755],[-79.868434,40.356771],[-79.868199,40.3568],[-79.867962,40.356833],[-79.867782,40.356848],[-79.86758,40.356865],[-79.867424,40.356877],[-79.867227,40.356903],[-79.86696,40.356932],[-79.866804,40.356957],[-79.866583,40.356985],[-79.866441,40.357002],[-79.86567,40.357107],[-79.865286,40.357122],[-79.865073,40.357163],[-79.864856,40.357192],[-79.863442,40.357302],[-79.862023,40.357328],[-79.861537,40.357299],[-79.861235,40.357299],[-79.860558,40.357337],[-79.860004,40.35733],[-79.859859,40.357322],[-79.85952,40.357322],[-79.857359,40.357394],[-79.85643,40.357398],[-79.855972,40.35735],[-79.855812,40.357347],[-79.855171,40.357391],[-79.854625,40.357404],[-79.854457,40.357417],[-79.854159,40.357469],[-79.853869,40.35748],[-79.853345,40.357495],[-79.852986,40.357522],[-79.852264,40.357632],[-79.851749,40.357656],[-79.851384,40.357729],[-79.851305,40.357748],[-79.8512,40.357759],[-79.850854,40.357804],[-79.849774,40.357996],[-79.847944,40.358345],[-79.847725,40.358364],[-79.847628,40.358362],[-79.847465,40.358342],[-79.847462,40.358341],[-79.847398,40.358333],[-79.847192,40.358308],[-79.847044,40.358319],[-79.846931,40.358354],[-79.846827,40.358396],[-79.846723,40.35845],[-79.84659,40.358505],[-79.84645,40.358542],[-79.846043,40.358602],[-79.845884,40.358645],[-79.845212,40.358882],[-79.845059,40.358949],[-79.844841,40.359025],[-79.844653,40.359085],[-79.844643,40.359088],[-79.844105,40.35928],[-79.84395,40.359344],[-79.843834,40.359379],[-79.843706,40.359403],[-79.843552,40.359449],[-79.842494,40.359908],[-79.842139,40.360114],[-79.841781,40.360361],[-79.841128,40.360881],[-79.840977,40.360982],[-79.840192,40.361609],[-79.840056,40.361731],[-79.839874,40.361928],[-79.839739,40.362045],[-79.839629,40.362155],[-79.839499,40.36225],[-79.839416,40.36232],[-79.839364,40.362377],[-79.839106,40.362697],[-79.839011,40.362798],[-79.838801,40.362997],[-79.838718,40.363091],[-79.83867,40.363197],[-79.838334,40.363756],[-79.838256,40.363835],[-79.838172,40.364015],[-79.837909,40.364452],[-79.837786,40.36476],[-79.837653,40.365231],[-79.837632,40.365355],[-79.837598,40.365584],[-79.83758,40.365766],[-79.837566,40.366169],[-79.83756,40.366836],[-79.837597,40.367364],[-79.837668,40.367668],[-79.83786,40.368995],[-79.837927,40.369314],[-79.838051,40.369971],[-79.838062,40.370107],[-79.838127,40.37029],[-79.838207,40.370474],[-79.838242,40.37058],[-79.838245,40.370626],[-79.838229,40.370788],[-79.838226,40.371075],[-79.838241,40.371399],[-79.838249,40.371463],[-79.838474,40.372066],[-79.838727,40.372588],[-79.839038,40.373284],[-79.839913,40.374773],[-79.83997,40.374899],[-79.839973,40.374912],[-79.84004,40.375057],[-79.840051,40.375077],[-79.840133,40.375228],[-79.840233,40.375379],[-79.84075,40.375997],[-79.841314,40.37676],[-79.841547,40.377061],[-79.841844,40.377391],[-79.84251,40.378034],[-79.842853,40.378304],[-79.842988,40.378466],[-79.843142,40.378623],[-79.843728,40.379134],[-79.843816,40.379234],[-79.845144,40.380428],[-79.84516,40.380439],[-79.845512,40.380745],[-79.845582,40.380786],[-79.845701,40.380894],[-79.845813,40.380958],[-79.845944,40.381057],[-79.846048,40.381111],[-79.846632,40.381595],[-79.846726,40.381694],[-79.846894,40.381837],[-79.84708,40.381961],[-79.847512,40.382307],[-79.847695,40.382442],[-79.847858,40.382543],[-79.84786,40.382545],[-79.847906,40.382576],[-79.848058,40.382679],[-79.848566,40.383099],[-79.848776,40.383242],[-79.849147,40.383401],[-79.849341,40.383516],[-79.849774,40.38382],[-79.851152,40.384799],[-79.851638,40.385126],[-79.852691,40.385811],[-79.85276,40.385855],[-79.852802,40.385882],[-79.852834,40.385903],[-79.852835,40.385903],[-79.853399,40.386265],[-79.853863,40.386548],[-79.853889,40.386564],[-79.854046,40.38666],[-79.854082,40.386682],[-79.854115,40.386702],[-79.854163,40.386731],[-79.854512,40.386964],[-79.854535,40.386979],[-79.854558,40.386998],[-79.854575,40.387012],[-79.85486,40.387249],[-79.855253,40.387514],[-79.855845,40.387877],[-79.855936,40.387921],[-79.856356,40.388125],[-79.856822,40.388268],[-79.857369,40.388435],[-79.858151,40.388718],[-79.859389,40.389211],[-79.86034,40.389558],[-79.860355,40.389564],[-79.860392,40.38958],[-79.860453,40.389608],[-79.860915,40.389786],[-79.861536,40.390019],[-79.86237,40.390336],[-79.863466,40.390715],[-79.864217,40.391025],[-79.865137,40.391423],[-79.8657,40.391681],[-79.866293,40.391985],[-79.866441,40.392069],[-79.866963,40.392366],[-79.867482,40.392687],[-79.868029,40.393042],[-79.868827,40.393626],[-79.868871,40.393672],[-79.868932,40.393726],[-79.869002,40.393779],[-79.869069,40.393832],[-79.869118,40.39388],[-79.869188,40.393938],[-79.869247,40.393984],[-79.869321,40.394038],[-79.869387,40.394086],[-79.869442,40.394129],[-79.8695,40.394178],[-79.869568,40.394235],[-79.869633,40.394291],[-79.869694,40.394348],[-79.869752,40.394398],[-79.869807,40.394439],[-79.869863,40.394482],[-79.869934,40.394521],[-79.869936,40.394522],[-79.869996,40.394554],[-79.870062,40.394578],[-79.870134,40.394625],[-79.870195,40.394671],[-79.870253,40.394712],[-79.870312,40.394764],[-79.870359,40.39481],[-79.870409,40.39486],[-79.870457,40.394909],[-79.870515,40.394962],[-79.870569,40.39501],[-79.870625,40.395055],[-79.870682,40.395098],[-79.870734,40.395139],[-79.870792,40.395173],[-79.870851,40.395219],[-79.870918,40.395272],[-79.870973,40.39532],[-79.871022,40.395366],[-79.871083,40.395413],[-79.871151,40.395464],[-79.871208,40.39551],[-79.871262,40.395553],[-79.87133,40.39561],[-79.871377,40.395656],[-79.87144,40.395711],[-79.8715,40.395767],[-79.871562,40.395822],[-79.871618,40.395875],[-79.871628,40.395884],[-79.871773,40.396017],[-79.871913,40.396144],[-79.872144,40.396366],[-79.872274,40.396579],[-79.872472,40.39681],[-79.872617,40.396958],[-79.872782,40.397156],[-79.872882,40.39725],[-79.872992,40.397352],[-79.873126,40.397473],[-79.873225,40.397586],[-79.873343,40.397719],[-79.873425,40.397799],[-79.873542,40.397908],[-79.873567,40.397939],[-79.873611,40.397996],[-79.873673,40.398086],[-79.873798,40.398232],[-79.873888,40.398324],[-79.874032,40.398442],[-79.874086,40.398498],[-79.874157,40.398581],[-79.874214,40.398655],[-79.874274,40.398744],[-79.874324,40.398783],[-79.874381,40.398837],[-79.87446,40.398878],[-79.874554,40.398927],[-79.87462,40.398991],[-79.874664,40.399065],[-79.874678,40.399113],[-79.874701,40.399153],[-79.874734,40.399184],[-79.874801,40.399237],[-79.874885,40.399299],[-79.874965,40.399356],[-79.875093,40.399432],[-79.875214,40.399494],[-79.875292,40.39954],[-79.875385,40.399611],[-79.875468,40.399682],[-79.875554,40.399748],[-79.875641,40.399827],[-79.875745,40.399944],[-79.875804,40.400001],[-79.875899,40.400105],[-79.875978,40.400173],[-79.876048,40.400251],[-79.8761,40.400327],[-79.876182,40.400442],[-79.876243,40.400493],[-79.876315,40.400577],[-79.876357,40.400636],[-79.876437,40.400733],[-79.876488,40.400755],[-79.876553,40.400795],[-79.876633,40.400839],[-79.876758,40.400902],[-79.876898,40.401021],[-79.876941,40.401102],[-79.877005,40.401172],[-79.877064,40.401238],[-79.877152,40.401301],[-79.877262,40.401379],[-79.877372,40.401436],[-79.877468,40.401504],[-79.877582,40.401597],[-79.877634,40.401641],[-79.877729,40.401714],[-79.877826,40.401789],[-79.877893,40.401841],[-79.877949,40.401888],[-79.878079,40.401987],[-79.878186,40.40207],[-79.878252,40.402126],[-79.878295,40.402177],[-79.878341,40.402243],[-79.878369,40.40227],[-79.878457,40.402348],[-79.878552,40.402413],[-79.878625,40.402449],[-79.878692,40.402486],[-79.87873,40.402524],[-79.878778,40.402584],[-79.878864,40.40266],[-79.878935,40.402711],[-79.879018,40.402775],[-79.879065,40.402809],[-79.879115,40.402848],[-79.879247,40.402957],[-79.879318,40.403024],[-79.879363,40.403077],[-79.87942,40.403146],[-79.879431,40.403173],[-79.879447,40.403184],[-79.8795,40.403221],[-79.87965,40.403327],[-79.879768,40.403411],[-79.880143,40.403671],[-79.880869,40.404131],[-79.880932,40.404165],[-79.881004,40.404181],[-79.881066,40.40419],[-79.881155,40.404223],[-79.881197,40.404244],[-79.881227,40.404259],[-79.881325,40.404314],[-79.881417,40.404382],[-79.881511,40.404434],[-79.881637,40.404508],[-79.881698,40.404543],[-79.881752,40.404578],[-79.881813,40.404617],[-79.881873,40.404653],[-79.881875,40.404654],[-79.88201,40.404748],[-79.882031,40.404763],[-79.882172,40.40486],[-79.882284,40.404936],[-79.88232,40.404969],[-79.882379,40.405021],[-79.882468,40.405114],[-79.882526,40.405168],[-79.882572,40.405211],[-79.882665,40.405276],[-79.882767,40.405346],[-79.88284,40.405391],[-79.882921,40.405445],[-79.883019,40.405519],[-79.883108,40.405583],[-79.883137,40.405603],[-79.883226,40.40566],[-79.883301,40.405703],[-79.883385,40.405742],[-79.883532,40.405812],[-79.883702,40.405911],[-79.883872,40.405963],[-79.883986,40.406008],[-79.884093,40.406041],[-79.884193,40.406087],[-79.884313,40.406152],[-79.884412,40.406188],[-79.884516,40.406246],[-79.884619,40.406298],[-79.884699,40.406327],[-79.884734,40.406334],[-79.884884,40.406404],[-79.885023,40.406478],[-79.885163,40.406537],[-79.885258,40.406576],[-79.885369,40.406629],[-79.885466,40.406667],[-79.885566,40.406732],[-79.885682,40.406785],[-79.885784,40.406813],[-79.885877,40.406848],[-79.886063,40.406914],[-79.886175,40.406939],[-79.886279,40.406971],[-79.8864,40.407013],[-79.886509,40.407067],[-79.886582,40.407104],[-79.886606,40.407117],[-79.886639,40.407127],[-79.886675,40.407138],[-79.886679,40.40714],[-79.886763,40.407172],[-79.886823,40.407192],[-79.886876,40.407208],[-79.886994,40.407263],[-79.88702,40.407273],[-79.887113,40.407296],[-79.887165,40.407329],[-79.8872,40.407351],[-79.887218,40.407363],[-79.887249,40.407382],[-79.887352,40.407439],[-79.887487,40.407489],[-79.887606,40.407554],[-79.887673,40.407583],[-79.887808,40.40764],[-79.887886,40.407666],[-79.887999,40.407709],[-79.888138,40.407781],[-79.888224,40.407815],[-79.888316,40.407852],[-79.888412,40.407909],[-79.888486,40.407954],[-79.888562,40.408003],[-79.888598,40.408037],[-79.888644,40.408076],[-79.888684,40.408095],[-79.88871,40.408105],[-79.888811,40.408156],[-79.888988,40.408241],[-79.889076,40.408299],[-79.889182,40.408331],[-79.889301,40.40837],[-79.889391,40.408405],[-79.889515,40.408468],[-79.889623,40.408532],[-79.889694,40.408569],[-79.889779,40.40861],[-79.889811,40.408624],[-79.88986,40.40865],[-79.889928,40.408702],[-79.889991,40.408753],[-79.89012,40.408833],[-79.890203,40.408899],[-79.890319,40.409],[-79.890413,40.409065],[-79.890496,40.40911],[-79.890621,40.409161],[-79.890691,40.409201],[-79.890757,40.409227],[-79.890848,40.409282],[-79.890925,40.409338],[-79.891007,40.409419],[-79.891053,40.409473],[-79.891101,40.409531],[-79.89118,40.40957],[-79.891185,40.409576],[-79.891281,40.409603],[-79.891396,40.40968],[-79.891505,40.409767],[-79.891624,40.409867],[-79.891742,40.40996],[-79.891889,40.410098],[-79.891979,40.41018],[-79.891983,40.410185],[-79.892018,40.410215],[-79.892072,40.410248],[-79.892103,40.410251],[-79.892162,40.410256],[-79.892226,40.410237],[-79.892278,40.410239],[-79.892285,40.410243],[-79.892305,40.410255],[-79.892292,40.410314],[-79.892279,40.410355],[-79.892278,40.410415],[-79.892327,40.41044],[-79.892372,40.410501],[-79.892398,40.410527],[-79.89244,40.410558],[-79.892555,40.41064],[-79.892655,40.410717],[-79.89276,40.410782],[-79.892946,40.410921],[-79.893106,40.411042],[-79.893263,40.411146],[-79.893514,40.411342],[-79.893696,40.411485],[-79.893958,40.411664],[-79.894302,40.411906],[-79.894684,40.412194],[-79.89534,40.412631],[-79.895704,40.412846],[-79.895897,40.412957],[-79.896123,40.413072],[-79.896578,40.413311],[-79.897069,40.413567],[-79.897643,40.413882],[-79.897783,40.413966],[-79.897825,40.413991],[-79.897848,40.414005],[-79.897854,40.414008],[-79.897878,40.414018],[-79.897953,40.414049],[-79.898508,40.414278],[-79.898631,40.414328],[-79.899112,40.414498],[-79.899705,40.414698],[-79.899776,40.414717],[-79.900204,40.414832],[-79.900427,40.414867],[-79.900926,40.414953],[-79.901106,40.414982],[-79.901385,40.415006],[-79.90186,40.415064],[-79.902207,40.415078],[-79.902355,40.415086],[-79.902708,40.415097],[-79.903028,40.415077],[-79.903462,40.415055],[-79.903671,40.415042],[-79.903907,40.415034],[-79.904095,40.415028],[-79.904573,40.415017],[-79.904997,40.415005],[-79.905074,40.414999],[-79.905437,40.414922],[-79.906184,40.414788],[-79.906935,40.414672],[-79.907134,40.414623],[-79.907404,40.414569],[-79.907552,40.414511],[-79.907732,40.414503],[-79.908152,40.414412],[-79.908451,40.414357],[-79.908543,40.414327],[-79.908832,40.414263],[-79.909566,40.414154],[-79.910112,40.413966],[-79.910342,40.413867],[-79.910426,40.413834],[-79.910451,40.413834],[-79.910487,40.413804],[-79.910561,40.413784],[-79.910635,40.413763],[-79.91086,40.413759],[-79.91097,40.41371],[-79.911119,40.413669],[-79.911342,40.413626],[-79.911466,40.413595],[-79.911755,40.41352],[-79.911887,40.413499],[-79.912318,40.413339],[-79.912617,40.413241],[-79.912883,40.413135],[-79.913279,40.412941],[-79.913757,40.412723],[-79.913817,40.412655],[-79.914113,40.412555],[-79.914414,40.412388],[-79.915159,40.411905],[-79.91543,40.411624],[-79.91565,40.411487],[-79.915699,40.411438],[-79.915784,40.411379],[-79.915857,40.411311],[-79.915978,40.411195],[-79.916132,40.411142],[-79.916443,40.410888],[-79.916474,40.41086],[-79.916708,40.410669],[-79.917077,40.410386],[-79.917124,40.410356],[-79.917217,40.410295],[-79.917306,40.410234],[-79.917392,40.410171],[-79.917504,40.410079],[-79.917642,40.409956],[-79.917688,40.409911],[-79.917778,40.409813],[-79.917869,40.409715],[-79.917912,40.409674],[-79.918072,40.409512],[-79.918133,40.409446],[-79.918265,40.409318],[-79.918397,40.409188],[-79.91849,40.409089],[-79.91858,40.408989],[-79.918734,40.408816],[-79.918788,40.408753],[-79.918938,40.408572],[-79.918986,40.408502],[-79.919006,40.408466],[-79.919022,40.40843],[-79.919036,40.408394],[-79.91905,40.408357],[-79.919061,40.408332],[-79.919075,40.408307],[-79.919088,40.408292],[-79.919123,40.408261],[-79.91916,40.40823],[-79.919193,40.408199],[-79.919225,40.408167],[-79.919289,40.4081],[-79.919352,40.408033],[-79.919431,40.407936],[-79.919512,40.407841],[-79.919565,40.40779],[-79.919779,40.407592],[-79.919854,40.407527],[-79.919928,40.407462],[-79.919998,40.407399],[-79.920068,40.407335],[-79.920185,40.407239],[-79.920306,40.407146],[-79.92035,40.407115],[-79.920394,40.407083],[-79.920433,40.407053],[-79.920469,40.407022],[-79.920501,40.406991],[-79.920531,40.406959],[-79.920548,40.406936],[-79.920673,40.40676],[-79.920725,40.406656],[-79.920779,40.406553],[-79.920803,40.406518],[-79.920826,40.406482],[-79.920847,40.406449],[-79.920868,40.406417],[-79.920912,40.406348],[-79.920957,40.40628],[-79.920993,40.406214],[-79.921028,40.406148],[-79.921059,40.406097],[-79.921094,40.406048],[-79.921123,40.406016],[-79.921143,40.405999],[-79.921167,40.405984],[-79.921219,40.40596],[-79.921248,40.405949],[-79.921498,40.405877],[-79.921538,40.405861],[-79.921575,40.40584],[-79.921598,40.405824],[-79.921635,40.405792],[-79.921668,40.405757],[-79.921726,40.405691],[-79.921783,40.405623],[-79.921809,40.405591],[-79.921834,40.405559],[-79.92186,40.405526],[-79.921886,40.405493],[-79.921935,40.40542],[-79.921981,40.405347],[-79.92201,40.40531],[-79.922039,40.405273],[-79.922062,40.405237],[-79.922085,40.405202],[-79.922281,40.404951],[-79.922302,40.404925],[-79.922391,40.404817],[-79.922481,40.40471],[-79.92254,40.404643],[-79.922599,40.404576],[-79.922656,40.404508],[-79.922713,40.404441],[-79.922735,40.404415],[-79.922774,40.404374],[-79.92292,40.404244],[-79.92292,40.404244],[-79.923027,40.404127],[-79.923181,40.403904],[-79.923291,40.403773],[-79.923453,40.403543],[-79.923671,40.403218],[-79.923947,40.402846],[-79.924043,40.402697],[-79.924309,40.402311],[-79.924443,40.402071],[-79.924552,40.401919],[-79.925013,40.401324],[-79.92518,40.401132],[-79.925241,40.401047],[-79.925733,40.400416],[-79.92608,40.400008],[-79.926318,40.399762],[-79.926867,40.399141],[-79.926983,40.399044],[-79.927328,40.398767],[-79.928398,40.39802],[-79.928614,40.397895],[-79.929085,40.397667],[-79.930051,40.397251],[-79.930436,40.397124],[-79.930513,40.397099],[-79.930728,40.397023],[-79.930818,40.396993],[-79.931128,40.39691],[-79.931432,40.396851],[-79.931779,40.396811],[-79.932339,40.396752],[-79.932419,40.396751],[-79.932748,40.396716],[-79.932893,40.396703],[-79.932967,40.396704],[-79.933062,40.396716],[-79.93311,40.396763],[-79.933197,40.396812],[-79.933256,40.396839],[-79.933264,40.396842],[-79.933355,40.396838],[-79.933352,40.396739],[-79.933286,40.396587],[-79.933266,40.396507],[-79.933246,40.396408],[-79.933233,40.396355],[-79.933211,40.396277],[-79.933159,40.396198],[-79.933121,40.396128],[-79.933114,40.396069],[-79.93314,40.396054],[-79.933209,40.396072],[-79.933255,40.396151],[-79.933287,40.396287],[-79.93334,40.396432],[-79.9334,40.39659],[-79.93351,40.396752],[-79.933528,40.396771],[-79.933613,40.396825],[-79.933718,40.396797],[-79.933719,40.396785],[-79.933724,40.396771],[-79.933755,40.396744],[-79.933794,40.396724],[-79.933836,40.396703],[-79.933898,40.396683],[-79.93392,40.396679],[-79.93397,40.39667],[-79.934055,40.396651],[-79.934165,40.396632],[-79.934246,40.396624],[-79.934345,40.396618],[-79.934444,40.39661],[-79.934541,40.396599],[-79.934663,40.396575],[-79.93479,40.396546],[-79.934862,40.396526],[-79.934953,40.396512],[-79.935018,40.396513],[-79.935195,40.396511],[-79.935218,40.396511],[-79.935377,40.396509],[-79.935424,40.396502],[-79.935427,40.396501],[-79.935447,40.396492],[-79.935493,40.396472],[-79.93557,40.39644],[-79.935652,40.39642],[-79.935776,40.396405],[-79.935868,40.3964],[-79.936004,40.396391],[-79.936129,40.396392],[-79.93625,40.396387],[-79.936368,40.396381],[-79.936484,40.396371],[-79.936563,40.396373],[-79.936645,40.396377],[-79.936741,40.396359],[-79.936821,40.396341],[-79.936894,40.396347],[-79.93694,40.396352],[-79.937015,40.396352],[-79.937086,40.396336],[-79.937265,40.396282],[-79.937387,40.396245],[-79.937554,40.396199],[-79.937665,40.396165],[-79.937796,40.396128],[-79.937917,40.39609],[-79.938022,40.396061],[-79.938148,40.396028],[-79.938265,40.396012],[-79.938383,40.395992],[-79.938489,40.395974],[-79.938585,40.395962],[-79.938742,40.395943],[-79.938839,40.395932],[-79.938928,40.395931],[-79.938997,40.395953],[-79.939066,40.395987],[-79.93915,40.396009],[-79.939211,40.396012],[-79.939231,40.396001],[-79.939264,40.395998],[-79.939429,40.395995],[-79.939604,40.395997],[-79.93973,40.395995],[-79.939816,40.395993],[-79.939891,40.395991],[-79.939951,40.395995],[-79.940062,40.395972],[-79.940148,40.395961],[-79.940282,40.395962],[-79.940389,40.395969],[-79.940511,40.395977],[-79.940668,40.39598],[-79.940764,40.395978],[-79.940844,40.395971],[-79.940954,40.395984],[-79.941067,40.395998],[-79.941144,40.396],[-79.941176,40.396013],[-79.94122,40.39603],[-79.941306,40.396055],[-79.941365,40.39603],[-79.941411,40.396017],[-79.941496,40.396014],[-79.941617,40.396022],[-79.941762,40.396033],[-79.941925,40.396043],[-79.942028,40.396052],[-79.942223,40.396066],[-79.942354,40.396084],[-79.942522,40.396104],[-79.942633,40.396118],[-79.942829,40.396149],[-79.942931,40.396175],[-79.943056,40.39621],[-79.943115,40.396227],[-79.9432,40.396259],[-79.943276,40.396294],[-79.943356,40.396323],[-79.943455,40.396348],[-79.943575,40.396373],[-79.943673,40.396392],[-79.943783,40.396409],[-79.943895,40.396433],[-79.944013,40.396469],[-79.944112,40.396498],[-79.944237,40.396539],[-79.944363,40.39657],[-79.94453,40.396613],[-79.944623,40.396644],[-79.94475,40.396682],[-79.944864,40.396713],[-79.944968,40.396741],[-79.945082,40.396779],[-79.945209,40.396826],[-79.945351,40.396885],[-79.945456,40.396933],[-79.945603,40.396985],[-79.945691,40.397022],[-79.94577,40.397074],[-79.945845,40.397124],[-79.945934,40.397194],[-79.946068,40.397283],[-79.946182,40.39738],[-79.946323,40.397477],[-79.946443,40.397578],[-79.946564,40.397678],[-79.946745,40.39782],[-79.946838,40.397901],[-79.946925,40.397975],[-79.947016,40.398053],[-79.947144,40.398171],[-79.947242,40.398247],[-79.947345,40.39834],[-79.947481,40.398443],[-79.947613,40.398561],[-79.947718,40.398641],[-79.947818,40.398716],[-79.947925,40.398803],[-79.948038,40.398902],[-79.948114,40.39896],[-79.948206,40.399035],[-79.948248,40.399095],[-79.948289,40.399164],[-79.948376,40.399207],[-79.948467,40.399234],[-79.94853,40.399295],[-79.94863,40.399368],[-79.948751,40.399476],[-79.94885,40.399563],[-79.949002,40.399684],[-79.949104,40.399773],[-79.949219,40.399876],[-79.949337,40.399987],[-79.949451,40.400093],[-79.949537,40.400218],[-79.949594,40.400297],[-79.949697,40.400367],[-79.949777,40.400431],[-79.949777,40.400431],[-79.949854,40.400503],[-79.949932,40.400575],[-79.949995,40.400636],[-79.950055,40.400699],[-79.950132,40.40079],[-79.950209,40.400881],[-79.950285,40.400969],[-79.950416,40.401117],[-79.950512,40.401221],[-79.950623,40.401338],[-79.950713,40.401439],[-79.950801,40.40154],[-79.950914,40.401677],[-79.951019,40.401818],[-79.951049,40.401862],[-79.951092,40.401925],[-79.951198,40.402084],[-79.951256,40.402172],[-79.951333,40.40229],[-79.95142,40.402421],[-79.951508,40.402552],[-79.951603,40.402692],[-79.951697,40.402832],[-79.951764,40.402942],[-79.951861,40.403104],[-79.951918,40.403199],[-79.951988,40.403318],[-79.952047,40.403432],[-79.9521,40.403548],[-79.952105,40.403558],[-79.952115,40.403577],[-79.952127,40.403605],[-79.95214,40.403632],[-79.952159,40.403675],[-79.952179,40.403717],[-79.952186,40.403731],[-79.952267,40.403898],[-79.952299,40.403988],[-79.952337,40.404098],[-79.95235,40.404134],[-79.952377,40.404204],[-79.952392,40.404244],[-79.952515,40.404468],[-79.952548,40.404573],[-79.952584,40.404656],[-79.952601,40.404725],[-79.952601,40.404817],[-79.952594,40.40489],[-79.952601,40.40496],[-79.952616,40.40501],[-79.952653,40.405044],[-79.95267,40.40506],[-79.95272,40.405174],[-79.952784,40.405342],[-79.952864,40.405512],[-79.952925,40.405665],[-79.952975,40.405801],[-79.95302,40.405912],[-79.953047,40.405968],[-79.953119,40.405961],[-79.953186,40.406042],[-79.953221,40.406127],[-79.953278,40.406258],[-79.953314,40.406346],[-79.953357,40.40645],[-79.953396,40.406572],[-79.953434,40.406659],[-79.953463,40.406761],[-79.953499,40.406863],[-79.953545,40.406956],[-79.953585,40.407063],[-79.953608,40.407167],[-79.953624,40.407267],[-79.953653,40.407371],[-79.953689,40.407473],[-79.953722,40.407594],[-79.953758,40.407699],[-79.953786,40.407801],[-79.953811,40.407915],[-79.953827,40.40802],[-79.953838,40.408103],[-79.953861,40.408186],[-79.953897,40.408282],[-79.953946,40.408365],[-79.953977,40.408454],[-79.953986,40.408548],[-79.954005,40.408628],[-79.954042,40.408721],[-79.954081,40.408809],[-79.954105,40.408904],[-79.954132,40.409],[-79.954157,40.409105],[-79.954181,40.4092],[-79.954202,40.409316],[-79.954238,40.409442],[-79.954273,40.409549],[-79.954295,40.409641],[-79.954315,40.409745],[-79.954341,40.409849],[-79.954353,40.409946],[-79.954351,40.410046],[-79.954363,40.410118],[-79.954398,40.410182],[-79.954435,40.41026],[-79.954438,40.410341],[-79.954438,40.410394],[-79.954419,40.410445],[-79.954399,40.410488],[-79.954395,40.410534],[-79.954449,40.410585],[-79.954483,40.410594],[-79.954521,40.410574],[-79.954555,40.410578],[-79.954548,40.410623],[-79.954517,40.410645],[-79.954477,40.410667],[-79.954431,40.410702],[-79.954398,40.410749],[-79.954374,40.410822],[-79.954377,40.410871],[-79.954399,40.410942],[-79.954446,40.411014],[-79.954482,40.411087],[-79.954527,40.411161],[-79.954559,40.411199],[-79.954607,40.411241],[-79.954666,40.41128],[-79.954698,40.411334],[-79.954696,40.41137],[-79.954663,40.411413],[-79.954612,40.411467],[-79.95457,40.411515],[-79.954554,40.411583],[-79.954551,40.411668],[-79.954545,40.411729],[-79.954537,40.411821],[-79.954516,40.411882],[-79.954489,40.411963],[-79.954489,40.412041],[-79.954496,40.412093],[-79.95452,40.412162],[-79.954525,40.412199],[-79.954551,40.412285],[-79.95458,40.412352],[-79.954611,40.412434],[-79.954642,40.41252],[-79.954664,40.412598],[-79.954681,40.412684],[-79.954699,40.412776],[-79.954724,40.412868],[-79.954744,40.412947],[-79.954761,40.413059],[-79.95477,40.413165],[-79.954771,40.413269],[-79.954787,40.413343],[-79.954818,40.413456],[-79.95483,40.413549],[-79.954846,40.413657],[-79.954856,40.41376],[-79.954859,40.41388],[-79.954862,40.413966],[-79.954865,40.414026],[-79.954876,40.41415],[-79.954888,40.414269],[-79.954893,40.414412],[-79.954893,40.414499],[-79.9549,40.414618],[-79.954906,40.414735],[-79.954913,40.414852],[-79.954918,40.41494],[-79.954927,40.415052],[-79.954934,40.415153],[-79.954936,40.415259],[-79.954926,40.415372],[-79.954917,40.41548],[-79.954912,40.415602],[-79.954909,40.415665],[-79.954917,40.415749],[-79.954925,40.415868],[-79.954925,40.415979],[-79.954926,40.416059],[-79.954927,40.416176],[-79.954927,40.416226],[-79.95492,40.416334],[-79.954908,40.416421],[-79.954901,40.416497],[-79.954912,40.416569],[-79.954914,40.41665],[-79.954912,40.41674],[-79.954906,40.416903],[-79.954913,40.416996],[-79.954921,40.417087],[-79.954924,40.417189],[-79.954931,40.417291],[-79.954934,40.417381],[-79.954934,40.417476],[-79.954931,40.417578],[-79.954943,40.41773],[-79.954957,40.417912],[-79.954961,40.418046],[-79.954966,40.418154],[-79.954976,40.418274],[-79.954987,40.418419],[-79.954988,40.418503],[-79.954989,40.418601],[-79.955002,40.418695],[-79.955011,40.418784],[-79.955024,40.418892],[-79.955044,40.419019],[-79.95507,40.419162],[-79.955092,40.419287],[-79.955111,40.419394],[-79.955133,40.41952],[-79.955159,40.41963],[-79.955185,40.419738],[-79.95521,40.419853],[-79.955239,40.419964],[-79.955273,40.420076],[-79.95531,40.420187],[-79.955356,40.420319],[-79.955404,40.420431],[-79.955458,40.420552],[-79.955502,40.42066],[-79.955535,40.420768],[-79.955573,40.420882],[-79.955616,40.420973],[-79.955656,40.421079],[-79.955699,40.4212],[-79.955754,40.421318],[-79.955807,40.421428],[-79.955871,40.421569],[-79.955906,40.421643],[-79.955958,40.421761],[-79.956013,40.421856],[-79.956083,40.421983],[-79.956131,40.422067],[-79.956188,40.422164],[-79.956249,40.422253],[-79.956315,40.422354],[-79.956377,40.422447],[-79.956446,40.422557],[-79.956486,40.422653],[-79.956519,40.422723],[-79.956569,40.422782],[-79.956621,40.422845],[-79.956738,40.422955],[-79.956841,40.423045],[-79.956946,40.423133],[-79.957018,40.423193],[-79.957095,40.423259],[-79.957154,40.423312],[-79.957199,40.423367],[-79.957244,40.423378],[-79.957295,40.423377],[-79.957317,40.423378],[-79.957414,40.423463],[-79.957533,40.423584],[-79.957596,40.423643],[-79.957603,40.423689],[-79.957606,40.423714],[-79.957606,40.423765],[-79.957641,40.423855],[-79.957692,40.423915],[-79.957758,40.423993],[-79.957831,40.424085],[-79.957911,40.424167],[-79.957962,40.424243],[-79.958002,40.424307],[-79.958058,40.424361],[-79.958111,40.424385],[-79.958134,40.424434],[-79.958153,40.424513],[-79.958204,40.424584],[-79.958276,40.424652],[-79.958384,40.424733],[-79.958463,40.424802],[-79.958539,40.424859],[-79.958619,40.424913],[-79.958678,40.424961],[-79.958723,40.425003],[-79.958759,40.425049],[-79.958795,40.425082],[-79.958815,40.425098],[-79.958787,40.425137],[-79.958884,40.425204],[-79.959014,40.42529],[-79.95917,40.425393],[-79.959274,40.425448],[-79.959302,40.425428],[-79.959376,40.425458],[-79.959466,40.42553],[-79.959556,40.425582],[-79.95967,40.425662],[-79.959759,40.425726],[-79.959872,40.425831],[-79.959986,40.42591],[-79.960083,40.425986],[-79.960156,40.426056],[-79.960233,40.426139],[-79.960325,40.426223],[-79.960416,40.426293],[-79.960534,40.426406],[-79.960623,40.426495],[-79.960693,40.426566],[-79.960828,40.426675],[-79.960913,40.426772],[-79.960971,40.426836],[-79.961046,40.426922],[-79.961123,40.426989],[-79.961195,40.427055],[-79.961288,40.427155],[-79.961349,40.427219],[-79.961423,40.427275],[-79.961493,40.427353],[-79.961548,40.427412],[-79.961612,40.427463],[-79.961672,40.427475],[-79.961729,40.427503],[-79.961756,40.42753],[-79.961772,40.427545],[-79.961804,40.427573],[-79.961812,40.427597],[-79.961825,40.427634],[-79.961838,40.427672],[-79.961849,40.427706],[-79.961869,40.427763],[-79.961874,40.427777],[-79.961982,40.427847],[-79.962154,40.427958],[-79.962266,40.428036],[-79.962377,40.428124],[-79.962475,40.428196],[-79.962622,40.428284],[-79.962765,40.428381],[-79.962943,40.428464],[-79.963129,40.428567],[-79.963269,40.428667],[-79.963369,40.428719],[-79.963539,40.428803],[-79.963655,40.428874],[-79.963723,40.428923],[-79.963819,40.428983],[-79.963954,40.429061],[-79.964008,40.42911],[-79.964072,40.429173],[-79.964145,40.429223],[-79.964272,40.429297],[-79.964379,40.429365],[-79.964488,40.429417],[-79.96455,40.429457],[-79.964603,40.42951],[-79.964676,40.429558],[-79.964801,40.429609],[-79.964938,40.429694],[-79.96504,40.429736],[-79.965188,40.429799],[-79.965293,40.429844],[-79.965454,40.429903],[-79.965566,40.429941],[-79.965672,40.429977],[-79.965804,40.430021],[-79.965904,40.430056],[-79.966134,40.430141],[-79.966613,40.430373],[-79.966826,40.430539],[-79.967081,40.430609],[-79.96731,40.430694],[-79.967574,40.430763],[-79.967759,40.430825],[-79.967937,40.430883],[-79.968386,40.431014],[-79.968461,40.431058],[-79.968513,40.431078],[-79.968552,40.431086],[-79.968571,40.431071],[-79.968585,40.431037],[-79.968588,40.43099],[-79.968525,40.430875],[-79.968552,40.430868],[-79.96875,40.431067],[-79.968802,40.431102],[-79.968837,40.431113],[-79.969061,40.431142],[-79.969456,40.431188],[-79.969653,40.431238],[-79.969957,40.431348],[-79.970201,40.431421],[-79.970312,40.431469],[-79.970505,40.431534],[-79.970694,40.431575],[-79.970901,40.431601],[-79.970999,40.431602],[-79.971089,40.431612],[-79.971214,40.43164],[-79.971895,40.431811],[-79.972051,40.431823],[-79.972421,40.431825],[-79.972455,40.431826],[-79.972525,40.431826],[-79.972843,40.431846],[-79.973003,40.431864],[-79.97317,40.431885],[-79.973213,40.431902],[-79.973453,40.431932],[-79.973588,40.431972],[-79.974019,40.432098],[-79.974095,40.432118],[-79.974122,40.432127],[-79.974147,40.432145],[-79.974172,40.432171],[-79.974189,40.432191],[-79.974211,40.43223],[-79.974228,40.432247],[-79.974249,40.432262],[-79.974289,40.432274],[-79.974397,40.432288],[-79.974391,40.432308],[-79.974352,40.432359],[-79.974338,40.432392],[-79.974337,40.43241],[-79.974349,40.432442],[-79.974374,40.432461],[-79.974406,40.432469],[-79.97445,40.432467],[-79.974475,40.432456],[-79.974499,40.43241],[-79.974518,40.432396],[-79.974552,40.432394],[-79.974577,40.432396],[-79.974621,40.432411],[-79.974947,40.432521],[-79.974966,40.432539],[-79.975011,40.432591],[-79.975046,40.432594],[-79.97508,40.432592],[-79.975157,40.432568],[-79.975286,40.432584],[-79.975325,40.432583],[-79.975399,40.432567],[-79.975512,40.432552],[-79.97562,40.432538],[-79.97576,40.432527],[-79.975885,40.432521],[-79.975959,40.432532],[-79.976053,40.432539],[-79.976257,40.432574],[-79.976422,40.432592],[-79.976473,40.432603],[-79.9765,40.432596],[-79.97672,40.432642],[-79.976787,40.432662],[-79.977165,40.432727],[-79.977199,40.432734],[-79.977251,40.432703],[-79.977261,40.432736],[-79.977481,40.432777],[-79.977649,40.43278],[-79.977711,40.432787],[-79.977812,40.432767],[-79.977986,40.432716],[-79.978121,40.432675],[-79.978148,40.432666],[-79.978222,40.432673],[-79.978366,40.432646],[-79.978541,40.432634],[-79.978623,40.432646],[-79.978743,40.432617],[-79.979007,40.432564],[-79.979053,40.432548],[-79.9792,40.432504],[-79.979266,40.432491],[-79.979339,40.432477],[-79.979389,40.432458],[-79.97943,40.432398],[-79.980253,40.432284],[-79.981144,40.432204],[-79.981323,40.432195],[-79.981623,40.432201],[-79.981633,40.43215],[-79.981707,40.432139],[-79.981805,40.432152],[-79.981825,40.432164],[-79.981841,40.432179],[-79.981888,40.432196],[-79.981963,40.4322],[-79.98227,40.432185],[-79.982267,40.432212],[-79.982494,40.432232],[-79.982584,40.432242],[-79.982804,40.43221],[-79.982982,40.432206],[-79.983185,40.432174],[-79.983397,40.432167],[-79.98349,40.432213],[-79.983635,40.43221],[-79.984033,40.432158],[-79.984298,40.432133],[-79.984527,40.432126],[-79.984934,40.432124],[-79.985439,40.432054],[-79.98626,40.431959],[-79.986909,40.431848],[-79.98717,40.431827],[-79.98778,40.43179],[-79.988108,40.431755],[-79.988117,40.431799],[-79.988313,40.431789],[-79.988311,40.431744],[-79.988381,40.431733],[-79.988523,40.431731],[-79.988577,40.431723],[-79.988655,40.431703],[-79.988861,40.431638],[-79.989046,40.431581],[-79.989149,40.431553],[-79.989281,40.431532],[-79.989299,40.431569],[-79.989613,40.431529],[-79.990048,40.43148],[-79.990039,40.431521],[-79.990115,40.431548],[-79.990216,40.43155],[-79.990635,40.431489],[-79.991012,40.431489],[-79.991114,40.431481],[-79.991105,40.431444],[-79.991119,40.431414],[-79.991186,40.431421],[-79.99123,40.431419],[-79.991255,40.431413],[-79.991286,40.431405],[-79.991315,40.4314],[-79.991349,40.431395],[-79.991348,40.431417],[-79.991375,40.431413],[-79.991399,40.431419],[-79.991421,40.431437],[-79.991427,40.431458],[-79.993546,40.431469],[-79.993583,40.431469],[-79.993604,40.43146],[-79.99364,40.431419],[-79.993774,40.431428],[-79.994109,40.431413],[-79.994649,40.431452],[-79.995214,40.431441],[-79.995261,40.431436],[-79.996634,40.431519],[-79.996661,40.431502],[-79.997391,40.431734],[-79.997621,40.431749],[-79.998125,40.431767],[-79.998473,40.431818],[-79.998828,40.431885],[-79.998913,40.431912],[-79.999136,40.432021],[-79.999354,40.432179],[-79.999472,40.432206],[-79.999683,40.432285],[-80.00024,40.432507],[-80.000298,40.432524],[-80.000621,40.432633],[-80.001089,40.432861],[-80.001464,40.433048],[-80.001849,40.433242],[-80.002194,40.433411],[-80.002214,40.433421],[-80.002712,40.433651],[-80.00278,40.433684],[-80.002815,40.433701],[-80.002855,40.433721],[-80.002884,40.433735],[-80.00298,40.433779],[-80.003228,40.43388],[-80.003587,40.434072],[-80.003995,40.434284],[-80.004322,40.434446],[-80.004924,40.434751],[-80.005422,40.435005],[-80.005931,40.435256],[-80.006367,40.435465],[-80.006786,40.435654],[-80.006886,40.435705],[-80.006892,40.435708],[-80.00714,40.435833],[-80.007313,40.435899],[-80.007401,40.435932],[-80.007621,40.436052],[-80.007925,40.436209],[-80.008073,40.436254],[-80.008464,40.43641],[-80.008927,40.436594],[-80.00938,40.436805],[-80.009818,40.437003],[-80.010266,40.437203],[-80.01071,40.437402],[-80.011098,40.43759],[-80.011499,40.437762],[-80.011815,40.437891],[-80.012157,40.438026],[-80.01243,40.438159],[-80.012465,40.438174],[-80.012468,40.438176],[-80.012484,40.438183],[-80.012489,40.438185],[-80.012566,40.438219],[-80.012579,40.438225],[-80.012643,40.438253],[-80.012661,40.438262],[-80.012667,40.438265],[-80.012675,40.438269],[-80.012682,40.438273],[-80.012843,40.438353],[-80.01323,40.438549],[-80.01361,40.438751],[-80.013904,40.438919],[-80.014218,40.439078],[-80.014531,40.439261],[-80.014784,40.439412],[-80.015169,40.439644],[-80.015189,40.439689],[-80.015307,40.43984],[-80.015408,40.43983],[-80.015709,40.439961]]]}},{"type":"Feature","properties":{"NAME":"Ohio River","HYDRO_CODE":450},"geometry":{"type":"Polygon","coordinates":[[[-80.015709,40.439961],[-80.016122,40.440194],[-80.016446,40.440358],[-80.016492,40.440381],[-80.016842,40.4406],[-80.017246,40.440819],[-80.017622,40.441029],[-80.017921,40.4412],[-80.01815,40.441317],[-80.018546,40.441535],[-80.018903,40.441743],[-80.01945,40.442049],[-80.019784,40.442225],[-80.020177,40.442392],[-80.020594,40.442538],[-80.020998,40.442647],[-80.021666,40.442813],[-80.022403,40.442993],[-80.022979,40.443133],[-80.0232,40.443186],[-80.02381,40.443342],[-80.024461,40.443523],[-80.02466,40.443607],[-80.025083,40.443742],[-80.025467,40.44389],[-80.025792,40.444018],[-80.026129,40.44414],[-80.026482,40.444296],[-80.026894,40.444427],[-80.027126,40.444558],[-80.027504,40.444718],[-80.027519,40.444724],[-80.027596,40.444773],[-80.027601,40.444776],[-80.027728,40.444854],[-80.027748,40.444864],[-80.027866,40.444924],[-80.027893,40.444938],[-80.028263,40.445127],[-80.028464,40.445245],[-80.028805,40.44543],[-80.029274,40.445704],[-80.030332,40.446367],[-80.031347,40.44708],[-80.031877,40.447454],[-80.032026,40.447531],[-80.032377,40.447814],[-80.032658,40.448013],[-80.032875,40.448195],[-80.033115,40.448411],[-80.034962,40.449823],[-80.036194,40.450731],[-80.037167,40.45155],[-80.037487,40.451782],[-80.037723,40.45203],[-80.038522,40.45273],[-80.038772,40.452933],[-80.039076,40.45325],[-80.039378,40.453504],[-80.039639,40.45377],[-80.039822,40.453938],[-80.039909,40.454067],[-80.039944,40.454102],[-80.040189,40.454301],[-80.040691,40.454827],[-80.041045,40.455195],[-80.041453,40.455583],[-80.041775,40.455832],[-80.04228,40.456223],[-80.043967,40.457512],[-80.045254,40.458564],[-80.046982,40.459855],[-80.047242,40.460044],[-80.047379,40.460124],[-80.047411,40.460167],[-80.047482,40.460256],[-80.047673,40.460402],[-80.047763,40.460452],[-80.047942,40.460571],[-80.048156,40.46076],[-80.048193,40.460779],[-80.048611,40.461067],[-80.048654,40.461106],[-80.048729,40.461179],[-80.048851,40.461272],[-80.048989,40.461368],[-80.049084,40.461433],[-80.049205,40.46149],[-80.049312,40.46161],[-80.049508,40.461733],[-80.049757,40.461893],[-80.049902,40.462019],[-80.049974,40.462063],[-80.050175,40.462208],[-80.050197,40.46222],[-80.050398,40.462366],[-80.050493,40.462451],[-80.050526,40.462475],[-80.050688,40.462596],[-80.050734,40.46267],[-80.050886,40.462833],[-80.050954,40.462919],[-80.051261,40.463319],[-80.051402,40.463458],[-80.051544,40.463637],[-80.05155,40.463662],[-80.051692,40.463846],[-80.051789,40.463968],[-80.051811,40.464005],[-80.051824,40.464059],[-80.051814,40.464084],[-80.051917,40.464223],[-80.051928,40.464244],[-80.052031,40.464403],[-80.052097,40.464515],[-80.05231,40.464986],[-80.052376,40.465048],[-80.052435,40.465069],[-80.052569,40.465491],[-80.05255,40.465505],[-80.052498,40.465647],[-80.052462,40.465725],[-80.052447,40.466017],[-80.052504,40.466056],[-80.052472,40.466441],[-80.052489,40.466611],[-80.052536,40.466678],[-80.052526,40.466721],[-80.05253,40.467165],[-80.052402,40.467645],[-80.052242,40.467887],[-80.052222,40.467938],[-80.052194,40.468101],[-80.052142,40.468213],[-80.052079,40.468334],[-80.052004,40.468429],[-80.051939,40.46849],[-80.051873,40.468849],[-80.051796,40.469209],[-80.051535,40.469735],[-80.051346,40.470079],[-80.051304,40.470166],[-80.051239,40.470227],[-80.051195,40.470262],[-80.051197,40.470304],[-80.051044,40.470401],[-80.050911,40.470446],[-80.050857,40.470482],[-80.050847,40.470507],[-80.050859,40.470541],[-80.050826,40.470559],[-80.050759,40.47056],[-80.050761,40.47062],[-80.050706,40.470638],[-80.050639,40.470648],[-80.050465,40.470779],[-80.050352,40.470739],[-80.050319,40.470757],[-80.050297,40.470766],[-80.050355,40.470841],[-80.050168,40.470922],[-80.050089,40.470898],[-80.050011,40.470908],[-80.049979,40.470951],[-80.050025,40.470967],[-80.049817,40.471091],[-80.04952,40.471242],[-80.049183,40.471496],[-80.049117,40.471531],[-80.049096,40.471574],[-80.049052,40.471601],[-80.048975,40.471619],[-80.048955,40.471679],[-80.048957,40.471765],[-80.048886,40.471962],[-80.0488,40.472066],[-80.048803,40.47216],[-80.048793,40.47221],[-80.048789,40.472243],[-80.04879,40.472264],[-80.048754,40.472332],[-80.048734,40.472378],[-80.048757,40.472411],[-80.048759,40.472482],[-80.048739,40.472545],[-80.048703,40.472604],[-80.048706,40.472679],[-80.048729,40.47272],[-80.048786,40.472778],[-80.048832,40.47286],[-80.048896,40.47298],[-80.048933,40.473092],[-80.048976,40.473233],[-80.049054,40.473424],[-80.049163,40.473747],[-80.04926,40.474017],[-80.049318,40.474128],[-80.049368,40.474302],[-80.049456,40.47448],[-80.049474,40.474526],[-80.049911,40.475664],[-80.050218,40.476411],[-80.050684,40.477382],[-80.051393,40.478732],[-80.051982,40.479539],[-80.053101,40.480919],[-80.053599,40.481299],[-80.053964,40.481545],[-80.054142,40.481643],[-80.060281,40.484377],[-80.060593,40.484502],[-80.063106,40.485915],[-80.065783,40.486718],[-80.066447,40.486797],[-80.066509,40.486815],[-80.066607,40.486844],[-80.066706,40.48687],[-80.066798,40.486892],[-80.066883,40.486909],[-80.066971,40.48693],[-80.067056,40.486952],[-80.067136,40.48697],[-80.067241,40.486996],[-80.067321,40.487012],[-80.067396,40.487029],[-80.067481,40.487046],[-80.067595,40.487071],[-80.067665,40.487084],[-80.067777,40.487105],[-80.067849,40.487122],[-80.067943,40.487136],[-80.068026,40.487143],[-80.068111,40.48715],[-80.068233,40.487156],[-80.06833,40.48716],[-80.068428,40.487165],[-80.068525,40.487172],[-80.068635,40.487179],[-80.068719,40.487186],[-80.068831,40.48719],[-80.068923,40.487192],[-80.069056,40.487193],[-80.069148,40.487193],[-80.069248,40.487193],[-80.069351,40.487189],[-80.069434,40.487187],[-80.069533,40.487181],[-80.069581,40.487174],[-80.069672,40.487161],[-80.069744,40.487145],[-80.069816,40.487129],[-80.069888,40.487116],[-80.069956,40.487115],[-80.070037,40.487117],[-80.070126,40.48712],[-80.070237,40.487126],[-80.070314,40.487134],[-80.070409,40.487146],[-80.070501,40.487161],[-80.070606,40.487187],[-80.070695,40.487209],[-80.070794,40.487234],[-80.070874,40.487258],[-80.070961,40.487281],[-80.071077,40.487309],[-80.071164,40.487336],[-80.071247,40.487353],[-80.071371,40.487384],[-80.071465,40.48741],[-80.071563,40.487434],[-80.071648,40.487455],[-80.071746,40.487482],[-80.071833,40.487505],[-80.07195,40.487536],[-80.072031,40.487567],[-80.072127,40.4876],[-80.072229,40.487633],[-80.072309,40.487662],[-80.072419,40.487697],[-80.072531,40.487736],[-80.072692,40.4878],[-80.072835,40.487858],[-80.072961,40.487903],[-80.073087,40.487951],[-80.073169,40.487989],[-80.07327,40.488026],[-80.073382,40.488066],[-80.073482,40.488104],[-80.073595,40.488146],[-80.073703,40.488184],[-80.073806,40.488218],[-80.073907,40.48826],[-80.074026,40.488307],[-80.074135,40.488341],[-80.074277,40.488385],[-80.074384,40.488425],[-80.074494,40.488474],[-80.074599,40.488513],[-80.07471,40.488555],[-80.074834,40.488605],[-80.074925,40.48864],[-80.07504,40.488677],[-80.07513,40.488706],[-80.075239,40.488746],[-80.075358,40.488794],[-80.075477,40.488835],[-80.075566,40.488865],[-80.075687,40.488906],[-80.075793,40.488949],[-80.075889,40.488986],[-80.075995,40.489028],[-80.076101,40.489071],[-80.07621,40.489108],[-80.076315,40.489143],[-80.076419,40.48918],[-80.076524,40.489215],[-80.076618,40.489251],[-80.076724,40.48929],[-80.076833,40.489331],[-80.076908,40.489361],[-80.077009,40.489402],[-80.077095,40.489436],[-80.077185,40.489475],[-80.077284,40.489518],[-80.07736,40.48955],[-80.077428,40.489576],[-80.077512,40.48961],[-80.077633,40.489658],[-80.077691,40.489676],[-80.077786,40.489709],[-80.077868,40.489737],[-80.077968,40.489776],[-80.078046,40.489805],[-80.078142,40.489839],[-80.078224,40.489872],[-80.078315,40.489905],[-80.078406,40.489937],[-80.078493,40.489965],[-80.078581,40.489994],[-80.078679,40.490023],[-80.078771,40.490061],[-80.078862,40.490099],[-80.078953,40.490139],[-80.079065,40.490182],[-80.079156,40.490211],[-80.079237,40.490235],[-80.079323,40.490263],[-80.079382,40.490285],[-80.079442,40.490312],[-80.079492,40.490343],[-80.079547,40.490368],[-80.07962,40.490394],[-80.079708,40.490424],[-80.079741,40.490433],[-80.079774,40.490442],[-80.079951,40.490491],[-80.079972,40.490498],[-80.080038,40.490519],[-80.08014,40.490559],[-80.080231,40.490596],[-80.080325,40.490632],[-80.080417,40.490667],[-80.080517,40.4907],[-80.080627,40.490742],[-80.080699,40.49077],[-80.080782,40.4908],[-80.08088,40.490837],[-80.080956,40.490865],[-80.081041,40.490899],[-80.081116,40.490929],[-80.081191,40.490963],[-80.081254,40.49099],[-80.081326,40.491027],[-80.08138,40.491068],[-80.081433,40.491105],[-80.081478,40.491143],[-80.081519,40.491179],[-80.081552,40.491224],[-80.08158,40.491265],[-80.081611,40.491291],[-80.081646,40.491311],[-80.081691,40.491321],[-80.081704,40.491319],[-80.081725,40.491314],[-80.081756,40.491307],[-80.081808,40.491294],[-80.081871,40.491287],[-80.081942,40.491283],[-80.082017,40.491292],[-80.082101,40.491319],[-80.082166,40.491342],[-80.082226,40.491361],[-80.082296,40.491389],[-80.082343,40.491418],[-80.082418,40.491458],[-80.082474,40.491481],[-80.082562,40.491515],[-80.082747,40.491605],[-80.0828,40.49163],[-80.082873,40.491673],[-80.082947,40.491709],[-80.083039,40.491743],[-80.083052,40.491748],[-80.083115,40.491775],[-80.083144,40.491788],[-80.083236,40.491845],[-80.083308,40.491884],[-80.083412,40.491927],[-80.083498,40.491963],[-80.083584,40.491997],[-80.083675,40.492041],[-80.083763,40.492087],[-80.083845,40.49213],[-80.083935,40.492176],[-80.084015,40.492213],[-80.084096,40.492256],[-80.084165,40.492289],[-80.084252,40.492332],[-80.084363,40.492382],[-80.084439,40.492412],[-80.084547,40.492457],[-80.084624,40.492496],[-80.084689,40.492533],[-80.084777,40.492577],[-80.084865,40.492628],[-80.084974,40.492689],[-80.085066,40.492735],[-80.08516,40.492782],[-80.085252,40.492825],[-80.085338,40.492867],[-80.085424,40.492909],[-80.08551,40.492951],[-80.085608,40.492997],[-80.085683,40.493034],[-80.085775,40.493081],[-80.085892,40.493143],[-80.085985,40.493193],[-80.086071,40.493231],[-80.086168,40.493282],[-80.086267,40.493331],[-80.086358,40.49338],[-80.086442,40.493423],[-80.08652,40.493458],[-80.086627,40.493513],[-80.086712,40.493551],[-80.086808,40.4936],[-80.086907,40.493646],[-80.086977,40.493683],[-80.087087,40.49373],[-80.087179,40.493773],[-80.087281,40.493824],[-80.087358,40.493861],[-80.087446,40.493903],[-80.087553,40.493963],[-80.087646,40.494014],[-80.087721,40.494053],[-80.087783,40.494086],[-80.087872,40.49413],[-80.087951,40.494169],[-80.088041,40.494217],[-80.088114,40.494251],[-80.088205,40.494295],[-80.088285,40.494329],[-80.08837,40.494366],[-80.088444,40.494405],[-80.08855,40.494461],[-80.088638,40.494502],[-80.088721,40.494536],[-80.088789,40.49457],[-80.088879,40.494614],[-80.088949,40.494645],[-80.089029,40.494683],[-80.089098,40.494719],[-80.089176,40.494758],[-80.089258,40.494799],[-80.089344,40.494829],[-80.089418,40.494863],[-80.089497,40.4949],[-80.089578,40.494943],[-80.089673,40.494989],[-80.08976,40.495023],[-80.089837,40.495056],[-80.089896,40.495079],[-80.089975,40.495113],[-80.09005,40.49515],[-80.090136,40.495191],[-80.090204,40.495223],[-80.090285,40.49526],[-80.090374,40.4953],[-80.090444,40.495332],[-80.090537,40.495372],[-80.090615,40.495403],[-80.090709,40.495438],[-80.090789,40.495468],[-80.090873,40.4955],[-80.090951,40.495532],[-80.091038,40.495576],[-80.091114,40.495609],[-80.091192,40.495641],[-80.091269,40.495671],[-80.091367,40.49571],[-80.091444,40.49574],[-80.091522,40.495769],[-80.091623,40.495808],[-80.091704,40.495838],[-80.091792,40.495874],[-80.091887,40.495909],[-80.091986,40.495943],[-80.092079,40.495978],[-80.092168,40.496011],[-80.09225,40.496041],[-80.092346,40.496078],[-80.092428,40.496106],[-80.092521,40.49614],[-80.092614,40.496167],[-80.092718,40.496204],[-80.092803,40.496237],[-80.092906,40.496275],[-80.092995,40.496306],[-80.093089,40.496335],[-80.093175,40.496369],[-80.093255,40.496396],[-80.093325,40.49642],[-80.093427,40.496455],[-80.093514,40.496481],[-80.093604,40.496516],[-80.093693,40.496551],[-80.093779,40.496584],[-80.09385,40.496614],[-80.09394,40.496643],[-80.094025,40.49668],[-80.094118,40.496716],[-80.094203,40.496745],[-80.094308,40.49678],[-80.094397,40.496808],[-80.094483,40.496835],[-80.09456,40.496866],[-80.09465,40.496905],[-80.094724,40.496939],[-80.094797,40.496966],[-80.094872,40.496991],[-80.094952,40.497016],[-80.095046,40.497046],[-80.095131,40.497074],[-80.095219,40.497107],[-80.095302,40.497135],[-80.0954,40.497171],[-80.09548,40.497207],[-80.095539,40.497228],[-80.09563,40.497266],[-80.095727,40.497303],[-80.095812,40.497335],[-80.095907,40.497369],[-80.096011,40.497402],[-80.096099,40.497431],[-80.096198,40.497462],[-80.096275,40.497492],[-80.096357,40.497522],[-80.096467,40.497561],[-80.096551,40.497594],[-80.096625,40.49762],[-80.096717,40.497652],[-80.09681,40.497683],[-80.096901,40.497712],[-80.096987,40.497742],[-80.097069,40.497773],[-80.097163,40.497808],[-80.097244,40.49784],[-80.097336,40.497873],[-80.097425,40.497907],[-80.097504,40.497938],[-80.097596,40.497973],[-80.097691,40.498011],[-80.097784,40.498043],[-80.097866,40.498076],[-80.09796,40.498108],[-80.098055,40.498141],[-80.098143,40.498173],[-80.098237,40.498208],[-80.098358,40.498253],[-80.09845,40.498289],[-80.09853,40.498324],[-80.098653,40.498367],[-80.098748,40.498404],[-80.098845,40.498439],[-80.098912,40.498462],[-80.099,40.498491],[-80.099057,40.498508],[-80.099119,40.498524],[-80.099162,40.49852],[-80.099195,40.498495],[-80.099235,40.498473],[-80.099255,40.49847],[-80.099264,40.498469],[-80.099292,40.498488],[-80.099288,40.498523],[-80.099278,40.498543],[-80.099261,40.498574],[-80.099262,40.498605],[-80.099317,40.498631],[-80.099384,40.498652],[-80.09946,40.498678],[-80.099539,40.498703],[-80.099643,40.498744],[-80.099707,40.498769],[-80.099782,40.498793],[-80.099881,40.498829],[-80.099967,40.498852],[-80.1001,40.498921],[-80.100247,40.498968],[-80.100409,40.499029],[-80.100556,40.499083],[-80.100722,40.499134],[-80.100907,40.499194],[-80.10102,40.499239],[-80.101215,40.499299],[-80.101376,40.49936],[-80.101727,40.499461],[-80.103272,40.499912],[-80.103818,40.500072],[-80.104238,40.500161],[-80.104262,40.500194],[-80.10432,40.500229],[-80.104401,40.500256],[-80.104499,40.500298],[-80.104609,40.500338],[-80.104717,40.500372],[-80.104804,40.500403],[-80.104902,40.500438],[-80.105028,40.500471],[-80.105102,40.500483],[-80.105175,40.500495],[-80.105254,40.500511],[-80.105334,40.500531],[-80.105416,40.500552],[-80.105495,40.500571],[-80.105571,40.50059],[-80.105649,40.50061],[-80.105734,40.500632],[-80.10583,40.500659],[-80.105931,40.500684],[-80.106037,40.500709],[-80.106139,40.500736],[-80.106242,40.500761],[-80.106344,40.500785],[-80.106442,40.500813],[-80.106539,40.50084],[-80.106626,40.500866],[-80.106763,40.500909],[-80.106882,40.500955],[-80.106947,40.500981],[-80.107021,40.501008],[-80.1071,40.501034],[-80.107182,40.501056],[-80.107263,40.501076],[-80.107345,40.501096],[-80.107425,40.501117],[-80.107507,40.501139],[-80.107593,40.50116],[-80.107677,40.501185],[-80.107756,40.501208],[-80.107837,40.501229],[-80.107916,40.501248],[-80.107998,40.501269],[-80.108077,40.501287],[-80.108159,40.501306],[-80.10824,40.501323],[-80.108324,40.501342],[-80.108404,40.501358],[-80.108477,40.501371],[-80.108605,40.501397],[-80.108677,40.501417],[-80.108765,40.501442],[-80.108841,40.501466],[-80.108869,40.501474],[-80.108982,40.50151],[-80.108991,40.501512],[-80.109097,40.501543],[-80.109207,40.501576],[-80.109312,40.50161],[-80.109409,40.501638],[-80.109497,40.501662],[-80.109579,40.50168],[-80.109652,40.501696],[-80.109722,40.501713],[-80.109795,40.501731],[-80.109873,40.50175],[-80.109956,40.501773],[-80.110041,40.501796],[-80.110124,40.501819],[-80.1102,40.50184],[-80.110276,40.50186],[-80.110353,40.50188],[-80.110431,40.501898],[-80.110506,40.501919],[-80.110581,40.501939],[-80.11065,40.501958],[-80.110779,40.501991],[-80.110858,40.502011],[-80.110951,40.50204],[-80.111054,40.502071],[-80.111155,40.502103],[-80.111245,40.502129],[-80.111316,40.502148],[-80.111402,40.502173],[-80.111489,40.502201],[-80.11156,40.502219],[-80.111654,40.502245],[-80.111724,40.50226],[-80.1118,40.502277],[-80.111885,40.502294],[-80.111979,40.502312],[-80.112079,40.502331],[-80.112185,40.502352],[-80.112297,40.502376],[-80.112409,40.502398],[-80.112519,40.502418],[-80.112622,40.502434],[-80.112719,40.502448],[-80.112809,40.50246],[-80.112892,40.502476],[-80.113032,40.502512],[-80.113163,40.502545],[-80.113234,40.50256],[-80.113314,40.502575],[-80.113393,40.50259],[-80.113468,40.502604],[-80.113602,40.502629],[-80.113712,40.50265],[-80.113818,40.502668],[-80.11394,40.502693],[-80.114021,40.502711],[-80.114117,40.50273],[-80.114219,40.50275],[-80.114315,40.502771],[-80.114404,40.502791],[-80.114489,40.502813],[-80.11458,40.502836],[-80.114671,40.502861],[-80.114756,40.502882],[-80.114839,40.502902],[-80.114917,40.50292],[-80.115048,40.502948],[-80.115171,40.502971],[-80.115302,40.502992],[-80.115373,40.503004],[-80.115444,40.503014],[-80.11558,40.503029],[-80.115693,40.503042],[-80.115812,40.50306],[-80.115886,40.503072],[-80.115968,40.503089],[-80.116057,40.503106],[-80.116153,40.503126],[-80.116254,40.503148],[-80.116358,40.503171],[-80.116449,40.503189],[-80.116466,40.503192],[-80.116573,40.503216],[-80.116676,40.503242],[-80.116772,40.503264],[-80.116866,40.503284],[-80.116958,40.503307],[-80.117052,40.503331],[-80.117149,40.50335],[-80.117242,40.503366],[-80.117326,40.503384],[-80.117401,40.503401],[-80.117474,40.503417],[-80.117546,40.503431],[-80.117627,40.503448],[-80.11772,40.50347],[-80.117834,40.503497],[-80.11797,40.503528],[-80.118125,40.503559],[-80.11829,40.503586],[-80.118449,40.50361],[-80.118594,40.503633],[-80.118729,40.503654],[-80.118851,40.503672],[-80.118964,40.503692],[-80.11907,40.503712],[-80.119172,40.50373],[-80.119272,40.50375],[-80.11938,40.503771],[-80.119495,40.503793],[-80.11961,40.503816],[-80.119724,40.503844],[-80.119833,40.503872],[-80.119934,40.503899],[-80.120035,40.503922],[-80.120133,40.503942],[-80.120234,40.503961],[-80.120334,40.50398],[-80.120436,40.503998],[-80.120546,40.504016],[-80.120662,40.504038],[-80.120781,40.504062],[-80.1209,40.504086],[-80.121013,40.504108],[-80.121123,40.504133],[-80.121236,40.504156],[-80.121352,40.504182],[-80.121466,40.504208],[-80.121579,40.504236],[-80.121696,40.504266],[-80.121809,40.504297],[-80.121926,40.504325],[-80.122047,40.504343],[-80.122165,40.504355],[-80.122273,40.504362],[-80.122378,40.504367],[-80.122477,40.504375],[-80.122572,40.504387],[-80.122661,40.5044],[-80.122745,40.504415],[-80.122832,40.504435],[-80.122927,40.504458],[-80.123025,40.504482],[-80.123123,40.50451],[-80.123222,40.504541],[-80.123325,40.504574],[-80.123434,40.504609],[-80.123554,40.504645],[-80.123683,40.504677],[-80.123813,40.504707],[-80.123939,40.504737],[-80.12406,40.504766],[-80.124179,40.504798],[-80.124292,40.504829],[-80.124406,40.504857],[-80.124512,40.504881],[-80.124603,40.504902],[-80.124738,40.504943],[-80.124807,40.504961],[-80.124895,40.504978],[-80.125006,40.504997],[-80.125141,40.505016],[-80.125282,40.505037],[-80.125408,40.505058],[-80.125521,40.50508],[-80.125623,40.505102],[-80.125717,40.505129],[-80.125806,40.505157],[-80.125897,40.505181],[-80.125989,40.505203],[-80.126085,40.505224],[-80.126178,40.505244],[-80.126266,40.505266],[-80.126358,40.505291],[-80.126454,40.505318],[-80.126551,40.505349],[-80.126652,40.505385],[-80.126752,40.505422],[-80.12685,40.505463],[-80.126948,40.505503],[-80.127052,40.505544],[-80.12715,40.505581],[-80.127239,40.505614],[-80.12732,40.505646],[-80.127397,40.505681],[-80.127463,40.505712],[-80.127531,40.505744],[-80.127613,40.505778],[-80.127705,40.505811],[-80.127799,40.505845],[-80.127891,40.505878],[-80.127982,40.505912],[-80.128067,40.505944],[-80.128146,40.505974],[-80.128281,40.506024],[-80.128388,40.506066],[-80.128496,40.506109],[-80.128563,40.506135],[-80.128641,40.506166],[-80.128725,40.506201],[-80.128811,40.506236],[-80.128894,40.506267],[-80.128973,40.506296],[-80.129044,40.506321],[-80.129171,40.50636],[-80.129289,40.506397],[-80.129356,40.506418],[-80.129429,40.506444],[-80.129508,40.506472],[-80.129595,40.506502],[-80.129688,40.506533],[-80.129776,40.50656],[-80.129856,40.506584],[-80.129929,40.506606],[-80.13006,40.506641],[-80.130179,40.506674],[-80.130299,40.506711],[-80.130366,40.506735],[-80.13044,40.506756],[-80.130518,40.506779],[-80.130594,40.506803],[-80.130669,40.506824],[-80.130742,40.506849],[-80.130876,40.506895],[-80.130986,40.506937],[-80.131076,40.506971],[-80.131163,40.507009],[-80.13125,40.507052],[-80.131324,40.507091],[-80.131409,40.507132],[-80.131506,40.507163],[-80.131605,40.507187],[-80.131676,40.507209],[-80.131702,40.507221],[-80.13178,40.50725],[-80.131857,40.507273],[-80.131934,40.507297],[-80.132017,40.507324],[-80.132099,40.507345],[-80.13221,40.507375],[-80.132312,40.507407],[-80.132401,40.507434],[-80.132487,40.507468],[-80.132576,40.5075],[-80.132663,40.507531],[-80.132742,40.507561],[-80.132823,40.507594],[-80.133116,40.50772],[-80.13312,40.507721],[-80.133192,40.507757],[-80.133256,40.507782],[-80.13333,40.507803],[-80.133425,40.507832],[-80.133507,40.507865],[-80.1336,40.507904],[-80.133689,40.507932],[-80.133782,40.507963],[-80.133875,40.507998],[-80.133965,40.508033],[-80.134054,40.508062],[-80.134143,40.508087],[-80.134231,40.508112],[-80.134313,40.508143],[-80.134401,40.508183],[-80.134491,40.50822],[-80.134578,40.508258],[-80.134649,40.508289],[-80.13473,40.508319],[-80.13481,40.508352],[-80.134889,40.508381],[-80.134961,40.508409],[-80.135026,40.508438],[-80.135095,40.508468],[-80.135175,40.508498],[-80.135267,40.508533],[-80.135356,40.508564],[-80.135431,40.508588],[-80.135507,40.508608],[-80.135585,40.508632],[-80.135677,40.508669],[-80.135741,40.508696],[-80.135785,40.508715],[-80.135816,40.508728],[-80.135898,40.508773],[-80.13622,40.508922],[-80.136468,40.509063],[-80.136492,40.509077],[-80.136517,40.509092],[-80.136583,40.509125],[-80.13666,40.509165],[-80.136722,40.509206],[-80.136741,40.509225],[-80.136768,40.509253],[-80.136826,40.509306],[-80.136879,40.509352],[-80.136959,40.5094],[-80.137035,40.509436],[-80.137096,40.509466],[-80.137182,40.509514],[-80.137241,40.509547],[-80.137303,40.509591],[-80.137375,40.509637],[-80.137454,40.509692],[-80.13752,40.509745],[-80.137587,40.509794],[-80.137642,40.50983],[-80.137715,40.509881],[-80.137778,40.509933],[-80.137828,40.509977],[-80.137888,40.510024],[-80.137971,40.510078],[-80.138058,40.510127],[-80.138157,40.510168],[-80.138259,40.51021],[-80.138371,40.510252],[-80.138487,40.5103],[-80.138592,40.510343],[-80.1387,40.510387],[-80.138793,40.510422],[-80.138881,40.510445],[-80.138968,40.510468],[-80.139066,40.510497],[-80.139177,40.510535],[-80.13929,40.510573],[-80.139384,40.5106],[-80.139476,40.510639],[-80.13956,40.510676],[-80.139637,40.510697],[-80.139709,40.510725],[-80.139783,40.51075],[-80.139895,40.510788],[-80.140009,40.510826],[-80.140119,40.510862],[-80.140202,40.510892],[-80.140243,40.51094],[-80.140254,40.511001],[-80.1403,40.511045],[-80.140371,40.511071],[-80.140477,40.511071],[-80.140563,40.511065],[-80.140653,40.511064],[-80.140736,40.511083],[-80.140828,40.511115],[-80.140907,40.511142],[-80.140974,40.511165],[-80.141038,40.511188],[-80.141069,40.511198],[-80.141161,40.511233],[-80.141237,40.51126],[-80.141303,40.511286],[-80.141383,40.511321],[-80.141472,40.511358],[-80.14154,40.511389],[-80.141608,40.511422],[-80.141677,40.511457],[-80.141741,40.511491],[-80.141811,40.511536],[-80.14188,40.511586],[-80.141945,40.511626],[-80.142027,40.511667],[-80.14211,40.511701],[-80.142175,40.511728],[-80.142268,40.511773],[-80.142329,40.511807],[-80.142395,40.511839],[-80.142467,40.511879],[-80.14254,40.511928],[-80.1426,40.511958],[-80.142668,40.511989],[-80.142755,40.51204],[-80.142826,40.512088],[-80.142899,40.512144],[-80.142965,40.512199],[-80.143043,40.51224],[-80.143122,40.512279],[-80.143192,40.512315],[-80.143267,40.512351],[-80.143339,40.512395],[-80.143399,40.512446],[-80.143457,40.5125],[-80.143532,40.512544],[-80.143594,40.512578],[-80.143665,40.51261],[-80.143738,40.512643],[-80.143831,40.512684],[-80.143916,40.51272],[-80.143997,40.512749],[-80.144098,40.512783],[-80.144202,40.512814],[-80.144305,40.512855],[-80.144365,40.512907],[-80.144436,40.512948],[-80.144508,40.512967],[-80.144596,40.512986],[-80.144672,40.512998],[-80.144755,40.512968],[-80.144829,40.512938],[-80.144901,40.512963],[-80.144952,40.513011],[-80.145007,40.513051],[-80.145089,40.513094],[-80.145154,40.513129],[-80.145226,40.513154],[-80.145316,40.513171],[-80.1454,40.513178],[-80.145489,40.513184],[-80.145595,40.513198],[-80.145697,40.513218],[-80.145772,40.513234],[-80.14586,40.51325],[-80.145943,40.513269],[-80.146017,40.513289],[-80.146099,40.513313],[-80.146202,40.51334],[-80.146277,40.513361],[-80.146355,40.513375],[-80.146444,40.513388],[-80.146518,40.513401],[-80.146606,40.51342],[-80.14668,40.513437],[-80.146776,40.513462],[-80.146849,40.513488],[-80.146951,40.513523],[-80.147024,40.513545],[-80.147103,40.513568],[-80.147184,40.513592],[-80.147288,40.513614],[-80.147373,40.513636],[-80.147456,40.513658],[-80.147555,40.51368],[-80.147636,40.5137],[-80.147716,40.513722],[-80.147784,40.513741],[-80.147869,40.513759],[-80.147946,40.513771],[-80.148027,40.513788],[-80.148137,40.513812],[-80.148224,40.513831],[-80.148313,40.513853],[-80.148392,40.513874],[-80.148471,40.513901],[-80.148562,40.513936],[-80.148636,40.513963],[-80.148726,40.513995],[-80.148815,40.514027],[-80.148902,40.514053],[-80.14897,40.514074],[-80.149042,40.514094],[-80.149139,40.514115],[-80.149221,40.514128],[-80.149313,40.514146],[-80.149406,40.514161],[-80.149489,40.514173],[-80.149587,40.51418],[-80.149676,40.514184],[-80.149678,40.514184],[-80.149761,40.514193],[-80.149783,40.514195],[-80.149834,40.5142],[-80.149918,40.514221],[-80.15,40.514248],[-80.150049,40.514266],[-80.150069,40.514273],[-80.150134,40.514306],[-80.150211,40.514339],[-80.150287,40.514371],[-80.15037,40.514405],[-80.150451,40.514437],[-80.150518,40.514469],[-80.150577,40.514503],[-80.150664,40.514551],[-80.150747,40.514593],[-80.15082,40.51463],[-80.150892,40.514667],[-80.150957,40.5147],[-80.15102,40.514733],[-80.151104,40.514776],[-80.151192,40.514823],[-80.151294,40.51487],[-80.151388,40.514915],[-80.151482,40.514954],[-80.151547,40.51498],[-80.151652,40.515016],[-80.151745,40.515051],[-80.151822,40.515076],[-80.151903,40.515108],[-80.151973,40.515133],[-80.152054,40.515155],[-80.152134,40.515173],[-80.1522,40.515201],[-80.152264,40.515232],[-80.152342,40.515275],[-80.152408,40.515312],[-80.152473,40.515348],[-80.152533,40.51539],[-80.152557,40.515407],[-80.152602,40.515439],[-80.152642,40.515465],[-80.152662,40.515478],[-80.152748,40.515528],[-80.152812,40.515565],[-80.152885,40.515616],[-80.152949,40.515667],[-80.153,40.515706],[-80.153068,40.515743],[-80.153069,40.515744],[-80.15314,40.515781],[-80.153225,40.515836],[-80.153287,40.515881],[-80.153361,40.515933],[-80.153432,40.515982],[-80.15351,40.516035],[-80.153587,40.516079],[-80.153665,40.516117],[-80.153741,40.516157],[-80.153829,40.516203],[-80.153893,40.516243],[-80.153968,40.516306],[-80.154049,40.516375],[-80.154115,40.516424],[-80.154186,40.516462],[-80.154252,40.51651],[-80.154302,40.51655],[-80.154377,40.516603],[-80.154458,40.516658],[-80.154533,40.516704],[-80.154599,40.516749],[-80.154663,40.516793],[-80.154733,40.51684],[-80.154813,40.516892],[-80.154877,40.516936],[-80.154947,40.516985],[-80.15502,40.517035],[-80.155092,40.517085],[-80.155162,40.517131],[-80.155249,40.517173],[-80.15532,40.517207],[-80.155376,40.517242],[-80.155437,40.517283],[-80.155517,40.517333],[-80.155593,40.517383],[-80.155655,40.517427],[-80.155715,40.517461],[-80.155806,40.517501],[-80.155881,40.517536],[-80.155945,40.517569],[-80.156026,40.517633],[-80.156104,40.517699],[-80.156184,40.517765],[-80.156252,40.517825],[-80.156299,40.517879],[-80.156365,40.51794],[-80.156428,40.517992],[-80.156481,40.518038],[-80.156536,40.518082],[-80.156606,40.518144],[-80.156699,40.518215],[-80.156784,40.518276],[-80.156875,40.518304],[-80.156965,40.518309],[-80.157046,40.518327],[-80.157128,40.518366],[-80.157191,40.518405],[-80.157246,40.518446],[-80.157306,40.51849],[-80.157364,40.518537],[-80.157431,40.518591],[-80.157483,40.518632],[-80.157547,40.51869],[-80.157596,40.51874],[-80.157653,40.518798],[-80.157703,40.518849],[-80.157758,40.518908],[-80.157818,40.518964],[-80.15789,40.519018],[-80.157968,40.519072],[-80.158042,40.519119],[-80.158125,40.519167],[-80.158194,40.519209],[-80.158257,40.519246],[-80.158323,40.51929],[-80.158398,40.519345],[-80.158488,40.5194],[-80.158553,40.51944],[-80.158611,40.519472],[-80.158692,40.519519],[-80.158771,40.519565],[-80.158841,40.519612],[-80.158904,40.519655],[-80.15898,40.5197],[-80.159046,40.519744],[-80.159099,40.519783],[-80.15918,40.519836],[-80.159263,40.519882],[-80.159353,40.519917],[-80.159433,40.519967],[-80.159515,40.52002],[-80.159606,40.520078],[-80.159667,40.520121],[-80.159722,40.52017],[-80.159767,40.520224],[-80.15981,40.52027],[-80.159858,40.520318],[-80.159908,40.520364],[-80.159974,40.520416],[-80.160028,40.520455],[-80.160102,40.5205],[-80.160161,40.520536],[-80.160217,40.520578],[-80.160282,40.520631],[-80.160331,40.520671],[-80.160401,40.520717],[-80.160468,40.520749],[-80.160539,40.520786],[-80.160616,40.520826],[-80.160714,40.520872],[-80.160776,40.52091],[-80.16078,40.520912],[-80.160863,40.520959],[-80.160924,40.520993],[-80.161008,40.521033],[-80.161078,40.52107],[-80.161137,40.521107],[-80.161214,40.521148],[-80.161285,40.521181],[-80.161353,40.521205],[-80.161446,40.521218],[-80.161516,40.52123],[-80.161586,40.521258],[-80.161673,40.521295],[-80.16174,40.521329],[-80.161802,40.521361],[-80.161875,40.521399],[-80.161939,40.521432],[-80.162019,40.521478],[-80.16209,40.521524],[-80.162183,40.52158],[-80.162272,40.521634],[-80.162348,40.521689],[-80.162416,40.521736],[-80.162508,40.521788],[-80.162569,40.52182],[-80.162639,40.521853],[-80.162703,40.521879],[-80.162805,40.521914],[-80.162875,40.521938],[-80.162943,40.521973],[-80.163009,40.522014],[-80.163094,40.522053],[-80.16317,40.522085],[-80.16324,40.522111],[-80.16332,40.522141],[-80.163396,40.522168],[-80.163465,40.522187],[-80.163556,40.522215],[-80.163628,40.522236],[-80.163705,40.522257],[-80.163796,40.522288],[-80.163904,40.52232],[-80.163995,40.522343],[-80.164072,40.522372],[-80.164125,40.522428],[-80.164168,40.522478],[-80.16422,40.522522],[-80.164292,40.522562],[-80.164381,40.522593],[-80.164449,40.522613],[-80.164521,40.522649],[-80.164609,40.522705],[-80.164706,40.522758],[-80.164809,40.5228],[-80.164903,40.522822],[-80.164977,40.522841],[-80.165071,40.522871],[-80.165138,40.522899],[-80.165218,40.522935],[-80.165294,40.522968],[-80.165371,40.523007],[-80.165467,40.523044],[-80.165514,40.523056],[-80.165461,40.523108],[-80.16645,40.523633],[-80.166925,40.5239],[-80.167509,40.52421],[-80.167814,40.524381],[-80.167865,40.524416],[-80.167996,40.524477],[-80.168032,40.524469],[-80.168067,40.524424],[-80.16807,40.524373],[-80.167978,40.524298],[-80.167873,40.52426],[-80.167772,40.52422],[-80.167738,40.5242],[-80.167727,40.52418],[-80.167743,40.524161],[-80.167773,40.524134],[-80.167834,40.524119],[-80.167895,40.524154],[-80.168032,40.524229],[-80.168104,40.524278],[-80.16823,40.524344],[-80.168353,40.524415],[-80.168476,40.524478],[-80.168525,40.524507],[-80.168739,40.524613],[-80.168984,40.524721],[-80.169159,40.524739],[-80.169266,40.524778],[-80.169396,40.524825],[-80.169556,40.524868],[-80.169647,40.524908],[-80.169712,40.524941],[-80.169841,40.524992],[-80.170047,40.525087],[-80.170196,40.52514],[-80.17031,40.525187],[-80.170724,40.525311],[-80.170835,40.52535],[-80.171012,40.52542],[-80.171254,40.525515],[-80.171454,40.525589],[-80.171636,40.525654],[-80.172126,40.525818],[-80.172273,40.525867],[-80.172388,40.52592],[-80.17255,40.525963],[-80.17265,40.526007],[-80.17283,40.526066],[-80.173019,40.52611],[-80.173261,40.526147],[-80.173458,40.526195],[-80.173531,40.526213],[-80.173939,40.526294],[-80.174014,40.526335],[-80.174211,40.526377],[-80.174337,40.526382],[-80.17441,40.526416],[-80.174566,40.526472],[-80.174623,40.52649],[-80.174703,40.526526],[-80.17477,40.526551],[-80.174833,40.526573],[-80.174931,40.526587],[-80.17511,40.526661],[-80.17518,40.526682],[-80.175272,40.526715],[-80.175323,40.52674],[-80.175359,40.526758],[-80.175602,40.526834],[-80.175792,40.526858],[-80.175893,40.526893],[-80.176023,40.526946],[-80.176036,40.526953],[-80.176092,40.526974],[-80.176121,40.526985],[-80.176203,40.527021],[-80.176229,40.527027],[-80.176256,40.527032],[-80.176362,40.527066],[-80.176442,40.527129],[-80.176478,40.527169],[-80.176554,40.527192],[-80.17668,40.527254],[-80.17678,40.527317],[-80.177055,40.527401],[-80.177213,40.527413],[-80.17731,40.527415],[-80.177444,40.527451],[-80.177453,40.527457],[-80.177492,40.527483],[-80.177502,40.527495],[-80.177534,40.527513],[-80.177577,40.527531],[-80.177639,40.52756],[-80.177682,40.527591],[-80.177753,40.527616],[-80.178007,40.527678],[-80.178212,40.527736],[-80.178377,40.527809],[-80.178702,40.527896],[-80.178776,40.527905],[-80.178842,40.527935],[-80.178902,40.527968],[-80.178903,40.527993],[-80.178901,40.528017],[-80.17889,40.528064],[-80.178884,40.528123],[-80.178887,40.528175],[-80.178899,40.528186],[-80.178934,40.528204],[-80.178962,40.528216],[-80.179111,40.52825],[-80.179587,40.528418],[-80.17962,40.528425],[-80.17982,40.52848],[-80.179955,40.528532],[-80.179998,40.52854],[-80.180021,40.528513],[-80.180054,40.52852],[-80.180081,40.528549],[-80.18029,40.528639],[-80.180418,40.528706],[-80.180628,40.528834],[-80.180744,40.528866],[-80.180855,40.528888],[-80.180989,40.528906],[-80.181054,40.528963],[-80.181846,40.529159],[-80.182107,40.529204],[-80.182187,40.529232],[-80.182356,40.529302],[-80.182733,40.529424],[-80.182887,40.529462],[-80.183054,40.529513],[-80.183118,40.529564],[-80.183147,40.529587],[-80.183296,40.529616],[-80.183408,40.529641],[-80.18361,40.52968],[-80.183687,40.529696],[-80.183788,40.529718],[-80.183994,40.529753],[-80.184116,40.529808],[-80.18431,40.529873],[-80.184388,40.529893],[-80.184629,40.529968],[-80.185015,40.530051],[-80.185037,40.530058],[-80.185192,40.530102],[-80.185335,40.530168],[-80.185686,40.530295],[-80.185985,40.530389],[-80.186085,40.530426],[-80.186175,40.530465],[-80.186349,40.530532],[-80.186566,40.530631],[-80.186705,40.530696],[-80.186862,40.53074],[-80.187074,40.530805],[-80.187195,40.530865],[-80.187412,40.530937],[-80.187568,40.531022],[-80.187656,40.531087],[-80.187722,40.531142],[-80.187901,40.531299],[-80.187971,40.53136],[-80.18802,40.531395],[-80.188112,40.531449],[-80.188224,40.531478],[-80.188354,40.531496],[-80.188448,40.531498],[-80.188532,40.531501],[-80.188577,40.531514],[-80.188696,40.531537],[-80.188766,40.531554],[-80.188869,40.531576],[-80.188916,40.531602],[-80.188971,40.531631],[-80.189062,40.53168],[-80.189133,40.531706],[-80.189168,40.531719],[-80.189263,40.531753],[-80.189281,40.53176],[-80.189299,40.531766],[-80.18943,40.531861],[-80.18945,40.531889],[-80.189534,40.531966],[-80.189632,40.532034],[-80.189745,40.532145],[-80.189848,40.532227],[-80.189908,40.532285],[-80.189988,40.532338],[-80.190191,40.532459],[-80.190209,40.532474],[-80.19027,40.532509],[-80.190408,40.532588],[-80.190616,40.532753],[-80.190705,40.532832],[-80.190784,40.532905],[-80.190911,40.532994],[-80.191078,40.533142],[-80.191143,40.533203],[-80.191364,40.533372],[-80.19146,40.533432],[-80.191529,40.533506],[-80.191594,40.533566],[-80.191792,40.533727],[-80.191844,40.533764],[-80.191899,40.533808],[-80.191965,40.533856],[-80.192031,40.533912],[-80.192238,40.534049],[-80.192361,40.53415],[-80.1926,40.534352],[-80.192639,40.534401],[-80.192722,40.534456],[-80.192802,40.534525],[-80.192888,40.534621],[-80.19313,40.53489],[-80.193268,40.535049],[-80.193385,40.535166],[-80.193549,40.5354],[-80.193851,40.535615],[-80.194138,40.535995],[-80.194409,40.53633],[-80.194702,40.536714],[-80.194961,40.53709],[-80.195195,40.537432],[-80.195318,40.53763],[-80.195363,40.537694],[-80.195468,40.537847],[-80.195647,40.538118],[-80.195941,40.538609],[-80.196136,40.539045],[-80.196355,40.539443],[-80.196572,40.539796],[-80.196879,40.540354],[-80.196893,40.540379],[-80.197203,40.540846],[-80.197373,40.541128],[-80.197686,40.541487],[-80.198143,40.541997],[-80.198594,40.542446],[-80.198917,40.542697],[-80.199201,40.542947],[-80.199232,40.542977],[-80.19932,40.543065],[-80.199408,40.543152],[-80.199513,40.543252],[-80.199603,40.543341],[-80.19969,40.543435],[-80.199779,40.54353],[-80.199785,40.543535],[-80.199882,40.54362],[-80.199988,40.543714],[-80.200085,40.543796],[-80.200206,40.54389],[-80.20031,40.543988],[-80.200394,40.544079],[-80.200486,40.544199],[-80.20055,40.544312],[-80.200626,40.544425],[-80.200729,40.544524],[-80.200833,40.544612],[-80.200957,40.544713],[-80.201103,40.54482],[-80.201231,40.544918],[-80.201359,40.545019],[-80.201464,40.545101],[-80.201598,40.545199],[-80.201723,40.5453],[-80.201847,40.545393],[-80.201946,40.545478],[-80.202055,40.545563],[-80.202177,40.545644],[-80.202309,40.545731],[-80.203008,40.546278],[-80.203011,40.546282],[-80.203122,40.546369],[-80.203242,40.546458],[-80.203359,40.546541],[-80.203477,40.546605],[-80.203499,40.546624],[-80.203499,40.546664],[-80.203671,40.546822],[-80.203622,40.54686],[-80.203424,40.54672],[-80.203407,40.546733],[-80.204594,40.547565],[-80.20499,40.547844],[-80.205033,40.547846],[-80.205189,40.547956],[-80.204988,40.548037],[-80.204888,40.54821],[-80.204719,40.548091],[-80.204718,40.54807],[-80.204458,40.547887],[-80.204417,40.547879],[-80.204433,40.547942],[-80.20522,40.548504],[-80.205221,40.548503],[-80.205224,40.548501],[-80.205225,40.5485],[-80.205312,40.548558],[-80.205206,40.548602],[-80.20516,40.548688],[-80.205079,40.548631],[-80.205083,40.548621],[-80.203934,40.547846],[-80.203933,40.547846],[-80.203933,40.547845],[-80.203932,40.547845],[-80.203931,40.547845],[-80.203931,40.547844],[-80.20393,40.547844],[-80.203929,40.547844],[-80.203929,40.547844],[-80.203928,40.547844],[-80.203927,40.547844],[-80.203927,40.547844],[-80.203926,40.547844],[-80.203925,40.547844],[-80.203925,40.547844],[-80.203924,40.547845],[-80.203923,40.547845],[-80.203923,40.547845],[-80.203922,40.547846],[-80.203922,40.547846],[-80.203922,40.547847],[-80.203921,40.547847],[-80.203921,40.547848],[-80.203921,40.547848],[-80.203921,40.547849],[-80.203921,40.547849],[-80.203921,40.54785],[-80.203921,40.54785],[-80.203921,40.547851],[-80.203922,40.547851],[-80.203922,40.547852],[-80.203922,40.547852],[-80.203923,40.547853],[-80.204857,40.548482],[-80.204857,40.548482],[-80.204949,40.54858],[-80.204931,40.5486],[-80.205283,40.548845],[-80.205314,40.548822],[-80.205605,40.549025],[-80.20561,40.54912],[-80.205707,40.549187],[-80.205763,40.549227],[-80.205823,40.549181],[-80.205977,40.549286],[-80.205948,40.549316],[-80.206291,40.549555],[-80.20631,40.549537],[-80.206484,40.549624],[-80.207102,40.550076],[-80.206843,40.549869],[-80.206437,40.549571],[-80.206235,40.549429],[-80.206274,40.549355],[-80.206373,40.549315],[-80.206702,40.549541],[-80.206917,40.549678],[-80.206957,40.549641],[-80.206673,40.549442],[-80.206694,40.549405],[-80.20676,40.549291],[-80.206944,40.549217],[-80.207173,40.549376],[-80.207303,40.549369],[-80.207382,40.549402],[-80.207434,40.549455],[-80.207471,40.549493],[-80.208367,40.550076],[-80.2085,40.550162],[-80.20855,40.550178],[-80.208693,40.550212],[-80.208816,40.550276],[-80.20893,40.550353],[-80.209038,40.550428],[-80.209159,40.55051],[-80.209286,40.550581],[-80.209399,40.550664],[-80.209521,40.550758],[-80.209648,40.550833],[-80.209767,40.550908],[-80.209778,40.550914],[-80.209895,40.55099],[-80.210019,40.551079],[-80.210147,40.551165],[-80.210273,40.551239],[-80.210406,40.551328],[-80.210548,40.551423],[-80.210667,40.551501],[-80.210803,40.551593],[-80.210928,40.551677],[-80.211056,40.551763],[-80.211191,40.551855],[-80.211318,40.551932],[-80.211465,40.552027],[-80.211581,40.552102],[-80.211713,40.552204],[-80.211821,40.55228],[-80.211958,40.552369],[-80.212071,40.552437],[-80.212198,40.552523],[-80.212327,40.552612],[-80.212456,40.552697],[-80.212573,40.552781],[-80.212686,40.55287],[-80.212796,40.552952],[-80.212908,40.553041],[-80.213034,40.553134],[-80.213148,40.553223],[-80.213259,40.553318],[-80.213376,40.553423],[-80.213481,40.553522],[-80.213586,40.553617],[-80.213695,40.553708],[-80.213825,40.553785],[-80.213932,40.553882],[-80.214012,40.553975],[-80.214082,40.554082],[-80.214153,40.554192],[-80.21424,40.554289],[-80.214341,40.554373],[-80.214448,40.554459],[-80.214561,40.554541],[-80.214681,40.554634],[-80.214815,40.554737],[-80.214932,40.554848],[-80.215037,40.55496],[-80.215147,40.555072],[-80.215239,40.555174],[-80.215339,40.555265],[-80.215442,40.555361],[-80.215543,40.555466],[-80.215637,40.555569],[-80.215732,40.555665],[-80.215833,40.555779],[-80.215936,40.555892],[-80.216052,40.556001],[-80.216166,40.556122],[-80.216271,40.556217],[-80.216383,40.556325],[-80.216452,40.556396],[-80.216483,40.556428],[-80.216592,40.55654],[-80.216708,40.55665],[-80.216827,40.556724],[-80.216977,40.556789],[-80.217092,40.556857],[-80.217208,40.556933],[-80.217322,40.557027],[-80.217412,40.557118],[-80.217515,40.557232],[-80.217567,40.557308],[-80.217773,40.557636],[-80.217807,40.557726],[-80.217856,40.557841],[-80.217917,40.557952],[-80.217979,40.558055],[-80.218061,40.558158],[-80.218144,40.558255],[-80.218235,40.558369],[-80.218317,40.558467],[-80.218405,40.558564],[-80.218501,40.558653],[-80.218619,40.558733],[-80.218739,40.558809],[-80.218871,40.558899],[-80.218994,40.558983],[-80.219117,40.559073],[-80.219246,40.559179],[-80.219367,40.559256],[-80.219461,40.559352],[-80.219563,40.559441],[-80.219606,40.559469],[-80.219648,40.559504],[-80.219795,40.559642],[-80.219913,40.559782],[-80.219926,40.559798],[-80.219979,40.559862],[-80.220018,40.559927],[-80.220016,40.559951],[-80.220016,40.559952],[-80.220001,40.559971],[-80.219951,40.560003],[-80.219945,40.560007],[-80.221075,40.561039],[-80.221148,40.56099],[-80.22121,40.561041],[-80.221244,40.561072],[-80.221321,40.561122],[-80.221378,40.56113],[-80.221398,40.561138],[-80.22148,40.561212],[-80.221596,40.561307],[-80.221713,40.56139],[-80.221773,40.561456],[-80.221817,40.561525],[-80.221921,40.561688],[-80.222016,40.561813],[-80.222062,40.561864],[-80.222142,40.561959],[-80.222239,40.562048],[-80.222332,40.562119],[-80.222351,40.562133],[-80.222453,40.562215],[-80.222561,40.562315],[-80.222641,40.562407],[-80.222723,40.562508],[-80.222817,40.562604],[-80.222936,40.562682],[-80.223048,40.562765],[-80.223129,40.562861],[-80.223194,40.562971],[-80.223248,40.563097],[-80.223292,40.563174],[-80.223391,40.563318],[-80.223482,40.563428],[-80.223573,40.563534],[-80.223671,40.563644],[-80.223753,40.563736],[-80.223852,40.563832],[-80.223956,40.563934],[-80.22405,40.564035],[-80.224144,40.564139],[-80.224218,40.564255],[-80.224301,40.564362],[-80.224395,40.564463],[-80.224491,40.564558],[-80.224608,40.56466],[-80.224709,40.564751],[-80.224817,40.564853],[-80.224901,40.56495],[-80.224986,40.565043],[-80.22507,40.56514],[-80.225155,40.565237],[-80.2253,40.565264],[-80.225339,40.565262],[-80.225496,40.565211],[-80.225431,40.56528],[-80.225363,40.565348],[-80.225348,40.565459],[-80.225406,40.565565],[-80.225469,40.565667],[-80.225549,40.565769],[-80.225621,40.565875],[-80.225685,40.565976],[-80.225776,40.566063],[-80.225886,40.566139],[-80.226002,40.566198],[-80.226031,40.566213],[-80.226024,40.56633],[-80.22606,40.566445],[-80.226092,40.566558],[-80.226096,40.566565],[-80.226119,40.566605],[-80.226155,40.566667],[-80.226262,40.566746],[-80.226372,40.566834],[-80.226435,40.566936],[-80.226531,40.567025],[-80.226656,40.567094],[-80.226783,40.567163],[-80.226888,40.567244],[-80.226963,40.567356],[-80.227026,40.567471],[-80.227085,40.567578],[-80.227146,40.567683],[-80.227216,40.567798],[-80.227289,40.56791],[-80.227357,40.568016],[-80.227421,40.568122],[-80.227455,40.56818],[-80.227489,40.568237],[-80.227563,40.56836],[-80.227623,40.568464],[-80.227696,40.568583],[-80.227762,40.568684],[-80.227839,40.56879],[-80.227923,40.568898],[-80.228008,40.569002],[-80.22809,40.569107],[-80.228175,40.569207],[-80.228282,40.569299],[-80.22841,40.569358],[-80.228521,40.56952],[-80.228939,40.570131],[-80.229258,40.570597],[-80.229588,40.57108],[-80.229663,40.571191],[-80.229753,40.571284],[-80.229864,40.571369],[-80.229974,40.571452],[-80.230053,40.571565],[-80.230111,40.571672],[-80.230168,40.571764],[-80.229989,40.571875],[-80.228286,40.573073],[-80.227088,40.573974],[-80.226842,40.574305],[-80.226787,40.574252],[-80.226718,40.574141],[-80.22668,40.574056],[-80.226668,40.574029],[-80.226619,40.573923],[-80.226556,40.573822],[-80.226471,40.573699],[-80.226388,40.573573],[-80.226327,40.573467],[-80.226265,40.573354],[-80.226184,40.573224],[-80.226117,40.573122],[-80.226053,40.573023],[-80.225973,40.572911],[-80.225895,40.572814],[-80.225787,40.572693],[-80.22567,40.572584],[-80.225529,40.572512],[-80.22539,40.57243],[-80.225298,40.572336],[-80.225229,40.572232],[-80.225156,40.572135],[-80.22507,40.572039],[-80.22496,40.571921],[-80.224877,40.571828],[-80.224795,40.571726],[-80.22471,40.571623],[-80.224635,40.571528],[-80.224545,40.571402],[-80.224462,40.571295],[-80.224381,40.571191],[-80.224282,40.571075],[-80.224202,40.570979],[-80.224116,40.570874],[-80.22402,40.570762],[-80.22391,40.570642],[-80.223833,40.570543],[-80.223764,40.570447],[-80.22369,40.570335],[-80.223611,40.570217],[-80.22355,40.570101],[-80.22346,40.569981],[-80.223343,40.569898],[-80.223264,40.569794],[-80.223242,40.569769],[-80.223179,40.569695],[-80.223082,40.569576],[-80.223031,40.56952],[-80.222978,40.569462],[-80.222885,40.569356],[-80.222813,40.569253],[-80.222755,40.569147],[-80.222709,40.569023],[-80.222657,40.5689],[-80.222603,40.568777],[-80.222558,40.568673],[-80.22248,40.568556],[-80.222388,40.568445],[-80.222285,40.56833],[-80.222207,40.568212],[-80.222162,40.568094],[-80.222082,40.567989],[-80.221994,40.567874],[-80.221929,40.567759],[-80.221852,40.567653],[-80.221774,40.567538],[-80.221702,40.567432],[-80.221629,40.567318],[-80.221557,40.567221],[-80.22149,40.567114],[-80.221412,40.567008],[-80.22134,40.5669],[-80.221259,40.566772],[-80.221176,40.566656],[-80.221073,40.566542],[-80.220981,40.566441],[-80.220881,40.56633],[-80.220794,40.5662],[-80.220722,40.566104],[-80.220639,40.565989],[-80.220562,40.565876],[-80.220517,40.565759],[-80.220444,40.565643],[-80.220331,40.565539],[-80.220249,40.565439],[-80.220185,40.565322],[-80.220116,40.565186],[-80.220055,40.565065],[-80.219989,40.564958],[-80.219897,40.564847],[-80.219803,40.56476],[-80.219701,40.564666],[-80.219603,40.564567],[-80.219503,40.564471],[-80.219401,40.564376],[-80.2193,40.564267],[-80.219194,40.564142],[-80.219088,40.56404],[-80.218982,40.563945],[-80.218879,40.563864],[-80.218765,40.563773],[-80.218643,40.56368],[-80.218529,40.563606],[-80.218427,40.563522],[-80.218324,40.563426],[-80.218243,40.563334],[-80.218163,40.563223],[-80.218093,40.563103],[-80.218024,40.562989],[-80.217954,40.562892],[-80.217864,40.562772],[-80.217781,40.562663],[-80.217693,40.562562],[-80.21762,40.562461],[-80.217532,40.562332],[-80.217441,40.562214],[-80.217337,40.562105],[-80.217242,40.562008],[-80.21713,40.561895],[-80.217031,40.561806],[-80.216923,40.561706],[-80.216837,40.561618],[-80.21675,40.561515],[-80.216694,40.56141],[-80.216452,40.561169],[-80.216432,40.561149],[-80.216348,40.56106],[-80.216258,40.560953],[-80.216168,40.56086],[-80.216025,40.56074],[-80.215916,40.560652],[-80.215815,40.560554],[-80.21571,40.560436],[-80.215647,40.56033],[-80.215617,40.560214],[-80.21552,40.560091],[-80.215408,40.560002],[-80.21528,40.559925],[-80.215147,40.559851],[-80.21506,40.559798],[-80.21503,40.559779],[-80.21495,40.559678],[-80.214925,40.559586],[-80.214867,40.559527],[-80.214805,40.559479],[-80.214795,40.559471],[-80.214774,40.559462],[-80.214722,40.559439],[-80.214679,40.55943],[-80.214624,40.559406],[-80.214548,40.559338],[-80.214485,40.55922],[-80.214435,40.5591],[-80.214409,40.559031],[-80.214375,40.558987],[-80.214337,40.558981],[-80.214327,40.558981],[-80.212539,40.557172],[-80.211896,40.556631],[-80.211124,40.55609],[-80.211045,40.556038],[-80.208816,40.554747],[-80.208705,40.55479],[-80.208634,40.554753],[-80.208609,40.554749],[-80.208579,40.554748],[-80.20853,40.554748],[-80.208431,40.554757],[-80.208283,40.554757],[-80.208122,40.554735],[-80.207961,40.554711],[-80.207754,40.554701],[-80.207591,40.554686],[-80.207414,40.55465],[-80.207246,40.554611],[-80.207093,40.554569],[-80.206974,40.554494],[-80.20697,40.554491],[-80.206936,40.554507],[-80.206596,40.554319],[-80.206596,40.554318],[-80.206587,40.554314],[-80.206568,40.554305],[-80.206562,40.554302],[-80.20644,40.55424],[-80.206298,40.554175],[-80.206119,40.554102],[-80.205939,40.554024],[-80.205782,40.553959],[-80.205649,40.553897],[-80.20547,40.553828],[-80.205325,40.553771],[-80.20517,40.553716],[-80.205001,40.553658],[-80.204853,40.553615],[-80.2047,40.553569],[-80.204559,40.553528],[-80.204406,40.55347],[-80.204259,40.553412],[-80.204117,40.553353],[-80.203919,40.553278],[-80.203734,40.553218],[-80.203568,40.553165],[-80.203405,40.553117],[-80.203238,40.553057],[-80.203076,40.553004],[-80.202916,40.552958],[-80.202737,40.552904],[-80.202596,40.552861],[-80.202442,40.552798],[-80.202309,40.552727],[-80.202184,40.55266],[-80.202159,40.552632],[-80.202164,40.552623],[-80.202165,40.552614],[-80.202163,40.552608],[-80.202159,40.552604],[-80.202041,40.552522],[-80.201849,40.552388],[-80.20182,40.552368],[-80.201729,40.552373],[-80.201729,40.552371],[-80.201747,40.552229],[-80.201762,40.552128],[-80.20177,40.552032],[-80.201746,40.551952],[-80.201684,40.551857],[-80.201553,40.551702],[-80.201461,40.551604],[-80.201339,40.551506],[-80.2012,40.551411],[-80.201075,40.551336],[-80.200951,40.55123],[-80.200814,40.551111],[-80.200705,40.551018],[-80.200605,40.550933],[-80.200507,40.550842],[-80.200404,40.550752],[-80.200289,40.550656],[-80.200193,40.550569],[-80.200078,40.550466],[-80.199966,40.550356],[-80.199872,40.550249],[-80.199785,40.550159],[-80.199779,40.550153],[-80.199697,40.550076],[-80.199671,40.55005],[-80.199576,40.549946],[-80.199469,40.549834],[-80.199394,40.549741],[-80.199272,40.549625],[-80.199178,40.549513],[-80.199077,40.549391],[-80.198977,40.549266],[-80.198898,40.549169],[-80.198812,40.549061],[-80.198709,40.54894],[-80.198597,40.548813],[-80.198524,40.548716],[-80.198437,40.548618],[-80.19835,40.548521],[-80.19825,40.548397],[-80.198157,40.548271],[-80.198064,40.548158],[-80.197973,40.548052],[-80.197763,40.54776],[-80.197333,40.547202],[-80.196748,40.546434],[-80.196433,40.546038],[-80.19607,40.545517],[-80.19556,40.544857],[-80.195208,40.544357],[-80.19483,40.543901],[-80.19441,40.543191],[-80.19386,40.542343],[-80.193381,40.541636],[-80.193002,40.541014],[-80.192662,40.540478],[-80.192583,40.540354],[-80.192302,40.539912],[-80.191927,40.539337],[-80.191667,40.538943],[-80.191286,40.538409],[-80.191215,40.538304],[-80.190833,40.537738],[-80.190407,40.5372],[-80.189951,40.536673],[-80.189576,40.536381],[-80.189169,40.535978],[-80.18871,40.535647],[-80.188328,40.535359],[-80.187892,40.535049],[-80.187679,40.534877],[-80.187397,40.53466],[-80.187146,40.534568],[-80.186748,40.534397],[-80.186595,40.534322],[-80.186579,40.534315],[-80.186493,40.534273],[-80.186463,40.534259],[-80.186339,40.534199],[-80.185997,40.534053],[-80.185788,40.533962],[-80.185755,40.533934],[-80.185638,40.533906],[-80.185603,40.533893],[-80.185366,40.533829],[-80.185331,40.533821],[-80.185175,40.533768],[-80.185088,40.533683],[-80.184884,40.533601],[-80.184796,40.53356],[-80.184255,40.533378],[-80.183689,40.533211],[-80.183362,40.5331],[-80.183118,40.533041],[-80.182824,40.532969],[-80.182236,40.532842],[-80.181788,40.532707],[-80.181335,40.532577],[-80.180788,40.532455],[-80.180373,40.532337],[-80.17984,40.532192],[-80.179289,40.532018],[-80.178656,40.531832],[-80.177816,40.531624],[-80.177329,40.531496],[-80.177109,40.53144],[-80.176818,40.531366],[-80.176514,40.531282],[-80.176316,40.531216],[-80.176169,40.531148],[-80.176028,40.531098],[-80.175644,40.530986],[-80.175552,40.530948],[-80.17538,40.530892],[-80.175161,40.53082],[-80.175076,40.530789],[-80.175016,40.530778],[-80.174948,40.530752],[-80.17483,40.530698],[-80.174787,40.530658],[-80.174764,40.530632],[-80.174681,40.530535],[-80.17463,40.530475],[-80.174615,40.53046],[-80.174538,40.530403],[-80.174389,40.530353],[-80.174364,40.530364],[-80.174346,40.530415],[-80.174309,40.530468],[-80.1743,40.53048],[-80.174287,40.530498],[-80.17427,40.530505],[-80.174255,40.530504],[-80.174217,40.530493],[-80.174194,40.530463],[-80.1742,40.530439],[-80.174203,40.530427],[-80.174216,40.530398],[-80.174216,40.530377],[-80.174216,40.530365],[-80.174216,40.530363],[-80.17421,40.530326],[-80.174203,40.530295],[-80.174171,40.530272],[-80.174103,40.530253],[-80.173918,40.530183],[-80.173367,40.529989],[-80.172989,40.529856],[-80.172581,40.529724],[-80.172379,40.529656],[-80.172352,40.52965],[-80.172334,40.529666],[-80.172319,40.529695],[-80.172312,40.529704],[-80.172273,40.529709],[-80.172235,40.529673],[-80.172262,40.529621],[-80.172284,40.52959],[-80.172289,40.529557],[-80.172227,40.529509],[-80.172037,40.529464],[-80.171835,40.529425],[-80.171739,40.529401],[-80.171643,40.529388],[-80.171339,40.529374],[-80.17126,40.529375],[-80.171199,40.529376],[-80.171084,40.529378],[-80.171066,40.529378],[-80.170967,40.529394],[-80.170885,40.529414],[-80.170789,40.529434],[-80.17071,40.529438],[-80.170612,40.529434],[-80.170424,40.52942],[-80.17007,40.529338],[-80.169732,40.529247],[-80.169276,40.529095],[-80.168937,40.528993],[-80.1686,40.528869],[-80.168075,40.528686],[-80.167651,40.528551],[-80.167257,40.528464],[-80.167131,40.528424],[-80.166928,40.528371],[-80.166608,40.528286],[-80.16659,40.528274],[-80.16645,40.52825],[-80.166417,40.528241],[-80.166334,40.528214],[-80.166251,40.528185],[-80.166178,40.528162],[-80.166097,40.528131],[-80.166031,40.528109],[-80.165947,40.528079],[-80.165857,40.528044],[-80.165768,40.528012],[-80.165688,40.527985],[-80.165586,40.527953],[-80.165487,40.527921],[-80.165402,40.527896],[-80.165328,40.527871],[-80.165209,40.527826],[-80.165102,40.527781],[-80.165004,40.52774],[-80.164902,40.527701],[-80.164811,40.52766],[-80.164727,40.527617],[-80.164659,40.527576],[-80.164595,40.527531],[-80.164516,40.527482],[-80.16444,40.527441],[-80.164372,40.527406],[-80.164301,40.527366],[-80.164206,40.527318],[-80.164134,40.527288],[-80.164068,40.527253],[-80.164009,40.527221],[-80.163941,40.527192],[-80.163867,40.527161],[-80.163785,40.527125],[-80.16372,40.527095],[-80.163653,40.527055],[-80.163561,40.526999],[-80.163488,40.526961],[-80.163406,40.526916],[-80.163323,40.526866],[-80.163238,40.526827],[-80.163162,40.526797],[-80.163018,40.526742],[-80.162928,40.526706],[-80.162857,40.52668],[-80.162761,40.526641],[-80.162658,40.526597],[-80.162571,40.526561],[-80.162484,40.526528],[-80.162387,40.526496],[-80.162298,40.526469],[-80.162204,40.52643],[-80.162114,40.526388],[-80.162028,40.526341],[-80.161957,40.526302],[-80.161881,40.526267],[-80.161818,40.52624],[-80.161749,40.52621],[-80.161682,40.52618],[-80.161606,40.526141],[-80.161529,40.526102],[-80.161475,40.526061],[-80.161406,40.526005],[-80.161336,40.525952],[-80.16127,40.525909],[-80.161194,40.525878],[-80.161121,40.525851],[-80.161025,40.52582],[-80.16094,40.525797],[-80.160847,40.525769],[-80.160757,40.525732],[-80.160687,40.525696],[-80.160626,40.525665],[-80.160548,40.525621],[-80.160457,40.525567],[-80.160372,40.525514],[-80.160317,40.525467],[-80.16026,40.525421],[-80.160209,40.52539],[-80.160202,40.525385],[-80.160139,40.525355],[-80.160061,40.525339],[-80.159974,40.525345],[-80.159901,40.525362],[-80.159818,40.525385],[-80.159744,40.525398],[-80.159647,40.525398],[-80.159571,40.525384],[-80.159478,40.525358],[-80.159388,40.525334],[-80.159318,40.525319],[-80.159211,40.525304],[-80.159088,40.525296],[-80.158972,40.525289],[-80.158845,40.525275],[-80.15871,40.525258],[-80.158599,40.52524],[-80.158512,40.525222],[-80.158443,40.525205],[-80.158357,40.525177],[-80.158282,40.525159],[-80.158183,40.525129],[-80.158093,40.525103],[-80.158018,40.525082],[-80.157943,40.525062],[-80.157861,40.525038],[-80.157779,40.525013],[-80.157688,40.52498],[-80.157585,40.524942],[-80.157496,40.524912],[-80.157413,40.524883],[-80.157326,40.524849],[-80.15725,40.524814],[-80.157173,40.524782],[-80.157089,40.524748],[-80.15701,40.524713],[-80.156928,40.524671],[-80.156836,40.524629],[-80.15676,40.524592],[-80.156688,40.52456],[-80.156617,40.524527],[-80.156529,40.524493],[-80.15643,40.524462],[-80.156315,40.524432],[-80.156216,40.524414],[-80.156143,40.524403],[-80.156053,40.524392],[-80.155982,40.524377],[-80.155908,40.524375],[-80.155829,40.524379],[-80.155731,40.524387],[-80.155645,40.524395],[-80.155547,40.524387],[-80.15546,40.524361],[-80.155383,40.524328],[-80.155311,40.524298],[-80.155218,40.524264],[-80.155152,40.524236],[-80.155074,40.524205],[-80.154983,40.524168],[-80.15489,40.524137],[-80.154808,40.524112],[-80.154719,40.524085],[-80.154636,40.524066],[-80.154569,40.524039],[-80.154498,40.524006],[-80.154419,40.523977],[-80.154338,40.52395],[-80.154243,40.523911],[-80.154184,40.523878],[-80.154121,40.523845],[-80.154055,40.523811],[-80.153991,40.523779],[-80.153923,40.523747],[-80.153828,40.523706],[-80.15376,40.523688],[-80.153675,40.523667],[-80.153602,40.523652],[-80.15351,40.523627],[-80.153437,40.523586],[-80.153361,40.523541],[-80.153285,40.523496],[-80.153209,40.523473],[-80.153126,40.523465],[-80.153021,40.523446],[-80.152936,40.523412],[-80.152841,40.523383],[-80.152767,40.523364],[-80.152688,40.523344],[-80.152608,40.523328],[-80.152507,40.523303],[-80.152441,40.52328],[-80.152345,40.523246],[-80.152279,40.523216],[-80.152209,40.523189],[-80.152127,40.523158],[-80.152117,40.523155],[-80.15206,40.523136],[-80.151989,40.523119],[-80.151894,40.523099],[-80.151787,40.523073],[-80.151672,40.52305],[-80.151558,40.523032],[-80.151444,40.523014],[-80.151333,40.522995],[-80.151236,40.522977],[-80.151154,40.522957],[-80.151079,40.522937],[-80.151,40.522918],[-80.150926,40.522899],[-80.150851,40.522877],[-80.15077,40.522846],[-80.150687,40.522813],[-80.15062,40.522778],[-80.150533,40.522735],[-80.150461,40.522702],[-80.150382,40.522671],[-80.150296,40.522637],[-80.150215,40.522605],[-80.150138,40.522577],[-80.150066,40.522549],[-80.149998,40.522525],[-80.149924,40.522499],[-80.149847,40.522474],[-80.149783,40.522456],[-80.149777,40.522454],[-80.149678,40.522432],[-80.149581,40.522412],[-80.149494,40.522396],[-80.149422,40.522386],[-80.149319,40.52237],[-80.149218,40.522351],[-80.149112,40.522334],[-80.149036,40.522325],[-80.148955,40.522313],[-80.148876,40.522302],[-80.148795,40.522288],[-80.148714,40.522272],[-80.148611,40.522249],[-80.148513,40.522221],[-80.148445,40.522196],[-80.148353,40.522162],[-80.148266,40.522133],[-80.148182,40.522117],[-80.148102,40.522111],[-80.148008,40.522087],[-80.14792,40.522078],[-80.147823,40.522071],[-80.147749,40.522064],[-80.147662,40.522052],[-80.147584,40.522037],[-80.147498,40.52202],[-80.147393,40.522],[-80.147273,40.521973],[-80.147154,40.521947],[-80.147041,40.521921],[-80.146929,40.521894],[-80.146825,40.521873],[-80.146738,40.521856],[-80.146644,40.521833],[-80.146525,40.521798],[-80.146414,40.521758],[-80.146292,40.521722],[-80.14618,40.521694],[-80.146099,40.521674],[-80.146015,40.521659],[-80.145908,40.521645],[-80.145825,40.521625],[-80.145754,40.521606],[-80.145658,40.521587],[-80.145562,40.52157],[-80.145459,40.521544],[-80.145344,40.521514],[-80.145228,40.521488],[-80.145119,40.521463],[-80.145024,40.521441],[-80.144924,40.521421],[-80.144818,40.521394],[-80.14471,40.521366],[-80.144619,40.521336],[-80.144539,40.521305],[-80.144451,40.52127],[-80.144361,40.521233],[-80.144277,40.521197],[-80.144199,40.521164],[-80.144118,40.521132],[-80.144045,40.5211],[-80.143974,40.521072],[-80.143902,40.521041],[-80.14381,40.521007],[-80.143722,40.520974],[-80.14366,40.520942],[-80.143603,40.52091],[-80.14359,40.520903],[-80.143525,40.520867],[-80.143462,40.520834],[-80.143397,40.520801],[-80.14333,40.520764],[-80.143245,40.520709],[-80.143175,40.520654],[-80.143113,40.520599],[-80.143055,40.520548],[-80.143001,40.520499],[-80.142952,40.52046],[-80.14289,40.520413],[-80.14281,40.520368],[-80.142742,40.520334],[-80.142664,40.520296],[-80.142594,40.520267],[-80.142529,40.52024],[-80.142465,40.520212],[-80.142395,40.520185],[-80.142317,40.520153],[-80.142244,40.520122],[-80.142168,40.520096],[-80.142088,40.520064],[-80.142015,40.52004],[-80.141947,40.520015],[-80.141879,40.519988],[-80.141796,40.519962],[-80.141717,40.519937],[-80.141637,40.519912],[-80.141552,40.519885],[-80.141459,40.519848],[-80.141369,40.519815],[-80.141288,40.519784],[-80.141222,40.51976],[-80.141149,40.519734],[-80.141087,40.519705],[-80.141024,40.519676],[-80.140959,40.519652],[-80.140888,40.519624],[-80.140804,40.519594],[-80.140723,40.519555],[-80.140636,40.519509],[-80.14055,40.519464],[-80.140474,40.519419],[-80.140412,40.519381],[-80.140343,40.519347],[-80.14028,40.519314],[-80.140194,40.519268],[-80.140125,40.519234],[-80.140036,40.519208],[-80.139949,40.519184],[-80.139868,40.519165],[-80.139782,40.519152],[-80.139701,40.519133],[-80.139614,40.519106],[-80.139534,40.519074],[-80.13947,40.519044],[-80.139369,40.519006],[-80.139297,40.518981],[-80.139225,40.518956],[-80.139158,40.518938],[-80.139072,40.518916],[-80.138984,40.518884],[-80.138916,40.51885],[-80.138842,40.518802],[-80.138784,40.51877],[-80.138704,40.51872],[-80.138648,40.518685],[-80.138574,40.518638],[-80.138491,40.518588],[-80.138432,40.518553],[-80.138371,40.518516],[-80.138295,40.518474],[-80.138218,40.518431],[-80.138149,40.518394],[-80.138066,40.518351],[-80.137985,40.518313],[-80.137912,40.51828],[-80.137832,40.518243],[-80.137755,40.518207],[-80.137674,40.518169],[-80.137594,40.518129],[-80.13752,40.518088],[-80.137453,40.518053],[-80.137379,40.518019],[-80.137296,40.51798],[-80.137211,40.517944],[-80.137142,40.517917],[-80.137051,40.51789],[-80.136956,40.517857],[-80.136881,40.517827],[-80.136812,40.517792],[-80.136744,40.517757],[-80.136658,40.51772],[-80.136589,40.517687],[-80.136505,40.517648],[-80.136425,40.517616],[-80.136351,40.517593],[-80.136277,40.517563],[-80.13619,40.517528],[-80.136096,40.517489],[-80.136009,40.517457],[-80.135937,40.51743],[-80.135842,40.517402],[-80.135771,40.517386],[-80.135697,40.517362],[-80.135596,40.517329],[-80.135518,40.517303],[-80.135445,40.517274],[-80.135378,40.517243],[-80.135307,40.517202],[-80.135229,40.517162],[-80.135153,40.517132],[-80.135078,40.517101],[-80.13499,40.517063],[-80.13491,40.51703],[-80.134839,40.517007],[-80.134767,40.51699],[-80.134674,40.516967],[-80.134606,40.516929],[-80.134529,40.516884],[-80.134447,40.516859],[-80.134367,40.516856],[-80.134294,40.516857],[-80.134203,40.516858],[-80.134127,40.516862],[-80.134049,40.516866],[-80.133959,40.516869],[-80.133883,40.516872],[-80.133839,40.516825],[-80.133842,40.516763],[-80.13382,40.516694],[-80.133743,40.516672],[-80.133661,40.516676],[-80.133654,40.516677],[-80.133495,40.516697],[-80.133422,40.516709],[-80.133331,40.516712],[-80.133272,40.516714],[-80.133116,40.516718],[-80.133076,40.516719],[-80.133001,40.516719],[-80.132917,40.516721],[-80.132838,40.516722],[-80.132753,40.516723],[-80.132677,40.516712],[-80.132606,40.516704],[-80.132532,40.516704],[-80.132459,40.516693],[-80.132378,40.516665],[-80.132313,40.516643],[-80.132242,40.516625],[-80.132147,40.516607],[-80.132071,40.516592],[-80.131997,40.516582],[-80.131985,40.516579],[-80.131925,40.516568],[-80.131851,40.516557],[-80.131762,40.516545],[-80.131668,40.516531],[-80.131585,40.516519],[-80.131536,40.516504],[-80.131533,40.516504],[-80.131452,40.516484],[-80.131359,40.51647],[-80.131281,40.516458],[-80.131208,40.516453],[-80.131132,40.516448],[-80.131044,40.516438],[-80.130935,40.516424],[-80.130823,40.516408],[-80.130719,40.516396],[-80.130605,40.516382],[-80.130491,40.516356],[-80.130409,40.516334],[-80.130323,40.516318],[-80.130247,40.516304],[-80.130147,40.516294],[-80.130044,40.516291],[-80.129947,40.516291],[-80.129862,40.516291],[-80.129767,40.516286],[-80.129679,40.516273],[-80.129599,40.51626],[-80.129518,40.516245],[-80.129439,40.516234],[-80.129367,40.516223],[-80.129269,40.51621],[-80.129195,40.516197],[-80.129098,40.51618],[-80.129006,40.516167],[-80.128908,40.516153],[-80.1288,40.51614],[-80.128715,40.516124],[-80.128631,40.516107],[-80.128548,40.516093],[-80.128467,40.51608],[-80.128383,40.51606],[-80.128283,40.516037],[-80.128185,40.516016],[-80.128098,40.516003],[-80.128008,40.515992],[-80.127922,40.515977],[-80.127844,40.51596],[-80.127747,40.515941],[-80.127658,40.51593],[-80.127588,40.515917],[-80.127508,40.515902],[-80.127422,40.515881],[-80.127338,40.515864],[-80.12725,40.515847],[-80.127155,40.515831],[-80.127076,40.515817],[-80.126984,40.515798],[-80.126905,40.515779],[-80.126822,40.515761],[-80.126718,40.515736],[-80.126645,40.515718],[-80.126565,40.515703],[-80.126487,40.51569],[-80.126408,40.515673],[-80.126333,40.515655],[-80.126253,40.51564],[-80.126178,40.515628],[-80.126086,40.515613],[-80.125996,40.515595],[-80.125886,40.515571],[-80.125777,40.515552],[-80.125674,40.515539],[-80.125581,40.51553],[-80.125497,40.515519],[-80.125381,40.515501],[-80.125264,40.51548],[-80.12515,40.515453],[-80.125043,40.51542],[-80.124944,40.515398],[-80.124854,40.515384],[-80.124766,40.515369],[-80.124676,40.515351],[-80.124584,40.515329],[-80.124515,40.515306],[-80.124435,40.515273],[-80.124347,40.515239],[-80.124267,40.515208],[-80.12419,40.51519],[-80.124103,40.51518],[-80.123997,40.515156],[-80.123871,40.515116],[-80.123761,40.515084],[-80.123679,40.515063],[-80.1236,40.515048],[-80.123501,40.515039],[-80.123387,40.515034],[-80.123299,40.515022],[-80.123228,40.514993],[-80.123148,40.514953],[-80.123066,40.514925],[-80.122965,40.514891],[-80.122889,40.514872],[-80.122807,40.514854],[-80.122724,40.514832],[-80.122649,40.514813],[-80.122576,40.514803],[-80.12248,40.514798],[-80.122389,40.514795],[-80.122301,40.514788],[-80.1222,40.514785],[-80.122122,40.514778],[-80.122046,40.51477],[-80.121957,40.514758],[-80.121868,40.514746],[-80.121793,40.514732],[-80.12171,40.514716],[-80.121615,40.514706],[-80.12152,40.514703],[-80.121434,40.514696],[-80.121352,40.514686],[-80.12126,40.514672],[-80.121182,40.514654],[-80.121102,40.514639],[-80.121025,40.514628],[-80.120953,40.514619],[-80.120858,40.514612],[-80.120757,40.514602],[-80.120673,40.514577],[-80.120601,40.514545],[-80.120535,40.514511],[-80.120472,40.514482],[-80.120388,40.51445],[-80.120275,40.514407],[-80.120144,40.514365],[-80.120032,40.514338],[-80.119941,40.514312],[-80.119852,40.514286],[-80.119761,40.514268],[-80.119747,40.514265],[-80.119669,40.514256],[-80.119548,40.514245],[-80.119411,40.514238],[-80.119305,40.514232],[-80.119221,40.514224],[-80.119147,40.514214],[-80.11905,40.514205],[-80.118973,40.514199],[-80.118892,40.514197],[-80.118809,40.514196],[-80.118711,40.514204],[-80.118628,40.514207],[-80.11853,40.514218],[-80.118423,40.514226],[-80.118348,40.514232],[-80.118268,40.514237],[-80.118163,40.514243],[-80.11807,40.514246],[-80.117985,40.514246],[-80.117906,40.514249],[-80.117815,40.514263],[-80.117739,40.514279],[-80.117647,40.514292],[-80.117538,40.5143],[-80.117428,40.514305],[-80.117315,40.514305],[-80.117181,40.514304],[-80.117045,40.514302],[-80.116949,40.514299],[-80.116863,40.514297],[-80.116772,40.514295],[-80.116684,40.514292],[-80.116601,40.514283],[-80.116521,40.514271],[-80.116449,40.514261],[-80.116435,40.514259],[-80.116335,40.514243],[-80.11625,40.514227],[-80.116163,40.514206],[-80.116069,40.514191],[-80.115976,40.514175],[-80.115877,40.514158],[-80.115779,40.514139],[-80.115674,40.514117],[-80.11557,40.51409],[-80.115475,40.514059],[-80.11539,40.514029],[-80.115304,40.514001],[-80.115226,40.513974],[-80.115155,40.513952],[-80.115074,40.513928],[-80.114986,40.513899],[-80.114897,40.513868],[-80.114806,40.513838],[-80.114715,40.513809],[-80.114618,40.51378],[-80.114511,40.513747],[-80.114403,40.513721],[-80.114297,40.513693],[-80.114197,40.513662],[-80.114098,40.513632],[-80.113997,40.513599],[-80.113903,40.51357],[-80.113806,40.513541],[-80.113698,40.513516],[-80.113568,40.513496],[-80.113495,40.51349],[-80.113421,40.513482],[-80.11335,40.513472],[-80.113278,40.513462],[-80.113143,40.51344],[-80.113022,40.513422],[-80.112905,40.513413],[-80.112791,40.513405],[-80.112689,40.513394],[-80.11259,40.513381],[-80.112491,40.513365],[-80.112385,40.513347],[-80.112281,40.513329],[-80.112176,40.513303],[-80.112055,40.513275],[-80.111926,40.513249],[-80.111791,40.51322],[-80.111666,40.513189],[-80.11154,40.513156],[-80.111469,40.513137],[-80.111395,40.513121],[-80.111322,40.513106],[-80.111199,40.513071],[-80.111074,40.513035],[-80.111005,40.513008],[-80.110923,40.512976],[-80.110831,40.512943],[-80.110676,40.512895],[-80.110606,40.512876],[-80.110531,40.512851],[-80.110416,40.512812],[-80.110301,40.512771],[-80.110194,40.512724],[-80.110094,40.512687],[-80.110015,40.51267],[-80.109944,40.512661],[-80.109846,40.512651],[-80.109749,40.512627],[-80.109676,40.512586],[-80.109625,40.512547],[-80.109574,40.512502],[-80.109506,40.51245],[-80.109412,40.51241],[-80.109296,40.512387],[-80.109204,40.512371],[-80.109157,40.512364],[-80.109109,40.512356],[-80.109008,40.51235],[-80.108906,40.512347],[-80.108797,40.51234],[-80.108685,40.51232],[-80.108587,40.512294],[-80.108472,40.512263],[-80.108343,40.512241],[-80.108224,40.512225],[-80.108126,40.512212],[-80.108032,40.512201],[-80.107937,40.512187],[-80.107849,40.512164],[-80.107751,40.512129],[-80.107667,40.512089],[-80.107589,40.512057],[-80.107517,40.512031],[-80.107424,40.512012],[-80.107327,40.511991],[-80.10723,40.511964],[-80.107141,40.511931],[-80.107056,40.511901],[-80.106962,40.511865],[-80.106863,40.511822],[-80.106786,40.51178],[-80.106723,40.511752],[-80.106642,40.511737],[-80.106578,40.511708],[-80.106511,40.511677],[-80.106416,40.511633],[-80.106308,40.511594],[-80.10619,40.51155],[-80.106072,40.511503],[-80.105957,40.511459],[-80.105856,40.511421],[-80.105756,40.511379],[-80.105651,40.511332],[-80.105544,40.511287],[-80.105441,40.511242],[-80.105331,40.511198],[-80.105298,40.511188],[-80.105203,40.511157],[-80.105075,40.511112],[-80.10495,40.511071],[-80.104831,40.511026],[-80.104712,40.510981],[-80.104601,40.510939],[-80.104491,40.510892],[-80.104388,40.51085],[-80.104302,40.510812],[-80.104225,40.510783],[-80.10414,40.510749],[-80.104053,40.510716],[-80.103944,40.510662],[-80.103883,40.510632],[-80.10376,40.510578],[-80.103648,40.510533],[-80.103548,40.510492],[-80.103457,40.510454],[-80.103366,40.510413],[-80.103274,40.510368],[-80.103175,40.510318],[-80.103082,40.510266],[-80.102994,40.510213],[-80.102904,40.510171],[-80.10282,40.510139],[-80.10275,40.510118],[-80.102661,40.510091],[-80.102594,40.510072],[-80.102517,40.51005],[-80.102435,40.51002],[-80.102357,40.509986],[-80.102284,40.509952],[-80.102196,40.509909],[-80.102125,40.509878],[-80.102021,40.509842],[-80.10195,40.509834],[-80.101875,40.509818],[-80.101428,40.509653],[-80.101158,40.509532],[-80.100694,40.509345],[-80.100138,40.509139],[-80.099782,40.509],[-80.099385,40.508846],[-80.098841,40.508629],[-80.098308,40.508421],[-80.097873,40.50827],[-80.097319,40.508056],[-80.096609,40.507818],[-80.096135,40.50763],[-80.095331,40.507325],[-80.09465,40.507117],[-80.094028,40.50689],[-80.093581,40.50669],[-80.093208,40.506542],[-80.092986,40.506447],[-80.092644,40.506347],[-80.092317,40.506233],[-80.092008,40.506131],[-80.091796,40.506086],[-80.091721,40.506043],[-80.091506,40.505971],[-80.09132,40.505891],[-80.091074,40.505809],[-80.090789,40.505719],[-80.090488,40.505617],[-80.090266,40.505537],[-80.090015,40.505465],[-80.089863,40.505422],[-80.089677,40.505374],[-80.089581,40.505345],[-80.089456,40.505335],[-80.089394,40.505333],[-80.089379,40.505337],[-80.089246,40.505301],[-80.087189,40.504445],[-80.087156,40.504434],[-80.087125,40.50442],[-80.087096,40.504395],[-80.086981,40.504347],[-80.086763,40.504284],[-80.086475,40.50419],[-80.086118,40.504078],[-80.085618,40.503914],[-80.08477,40.503648],[-80.084149,40.503429],[-80.083935,40.503369],[-80.083779,40.503323],[-80.083675,40.503296],[-80.0836,40.503262],[-80.08352,40.503251],[-80.08347,40.503255],[-80.083311,40.503242],[-80.083157,40.503214],[-80.083115,40.503205],[-80.082818,40.503144],[-80.082609,40.503102],[-80.082503,40.503092],[-80.081924,40.502962],[-80.080991,40.502784],[-80.080734,40.502693],[-80.080548,40.502624],[-80.080384,40.502583],[-80.080272,40.502556],[-80.079683,40.502395],[-80.079314,40.502266],[-80.079256,40.502228],[-80.079212,40.502188],[-80.079186,40.502153],[-80.079175,40.502129],[-80.079144,40.502073],[-80.079132,40.502044],[-80.079022,40.501919],[-80.078936,40.501917],[-80.078852,40.501921],[-80.078792,40.501939],[-80.078728,40.501965],[-80.078642,40.501975],[-80.078549,40.501959],[-80.078153,40.501818],[-80.077975,40.501729],[-80.077697,40.501608],[-80.07736,40.501466],[-80.077239,40.501414],[-80.076927,40.501245],[-80.076536,40.501051],[-80.076265,40.500915],[-80.076092,40.500834],[-80.075993,40.500779],[-80.07587,40.50071],[-80.075782,40.500658],[-80.075652,40.500586],[-80.075574,40.500544],[-80.075484,40.500486],[-80.075362,40.500406],[-80.075279,40.500358],[-80.075176,40.500313],[-80.075092,40.500265],[-80.075002,40.500228],[-80.074865,40.500155],[-80.074778,40.500092],[-80.074703,40.500052],[-80.074617,40.499995],[-80.074466,40.499908],[-80.074401,40.499866],[-80.074304,40.499802],[-80.07423,40.499754],[-80.074165,40.49971],[-80.074084,40.499661],[-80.073998,40.499602],[-80.073945,40.499565],[-80.073864,40.499514],[-80.073713,40.499411],[-80.0736,40.499343],[-80.073493,40.49924],[-80.073373,40.499154],[-80.073257,40.499086],[-80.073176,40.499031],[-80.073052,40.498946],[-80.072976,40.498884],[-80.072889,40.49881],[-80.07278,40.498737],[-80.072715,40.498677],[-80.072623,40.498615],[-80.072546,40.498558],[-80.072477,40.498504],[-80.07238,40.498442],[-80.072304,40.498385],[-80.072205,40.49832],[-80.072116,40.498251],[-80.072057,40.498193],[-80.071952,40.498123],[-80.071854,40.498052],[-80.071808,40.497999],[-80.071728,40.497934],[-80.071649,40.497875],[-80.071571,40.497833],[-80.071478,40.497787],[-80.0714,40.497723],[-80.071325,40.497673],[-80.071257,40.497631],[-80.071177,40.497576],[-80.071084,40.497504],[-80.071023,40.497453],[-80.070922,40.497385],[-80.070862,40.497349],[-80.07079,40.497282],[-80.070685,40.497207],[-80.070598,40.49715],[-80.070493,40.497079],[-80.070418,40.49702],[-80.070322,40.496952],[-80.07023,40.49689],[-80.070163,40.496833],[-80.070079,40.496778],[-80.069983,40.49672],[-80.069909,40.496664],[-80.069807,40.496596],[-80.069753,40.496559],[-80.06971,40.496505],[-80.069646,40.496448],[-80.069565,40.496391],[-80.069477,40.496331],[-80.069381,40.49625],[-80.069299,40.496183],[-80.069201,40.496114],[-80.069108,40.496055],[-80.069041,40.496021],[-80.068968,40.495972],[-80.068885,40.495896],[-80.068774,40.49581],[-80.068707,40.495764],[-80.06861,40.495697],[-80.068556,40.495651],[-80.0685,40.495606],[-80.06842,40.495541],[-80.068334,40.495468],[-80.068285,40.495415],[-80.068208,40.495357],[-80.068175,40.495316],[-80.068112,40.495214],[-80.067973,40.495093],[-80.067797,40.494948],[-80.067565,40.494805],[-80.06749,40.494759],[-80.067179,40.494554],[-80.066872,40.494286],[-80.066645,40.494013],[-80.066508,40.493821],[-80.066448,40.493767],[-80.066326,40.49366],[-80.066102,40.493485],[-80.065912,40.493333],[-80.065823,40.493261],[-80.065669,40.493159],[-80.065383,40.492956],[-80.065143,40.492801],[-80.064912,40.492594],[-80.064699,40.492418],[-80.06469,40.49241],[-80.064435,40.492273],[-80.06422,40.492173],[-80.064037,40.492022],[-80.063757,40.491818],[-80.063648,40.491743],[-80.063581,40.491677],[-80.059681,40.488677],[-80.055481,40.485777],[-80.052975,40.48432],[-80.051499,40.483565],[-80.051026,40.483179],[-80.050855,40.483049],[-80.050814,40.483013],[-80.050613,40.482817],[-80.050382,40.482619],[-80.049943,40.482264],[-80.04984,40.482172],[-80.049561,40.481915],[-80.048716,40.481067],[-80.048536,40.480926],[-80.04811,40.480438],[-80.047715,40.479983],[-80.047109,40.479115],[-80.046952,40.478806],[-80.046872,40.478595],[-80.046702,40.47832],[-80.046431,40.477668],[-80.045902,40.476708],[-80.045779,40.476255],[-80.045629,40.475791],[-80.045496,40.475351],[-80.045444,40.475159],[-80.045077,40.474091],[-80.044681,40.473528],[-80.044686,40.473501],[-80.044789,40.473282],[-80.044799,40.473246],[-80.044804,40.47322],[-80.044703,40.472965],[-80.044671,40.472903],[-80.044623,40.472842],[-80.044481,40.47277],[-80.044463,40.472753],[-80.044253,40.472363],[-80.044163,40.472285],[-80.04414,40.472267],[-80.044063,40.472238],[-80.043732,40.472214],[-80.04372,40.472192],[-80.043721,40.472126],[-80.043731,40.472035],[-80.043735,40.471974],[-80.04368,40.471899],[-80.043537,40.47181],[-80.043489,40.471746],[-80.043345,40.471404],[-80.043341,40.471313],[-80.043126,40.470829],[-80.043102,40.470708],[-80.043011,40.47037],[-80.042896,40.470099],[-80.042713,40.469794],[-80.042538,40.469514],[-80.042175,40.468997],[-80.041949,40.468778],[-80.041866,40.468694],[-80.041772,40.468635],[-80.041744,40.46861],[-80.041638,40.468405],[-80.041478,40.4682],[-80.041458,40.46819],[-80.041404,40.468171],[-80.041325,40.468173],[-80.041265,40.468169],[-80.041238,40.468159],[-80.040833,40.467539],[-80.040639,40.467315],[-80.039989,40.466508],[-80.039308,40.465792],[-80.039143,40.465608],[-80.038973,40.465395],[-80.038953,40.465348],[-80.038914,40.465287],[-80.038842,40.465166],[-80.038746,40.465069],[-80.038567,40.464894],[-80.038141,40.464511],[-80.038042,40.46433],[-80.037895,40.464168],[-80.037663,40.46388],[-80.037475,40.463615],[-80.037344,40.463382],[-80.037318,40.46334],[-80.037223,40.463272],[-80.037197,40.463239],[-80.036975,40.462881],[-80.036678,40.462454],[-80.036576,40.462308],[-80.036426,40.462055],[-80.036043,40.461505],[-80.03591,40.461314],[-80.0359,40.461252],[-80.035475,40.460584],[-80.035466,40.460538],[-80.035153,40.459862],[-80.035119,40.459732],[-80.035092,40.459596],[-80.035069,40.459568],[-80.035036,40.459495],[-80.035045,40.458881],[-80.035043,40.458807],[-80.03501,40.458722],[-80.034973,40.458712],[-80.034921,40.458713],[-80.03483,40.458686],[-80.034793,40.458687],[-80.034784,40.458641],[-80.034813,40.458601],[-80.034835,40.458589],[-80.034856,40.45856],[-80.034877,40.458537],[-80.034883,40.458492],[-80.034848,40.458117],[-80.034833,40.457884],[-80.034831,40.457822],[-80.034807,40.457771],[-80.034767,40.457692],[-80.034725,40.457551],[-80.034724,40.457096],[-80.03476,40.456828],[-80.034773,40.456782],[-80.034794,40.456736],[-80.034814,40.456679],[-80.034797,40.456617],[-80.034796,40.456566],[-80.034772,40.456526],[-80.034749,40.456504],[-80.034711,40.456482],[-80.034629,40.456484],[-80.034562,40.456474],[-80.034551,40.456388],[-80.034573,40.456377],[-80.034648,40.456387],[-80.034678,40.456375],[-80.034707,40.456363],[-80.034735,40.456322],[-80.034762,40.456242],[-80.034773,40.456105],[-80.034754,40.455787],[-80.034756,40.455628],[-80.034692,40.455493],[-80.034612,40.455313],[-80.034585,40.455182],[-80.034526,40.454979],[-80.034492,40.454854],[-80.034184,40.454121],[-80.034167,40.454053],[-80.034164,40.453968],[-80.034117,40.453895],[-80.03397,40.453722],[-80.033898,40.453592],[-80.033763,40.453333],[-80.033695,40.453289],[-80.033656,40.453233],[-80.033601,40.453172],[-80.033532,40.453099],[-80.033478,40.453043],[-80.033401,40.452965],[-80.033302,40.452893],[-80.033201,40.452857],[-80.033073,40.452715],[-80.033039,40.452633],[-80.032933,40.452547],[-80.032901,40.452536],[-80.032841,40.452528],[-80.032806,40.452527],[-80.03277,40.452517],[-80.032752,40.452498],[-80.032719,40.45247],[-80.032712,40.452452],[-80.032699,40.452427],[-80.032695,40.452403],[-80.032682,40.452382],[-80.032643,40.452325],[-80.032586,40.452284],[-80.032566,40.452263],[-80.03253,40.45226],[-80.032464,40.45223],[-80.032535,40.452209],[-80.032589,40.452201],[-80.032673,40.452191],[-80.032744,40.452184],[-80.032781,40.452176],[-80.032815,40.452172],[-80.032836,40.452169],[-80.032854,40.452142],[-80.032851,40.452108],[-80.032842,40.452084],[-80.032813,40.452068],[-80.032747,40.452071],[-80.032656,40.452084],[-80.032552,40.452093],[-80.032481,40.452102],[-80.03243,40.452112],[-80.032388,40.452111],[-80.032349,40.452097],[-80.03227,40.452047],[-80.03222,40.452016],[-80.032113,40.451902],[-80.031999,40.451774],[-80.031649,40.451413],[-80.031625,40.451301],[-80.031599,40.451244],[-80.031501,40.451224],[-80.03135,40.451055],[-80.03111,40.450715],[-80.030929,40.450516],[-80.030646,40.450296],[-80.030439,40.45011],[-80.030234,40.450004],[-80.029947,40.449787],[-80.029779,40.449655],[-80.029516,40.449443],[-80.029208,40.449196],[-80.028935,40.448985],[-80.028661,40.448839],[-80.028321,40.448634],[-80.02809,40.44853],[-80.027788,40.448375],[-80.027568,40.448262],[-80.027182,40.448044],[-80.02683,40.447873],[-80.026519,40.447718],[-80.026492,40.447635],[-80.026423,40.447601],[-80.026392,40.447586],[-80.026278,40.44753],[-80.026247,40.447515],[-80.025775,40.447285],[-80.025546,40.447173],[-80.025518,40.44716],[-80.025507,40.447167],[-80.025452,40.447206],[-80.025449,40.447204],[-80.025111,40.447065],[-80.025038,40.447035],[-80.024986,40.447014],[-80.024513,40.446838],[-80.024467,40.446823],[-80.024101,40.446699],[-80.023868,40.446573],[-80.023714,40.446467],[-80.023574,40.446439],[-80.023359,40.446397],[-80.023153,40.446356],[-80.022752,40.446291],[-80.022635,40.446342],[-80.02245,40.446311],[-80.022066,40.446284],[-80.021813,40.446257],[-80.021638,40.446197],[-80.021424,40.446128],[-80.021179,40.446057],[-80.020954,40.445992],[-80.020731,40.445962],[-80.020437,40.445906],[-80.020028,40.445792],[-80.019825,40.445719],[-80.019655,40.445647],[-80.0194,40.445541],[-80.019179,40.445463],[-80.018906,40.445412],[-80.018621,40.445326],[-80.01827,40.445219],[-80.017983,40.445151],[-80.017944,40.445155],[-80.017649,40.445082],[-80.017237,40.444961],[-80.017074,40.444922],[-80.01696,40.444909],[-80.01674,40.444879],[-80.016446,40.444857],[-80.015957,40.444821],[-80.015754,40.444785],[-80.015543,40.444776],[-80.015234,40.444783],[-80.014981,40.444798],[-80.014816,40.44479],[-80.014735,40.444774],[-80.014602,40.444741],[-80.014471,40.444706],[-80.014335,40.444701],[-80.01423,40.444704],[-80.013293,40.441922],[-80.015709,40.439961]],[[-80.037979,40.455604],[-80.037895,40.455621],[-80.037804,40.455932],[-80.037736,40.456379],[-80.037723,40.456604],[-80.037742,40.456951],[-80.037772,40.45744],[-80.038036,40.458156],[-80.038198,40.458612],[-80.038315,40.45979],[-80.038936,40.460993],[-80.039054,40.461073],[-80.039086,40.461229],[-80.03915,40.461381],[-80.039581,40.462021],[-80.039664,40.462053],[-80.039717,40.462081],[-80.039771,40.462125],[-80.039818,40.462187],[-80.039849,40.462232],[-80.03983,40.462483],[-80.040296,40.463126],[-80.040373,40.463223],[-80.040483,40.463358],[-80.040796,40.463681],[-80.041051,40.463949],[-80.041518,40.46443],[-80.041594,40.464471],[-80.041755,40.464515],[-80.041898,40.46455],[-80.041981,40.464605],[-80.042057,40.464674],[-80.042148,40.464804],[-80.042486,40.465132],[-80.042615,40.465239],[-80.042871,40.465649],[-80.043022,40.465837],[-80.043233,40.466071],[-80.04349,40.466308],[-80.043676,40.46657],[-80.043695,40.466657],[-80.043767,40.466762],[-80.044065,40.466999],[-80.044454,40.467439],[-80.044493,40.467518],[-80.04448,40.467582],[-80.044516,40.467657],[-80.044844,40.467895],[-80.045373,40.468451],[-80.045711,40.469],[-80.046014,40.469339],[-80.046771,40.470224],[-80.047157,40.470655],[-80.04721,40.470712],[-80.04726,40.470754],[-80.047334,40.470802],[-80.047385,40.470805],[-80.047418,40.470796],[-80.047453,40.470778],[-80.047528,40.470718],[-80.047684,40.470578],[-80.048009,40.470244],[-80.04867,40.46957],[-80.048851,40.469338],[-80.04904,40.468912],[-80.049195,40.468764],[-80.049232,40.468348],[-80.049311,40.468056],[-80.049436,40.467715],[-80.049415,40.467158],[-80.049266,40.466152],[-80.048645,40.465019],[-80.048231,40.464383],[-80.047943,40.464044],[-80.047198,40.463526],[-80.046942,40.463287],[-80.04571,40.462567],[-80.045083,40.46209],[-80.044654,40.461652],[-80.044448,40.461369],[-80.043041,40.460219],[-80.041735,40.459023],[-80.040836,40.458263],[-80.040429,40.457827],[-80.040065,40.457389],[-80.039827,40.457188],[-80.039407,40.456884],[-80.038778,40.456348],[-80.038569,40.456093],[-80.038295,40.455813],[-80.038228,40.455713],[-80.038144,40.455649],[-80.038098,40.455619],[-80.038046,40.455609],[-80.037979,40.455604]],[[-80.068159,40.488147],[-80.06803,40.488151],[-80.06793,40.488161],[-80.067819,40.488175],[-80.067735,40.488188],[-80.067645,40.488193],[-80.067549,40.488194],[-80.06746,40.488187],[-80.067373,40.488177],[-80.067286,40.48818],[-80.067194,40.488188],[-80.067107,40.488196],[-80.067033,40.488197],[-80.06694,40.488205],[-80.066867,40.488226],[-80.066788,40.488256],[-80.066726,40.488284],[-80.066663,40.488306],[-80.066597,40.488309],[-80.066529,40.488297],[-80.066479,40.488296],[-80.06646,40.488316],[-80.066457,40.488319],[-80.066461,40.488578],[-80.066499,40.48863],[-80.066531,40.488662],[-80.066592,40.488687],[-80.066663,40.488698],[-80.06673,40.488687],[-80.0668,40.488666],[-80.066856,40.488645],[-80.066916,40.488645],[-80.06699,40.48866],[-80.06701,40.488713],[-80.067035,40.488751],[-80.067062,40.488807],[-80.06709,40.488888],[-80.067112,40.488945],[-80.067127,40.489006],[-80.067146,40.489069],[-80.067164,40.489124],[-80.067181,40.489177],[-80.067224,40.489224],[-80.067275,40.489262],[-80.067338,40.489302],[-80.067426,40.48935],[-80.067509,40.489385],[-80.067589,40.489413],[-80.067676,40.489446],[-80.067755,40.489481],[-80.067839,40.489518],[-80.067918,40.489559],[-80.068,40.489606],[-80.06806,40.489639],[-80.068138,40.489685],[-80.068196,40.489723],[-80.068275,40.489772],[-80.068336,40.489812],[-80.068395,40.489848],[-80.06846,40.489886],[-80.068522,40.489918],[-80.068612,40.489959],[-80.068699,40.489989],[-80.068782,40.490021],[-80.068863,40.490054],[-80.068932,40.490093],[-80.069002,40.490133],[-80.069075,40.490175],[-80.069136,40.490216],[-80.069203,40.490255],[-80.069272,40.490294],[-80.069348,40.490328],[-80.069427,40.49036],[-80.069505,40.490383],[-80.069557,40.490394],[-80.069635,40.490418],[-80.069689,40.490456],[-80.069743,40.490505],[-80.069788,40.490547],[-80.069841,40.490594],[-80.069887,40.490631],[-80.06994,40.490678],[-80.069997,40.490725],[-80.070049,40.490767],[-80.070102,40.49079],[-80.070198,40.490814],[-80.070286,40.49083],[-80.070369,40.490837],[-80.070446,40.49083],[-80.070526,40.490831],[-80.070621,40.490839],[-80.070707,40.490852],[-80.070814,40.490871],[-80.070913,40.490896],[-80.07099,40.490914],[-80.071119,40.490936],[-80.071219,40.490952],[-80.071308,40.490968],[-80.071386,40.490986],[-80.071469,40.491001],[-80.071548,40.491013],[-80.071631,40.491014],[-80.071722,40.491005],[-80.071788,40.491003],[-80.071872,40.491017],[-80.071933,40.491039],[-80.071987,40.491058],[-80.072053,40.491061],[-80.072127,40.491044],[-80.072193,40.491041],[-80.072269,40.491041],[-80.072358,40.491029],[-80.072426,40.491009],[-80.072489,40.490998],[-80.07259,40.490986],[-80.072683,40.490976],[-80.072777,40.490967],[-80.072869,40.490957],[-80.07297,40.490949],[-80.073055,40.49094],[-80.073168,40.490924],[-80.073268,40.490909],[-80.07336,40.490898],[-80.073455,40.490884],[-80.073559,40.490867],[-80.07364,40.490856],[-80.073758,40.490842],[-80.073862,40.490831],[-80.073954,40.490822],[-80.074043,40.490812],[-80.074144,40.490799],[-80.074243,40.490784],[-80.074342,40.490771],[-80.074432,40.490759],[-80.074538,40.490749],[-80.074637,40.490741],[-80.074737,40.490727],[-80.074832,40.490715],[-80.074942,40.490704],[-80.075041,40.490689],[-80.075122,40.49068],[-80.075205,40.490671],[-80.075335,40.490655],[-80.075442,40.49064],[-80.075533,40.490627],[-80.075631,40.490612],[-80.075722,40.490595],[-80.075811,40.490581],[-80.075901,40.490567],[-80.075992,40.490557],[-80.076078,40.490546],[-80.076159,40.490534],[-80.076263,40.490524],[-80.076361,40.490521],[-80.076443,40.490518],[-80.076547,40.490515],[-80.076639,40.490511],[-80.076721,40.49051],[-80.07681,40.490503],[-80.07691,40.490498],[-80.076995,40.490495],[-80.077092,40.490489],[-80.07717,40.490475],[-80.077244,40.490454],[-80.077275,40.490434],[-80.077283,40.490399],[-80.077257,40.490362],[-80.077193,40.49032],[-80.077123,40.49028],[-80.077043,40.490239],[-80.076964,40.490195],[-80.076892,40.490156],[-80.076809,40.490118],[-80.076739,40.490089],[-80.076629,40.49004],[-80.076549,40.490004],[-80.076464,40.489971],[-80.076385,40.489939],[-80.076308,40.489913],[-80.076232,40.489889],[-80.076148,40.489855],[-80.076033,40.489808],[-80.075933,40.489769],[-80.075837,40.489736],[-80.075748,40.489702],[-80.07564,40.489662],[-80.075536,40.489625],[-80.075458,40.489591],[-80.075359,40.489551],[-80.075271,40.489515],[-80.075188,40.48948],[-80.075096,40.489439],[-80.074996,40.489392],[-80.074912,40.489356],[-80.074823,40.489315],[-80.07475,40.489284],[-80.074674,40.489249],[-80.07458,40.489215],[-80.074489,40.489187],[-80.074362,40.489143],[-80.074258,40.48911],[-80.074155,40.489083],[-80.074054,40.489058],[-80.073954,40.489038],[-80.073869,40.489016],[-80.073736,40.488985],[-80.073616,40.488953],[-80.073506,40.48893],[-80.073393,40.488899],[-80.073289,40.488867],[-80.073193,40.488836],[-80.073127,40.488814],[-80.073031,40.488789],[-80.072928,40.488768],[-80.072819,40.488742],[-80.072742,40.488712],[-80.072654,40.48868],[-80.072567,40.48866],[-80.072484,40.488643],[-80.072383,40.488631],[-80.072236,40.48862],[-80.072139,40.48861],[-80.072036,40.488599],[-80.071914,40.488586],[-80.071765,40.488576],[-80.071645,40.488569],[-80.071532,40.488562],[-80.071434,40.488555],[-80.071299,40.488543],[-80.071216,40.48853],[-80.071089,40.488509],[-80.070977,40.488492],[-80.070875,40.488478],[-80.070764,40.488459],[-80.070648,40.48844],[-80.070541,40.488413],[-80.07045,40.488394],[-80.070367,40.488375],[-80.070294,40.488356],[-80.070205,40.488346],[-80.070119,40.488341],[-80.070027,40.488331],[-80.069919,40.488317],[-80.069825,40.488299],[-80.069688,40.488274],[-80.069617,40.488263],[-80.069508,40.488254],[-80.069419,40.488249],[-80.069314,40.48824],[-80.069199,40.488226],[-80.069096,40.488211],[-80.068985,40.488198],[-80.06886,40.488188],[-80.068744,40.488182],[-80.068627,40.488174],[-80.068486,40.488164],[-80.068368,40.488156],[-80.068253,40.488147],[-80.068159,40.488147]],[[-80.077284,40.491676],[-80.077186,40.491681],[-80.077099,40.49169],[-80.077029,40.491696],[-80.076929,40.491707],[-80.07684,40.491717],[-80.076744,40.491732],[-80.076671,40.491744],[-80.07666,40.491745],[-80.076532,40.491769],[-80.076442,40.491783],[-80.076341,40.491791],[-80.076249,40.4918],[-80.076165,40.49181],[-80.076074,40.491825],[-80.075981,40.491831],[-80.075892,40.491837],[-80.075802,40.491845],[-80.075706,40.491845],[-80.075609,40.491839],[-80.075527,40.491833],[-80.075434,40.491827],[-80.075359,40.491828],[-80.075285,40.491833],[-80.075207,40.491842],[-80.075152,40.491854],[-80.075077,40.491875],[-80.075007,40.49189],[-80.074939,40.491901],[-80.074884,40.491899],[-80.074853,40.491879],[-80.074826,40.491858],[-80.074825,40.491858],[-80.074809,40.491853],[-80.074798,40.49185],[-80.074792,40.491848],[-80.074683,40.491871],[-80.074562,40.491888],[-80.074488,40.491908],[-80.074397,40.491927],[-80.074313,40.491943],[-80.074227,40.491959],[-80.074164,40.49197],[-80.074071,40.491988],[-80.074007,40.492001],[-80.073907,40.492021],[-80.073819,40.49204],[-80.073736,40.492059],[-80.073653,40.492078],[-80.073628,40.492083],[-80.073573,40.492096],[-80.073503,40.492116],[-80.073492,40.492119],[-80.073434,40.492134],[-80.073337,40.49216],[-80.073248,40.492186],[-80.073182,40.492207],[-80.073074,40.492237],[-80.072999,40.492257],[-80.072897,40.492289],[-80.072816,40.492313],[-80.072708,40.492346],[-80.072622,40.492372],[-80.072493,40.492405],[-80.072408,40.492434],[-80.072309,40.492467],[-80.072233,40.492491],[-80.072126,40.492526],[-80.072049,40.492549],[-80.071961,40.492579],[-80.071878,40.492608],[-80.071778,40.492637],[-80.071777,40.492638],[-80.071776,40.492638],[-80.071696,40.492661],[-80.071596,40.492687],[-80.071537,40.492688],[-80.071505,40.492702],[-80.071476,40.492716],[-80.07147,40.49274],[-80.071484,40.492758],[-80.071509,40.492766],[-80.071529,40.492763],[-80.071532,40.492763],[-80.071548,40.492781],[-80.071547,40.492796],[-80.071532,40.492825],[-80.071522,40.492855],[-80.071516,40.492879],[-80.071532,40.492922],[-80.071557,40.492968],[-80.071585,40.493042],[-80.07162,40.493121],[-80.071664,40.493232],[-80.071705,40.493315],[-80.071749,40.493388],[-80.071785,40.493477],[-80.071819,40.493542],[-80.071871,40.493636],[-80.071912,40.49371],[-80.071961,40.49379],[-80.072013,40.493864],[-80.072068,40.493939],[-80.072111,40.494009],[-80.072165,40.494091],[-80.072217,40.494163],[-80.072265,40.494227],[-80.072341,40.49431],[-80.07237,40.494377],[-80.072409,40.49443],[-80.07247,40.4945],[-80.072526,40.494566],[-80.072589,40.494636],[-80.072642,40.494705],[-80.072695,40.494772],[-80.072747,40.494843],[-80.072801,40.494905],[-80.072862,40.494978],[-80.072917,40.495044],[-80.072982,40.49511],[-80.073042,40.495172],[-80.073102,40.495231],[-80.073187,40.495307],[-80.073243,40.495366],[-80.07331,40.495431],[-80.073384,40.495506],[-80.073453,40.495557],[-80.073497,40.495593],[-80.073578,40.495659],[-80.073621,40.4957],[-80.073688,40.495758],[-80.073786,40.495839],[-80.073855,40.495897],[-80.073926,40.495955],[-80.073993,40.496013],[-80.074055,40.496069],[-80.074126,40.496121],[-80.074197,40.496179],[-80.074247,40.496219],[-80.074313,40.49627],[-80.074389,40.49633],[-80.074454,40.496385],[-80.074532,40.496441],[-80.074626,40.49652],[-80.074696,40.496577],[-80.074758,40.496624],[-80.074829,40.496681],[-80.07491,40.496741],[-80.074983,40.496801],[-80.075032,40.496852],[-80.075075,40.496909],[-80.075095,40.496962],[-80.075125,40.497003],[-80.075189,40.49703],[-80.075259,40.49706],[-80.075338,40.4971],[-80.075408,40.49714],[-80.075459,40.497176],[-80.075541,40.497236],[-80.075606,40.497285],[-80.075674,40.497343],[-80.075736,40.497391],[-80.07582,40.497442],[-80.0759,40.497488],[-80.075968,40.497531],[-80.076034,40.497569],[-80.076115,40.497615],[-80.076166,40.497648],[-80.076246,40.497702],[-80.076308,40.497742],[-80.076381,40.497779],[-80.076464,40.497818],[-80.07653,40.497856],[-80.076598,40.497898],[-80.076686,40.497951],[-80.076752,40.497997],[-80.076812,40.498045],[-80.076858,40.498084],[-80.076912,40.498131],[-80.076978,40.498173],[-80.077038,40.498205],[-80.077132,40.498256],[-80.077199,40.498297],[-80.077277,40.498336],[-80.077343,40.498365],[-80.077421,40.498395],[-80.077511,40.498429],[-80.07758,40.498462],[-80.077667,40.498508],[-80.07776,40.498561],[-80.077851,40.498612],[-80.077928,40.49866],[-80.078004,40.498706],[-80.078072,40.498749],[-80.078137,40.498795],[-80.078196,40.498836],[-80.07826,40.498876],[-80.078331,40.498918],[-80.078388,40.498947],[-80.078455,40.498973],[-80.078532,40.499002],[-80.078641,40.499047],[-80.078727,40.499081],[-80.078802,40.499112],[-80.078902,40.499157],[-80.078995,40.499191],[-80.079067,40.499225],[-80.079162,40.499265],[-80.079261,40.49931],[-80.079345,40.499343],[-80.079452,40.499389],[-80.079514,40.499418],[-80.079629,40.49946],[-80.079695,40.499488],[-80.079803,40.499529],[-80.079916,40.499573],[-80.080015,40.499612],[-80.080142,40.499667],[-80.08021,40.499694],[-80.08031,40.499731],[-80.080401,40.499765],[-80.080478,40.499802],[-80.080573,40.499842],[-80.080667,40.499881],[-80.080755,40.499919],[-80.080833,40.499955],[-80.080929,40.499991],[-80.081024,40.500021],[-80.081098,40.500037],[-80.081214,40.500066],[-80.081326,40.500093],[-80.081431,40.500116],[-80.081566,40.500142],[-80.081686,40.500162],[-80.08181,40.500188],[-80.08193,40.500213],[-80.081994,40.50023],[-80.082104,40.500263],[-80.082218,40.500287],[-80.082329,40.500308],[-80.082439,40.50034],[-80.08255,40.50037],[-80.082649,40.500393],[-80.08278,40.500412],[-80.082906,40.500434],[-80.083074,40.50047],[-80.083115,40.500481],[-80.083193,40.500502],[-80.083289,40.500528],[-80.08338,40.500538],[-80.083508,40.500567],[-80.083591,40.500594],[-80.083668,40.500621],[-80.083888,40.500657],[-80.084098,40.500682],[-80.084378,40.500746],[-80.084643,40.500801],[-80.084987,40.500858],[-80.085237,40.500908],[-80.085475,40.500952],[-80.085808,40.501012],[-80.085992,40.501044],[-80.086181,40.501112],[-80.086515,40.501163],[-80.086866,40.501237],[-80.087165,40.501305],[-80.087426,40.50138],[-80.08782,40.501466],[-80.087837,40.501469],[-80.08807,40.501526],[-80.088233,40.501547],[-80.088371,40.501569],[-80.08854,40.501589],[-80.088843,40.501631],[-80.088985,40.50167],[-80.089164,40.501707],[-80.089406,40.501741],[-80.089525,40.501763],[-80.089651,40.501783],[-80.089776,40.501814],[-80.089875,40.501842],[-80.090108,40.501925],[-80.090663,40.50202],[-80.090756,40.502025],[-80.090832,40.502026],[-80.090992,40.502048],[-80.091346,40.502146],[-80.091653,40.502269],[-80.092019,40.502409],[-80.09223,40.502476],[-80.092656,40.502605],[-80.093075,40.502753],[-80.093441,40.50289],[-80.093658,40.502948],[-80.093939,40.503045],[-80.094028,40.503089],[-80.094501,40.503231],[-80.094998,40.503404],[-80.095329,40.503513],[-80.095455,40.503555],[-80.095509,40.503573],[-80.095595,40.50369],[-80.095749,40.503876],[-80.095966,40.504073],[-80.096159,40.504204],[-80.096242,40.504264],[-80.096304,40.504276],[-80.096358,40.504262],[-80.09641,40.504251],[-80.096462,40.50426],[-80.096642,40.504354],[-80.096928,40.504549],[-80.097268,40.504751],[-80.097668,40.504951],[-80.098014,40.50511],[-80.098378,40.505289],[-80.098759,40.505469],[-80.098934,40.505537],[-80.099213,40.505652],[-80.099467,40.505812],[-80.099782,40.50593],[-80.099796,40.505936],[-80.099838,40.505993],[-80.099863,40.506036],[-80.099882,40.506084],[-80.099901,40.506128],[-80.099923,40.506133],[-80.099964,40.506128],[-80.09999,40.506118],[-80.100041,40.5061],[-80.100078,40.506101],[-80.100153,40.506147],[-80.100192,40.506197],[-80.100271,40.506276],[-80.100454,40.506374],[-80.100612,40.506424],[-80.100728,40.506429],[-80.100898,40.506402],[-80.101087,40.506448],[-80.101223,40.506492],[-80.10138,40.506557],[-80.101406,40.506606],[-80.101412,40.506616],[-80.101476,40.506649],[-80.101561,40.506659],[-80.101654,40.506672],[-80.101735,40.506674],[-80.101811,40.506676],[-80.101888,40.506681],[-80.101972,40.506701],[-80.102054,40.506731],[-80.102131,40.506756],[-80.102227,40.506789],[-80.102304,40.506816],[-80.102372,40.506842],[-80.102453,40.506873],[-80.102522,40.506895],[-80.102594,40.506921],[-80.102666,40.506949],[-80.102731,40.506978],[-80.102812,40.507004],[-80.102901,40.507025],[-80.102971,40.507046],[-80.103039,40.507069],[-80.103106,40.5071],[-80.103171,40.507132],[-80.103201,40.507143],[-80.103224,40.507154],[-80.1033,40.507187],[-80.103385,40.507225],[-80.103469,40.507261],[-80.103553,40.507298],[-80.103648,40.507344],[-80.103763,40.507397],[-80.103828,40.507425],[-80.103955,40.507476],[-80.104067,40.507521],[-80.104175,40.507564],[-80.104291,40.507611],[-80.104354,40.507637],[-80.104421,40.507664],[-80.10449,40.507692],[-80.10456,40.507717],[-80.104628,40.50774],[-80.104755,40.507786],[-80.104879,40.507833],[-80.104996,40.507881],[-80.105108,40.507924],[-80.105215,40.507968],[-80.105315,40.508014],[-80.105399,40.508048],[-80.105471,40.508067],[-80.105575,40.508094],[-80.10564,40.50813],[-80.105709,40.508176],[-80.105774,40.508219],[-80.105839,40.508261],[-80.105906,40.508296],[-80.105978,40.508327],[-80.106064,40.508352],[-80.106159,40.508383],[-80.106229,40.508405],[-80.106267,40.508417],[-80.106375,40.508455],[-80.106466,40.508487],[-80.106514,40.508502],[-80.106565,40.508518],[-80.106649,40.508549],[-80.106717,40.508572],[-80.106809,40.508605],[-80.106908,40.50864],[-80.107008,40.508676],[-80.107123,40.508718],[-80.107243,40.508764],[-80.107367,40.508812],[-80.107434,40.50884],[-80.107501,40.508866],[-80.107503,40.508867],[-80.107708,40.508941],[-80.10778,40.508966],[-80.107849,40.508992],[-80.107921,40.509017],[-80.107986,40.509041],[-80.108114,40.509087],[-80.108229,40.509125],[-80.108337,40.509162],[-80.108446,40.509199],[-80.108553,40.509235],[-80.108671,40.509273],[-80.108738,40.509297],[-80.108807,40.509319],[-80.108927,40.509362],[-80.10904,40.509399],[-80.109158,40.509441],[-80.10928,40.509489],[-80.109398,40.509531],[-80.109518,40.509567],[-80.109537,40.509573],[-80.109619,40.509603],[-80.10971,40.509634],[-80.109804,40.509671],[-80.109906,40.509712],[-80.109908,40.509713],[-80.109991,40.509748],[-80.110079,40.50978],[-80.110148,40.509808],[-80.110168,40.509815],[-80.11017,40.509811],[-80.110178,40.509792],[-80.110192,40.509759],[-80.110223,40.509705],[-80.110334,40.509739],[-80.110326,40.50976],[-80.110383,40.509777],[-80.110379,40.509785],[-80.110375,40.509796],[-80.110372,40.509807],[-80.11037,40.509818],[-80.110371,40.509829],[-80.110372,40.50984],[-80.110376,40.509851],[-80.11038,40.509861],[-80.110386,40.509872],[-80.11151,40.510202],[-80.113082,40.510647],[-80.114939,40.511111],[-80.114985,40.511072],[-80.115006,40.511083],[-80.115024,40.511088],[-80.115098,40.511109],[-80.115163,40.511133],[-80.11526,40.511164],[-80.115335,40.511187],[-80.115343,40.51119],[-80.115421,40.511213],[-80.115512,40.511251],[-80.115619,40.511291],[-80.115732,40.511328],[-80.115828,40.511353],[-80.115918,40.511376],[-80.116013,40.511397],[-80.116112,40.511417],[-80.116197,40.51143],[-80.116283,40.511435],[-80.116366,40.51144],[-80.116449,40.511449],[-80.116462,40.511451],[-80.116563,40.511467],[-80.116663,40.511484],[-80.116769,40.511498],[-80.116892,40.511512],[-80.117009,40.511526],[-80.117097,40.511531],[-80.117186,40.511535],[-80.117185,40.511538],[-80.117212,40.511539],[-80.117212,40.511549],[-80.117215,40.51156],[-80.117219,40.511565],[-80.117223,40.511571],[-80.117229,40.511576],[-80.117234,40.511582],[-80.117239,40.511587],[-80.118241,40.511728],[-80.118249,40.511689],[-80.118342,40.511714],[-80.118349,40.511713],[-80.118437,40.511728],[-80.118501,40.511725],[-80.118532,40.511701],[-80.118635,40.511459],[-80.119628,40.511594],[-80.119639,40.511594],[-80.11975,40.511611],[-80.119712,40.51185],[-80.11971,40.511851],[-80.119705,40.511853],[-80.1197,40.511855],[-80.119695,40.511857],[-80.11969,40.51186],[-80.119687,40.511863],[-80.119683,40.511867],[-80.11968,40.511871],[-80.119678,40.511875],[-80.119676,40.511879],[-80.119675,40.511883],[-80.119674,40.511888],[-80.119674,40.511892],[-80.119675,40.511896],[-80.119676,40.511901],[-80.119678,40.511905],[-80.11968,40.511909],[-80.119683,40.511913],[-80.119686,40.511916],[-80.11969,40.51192],[-80.119694,40.511923],[-80.119699,40.511925],[-80.119704,40.511928],[-80.119709,40.511929],[-80.119715,40.511931],[-80.11972,40.511932],[-80.119726,40.511932],[-80.119732,40.511932],[-80.119737,40.511932],[-80.119743,40.511931],[-80.119749,40.51193],[-80.119754,40.511928],[-80.119759,40.511926],[-80.119764,40.511923],[-80.119768,40.51192],[-80.119772,40.511917],[-80.119775,40.511913],[-80.119778,40.51191],[-80.119781,40.511906],[-80.120078,40.511929],[-80.120078,40.511931],[-80.121265,40.512063],[-80.121435,40.512091],[-80.121445,40.512092],[-80.121518,40.512099],[-80.121593,40.512109],[-80.121696,40.512119],[-80.121773,40.512129],[-80.121868,40.512148],[-80.12197,40.512167],[-80.122076,40.512183],[-80.122185,40.512197],[-80.12231,40.512213],[-80.122447,40.512234],[-80.12252,40.512246],[-80.122597,40.512256],[-80.122678,40.512265],[-80.122816,40.512277],[-80.122929,40.512289],[-80.123053,40.512297],[-80.123153,40.512304],[-80.12325,40.512315],[-80.123365,40.512328],[-80.123495,40.512349],[-80.123566,40.512363],[-80.123698,40.512389],[-80.123803,40.512411],[-80.123892,40.512433],[-80.124001,40.512455],[-80.124081,40.512466],[-80.124169,40.512478],[-80.124253,40.512493],[-80.124379,40.512524],[-80.12446,40.512557],[-80.124543,40.512583],[-80.124606,40.51261],[-80.124709,40.512662],[-80.124824,40.512709],[-80.124939,40.512738],[-80.125064,40.51276],[-80.125136,40.51277],[-80.125208,40.512781],[-80.12528,40.512791],[-80.125353,40.5128],[-80.125424,40.51281],[-80.125497,40.512822],[-80.125577,40.512836],[-80.125654,40.512848],[-80.125729,40.51286],[-80.125858,40.512878],[-80.12597,40.512901],[-80.126096,40.512928],[-80.126212,40.512954],[-80.126336,40.512985],[-80.12647,40.513016],[-80.126606,40.513043],[-80.126735,40.513084],[-80.126808,40.51311],[-80.126888,40.513136],[-80.126974,40.513159],[-80.127056,40.51318],[-80.127192,40.513206],[-80.127315,40.513234],[-80.127387,40.513251],[-80.127468,40.51327],[-80.127554,40.513291],[-80.127634,40.513311],[-80.127766,40.513338],[-80.12788,40.513364],[-80.127952,40.513381],[-80.128035,40.513399],[-80.128119,40.513422],[-80.128194,40.513446],[-80.128322,40.513475],[-80.128397,40.513487],[-80.128466,40.513507],[-80.12855,40.513522],[-80.128643,40.513537],[-80.12874,40.513548],[-80.12882,40.51356],[-80.128901,40.513577],[-80.129015,40.513603],[-80.129162,40.513628],[-80.129295,40.51365],[-80.129394,40.51367],[-80.129485,40.513693],[-80.129583,40.513723],[-80.129662,40.513746],[-80.129757,40.513766],[-80.129872,40.513784],[-80.129993,40.513797],[-80.130105,40.513809],[-80.130203,40.51382],[-80.130298,40.513834],[-80.130381,40.513852],[-80.130482,40.513876],[-80.130601,40.513898],[-80.130719,40.513905],[-80.130814,40.513908],[-80.130898,40.513906],[-80.130985,40.513905],[-80.131072,40.513905],[-80.131169,40.513915],[-80.131254,40.513929],[-80.131361,40.513949],[-80.131453,40.513966],[-80.131532,40.513979],[-80.131638,40.513993],[-80.131782,40.514008],[-80.131893,40.514017],[-80.131988,40.514021],[-80.132069,40.514025],[-80.132131,40.514026],[-80.132215,40.514025],[-80.132303,40.514024],[-80.132394,40.514025],[-80.132468,40.514029],[-80.132566,40.514044],[-80.132694,40.514063],[-80.132821,40.514071],[-80.132953,40.514073],[-80.133025,40.514074],[-80.133116,40.514076],[-80.133169,40.514077],[-80.133242,40.514085],[-80.133316,40.514095],[-80.133457,40.514111],[-80.133586,40.514126],[-80.13372,40.514146],[-80.133847,40.514174],[-80.133972,40.514197],[-80.134093,40.514209],[-80.134171,40.514216],[-80.13455,40.514272],[-80.134586,40.514278],[-80.134691,40.514299],[-80.134807,40.514329],[-80.134914,40.514348],[-80.135017,40.514364],[-80.135137,40.514384],[-80.135253,40.51441],[-80.135363,40.514426],[-80.135472,40.514447],[-80.135574,40.514474],[-80.135673,40.514498],[-80.135788,40.514525],[-80.135908,40.514558],[-80.136009,40.514578],[-80.136105,40.514585],[-80.13619,40.514587],[-80.136291,40.514591],[-80.136393,40.514597],[-80.136487,40.514608],[-80.136574,40.514626],[-80.136682,40.514652],[-80.136804,40.514681],[-80.136915,40.514707],[-80.137028,40.514733],[-80.137136,40.514763],[-80.137233,40.514793],[-80.137321,40.514821],[-80.137415,40.514854],[-80.137511,40.514886],[-80.137592,40.514914],[-80.137678,40.514944],[-80.137741,40.514977],[-80.137821,40.51502],[-80.137888,40.515046],[-80.13799,40.515071],[-80.13807,40.515071],[-80.138168,40.515073],[-80.138244,40.515078],[-80.138337,40.51509],[-80.138413,40.515111],[-80.138485,40.515141],[-80.13853,40.515157],[-80.13862,40.515184],[-80.138706,40.515215],[-80.1388,40.515252],[-80.138887,40.515283],[-80.138966,40.51531],[-80.139045,40.515337],[-80.139139,40.515372],[-80.139244,40.51541],[-80.139338,40.515447],[-80.139435,40.515487],[-80.139528,40.515525],[-80.139631,40.515566],[-80.139729,40.515605],[-80.139742,40.51561],[-80.13982,40.515643],[-80.1399,40.515682],[-80.139986,40.515729],[-80.140038,40.51577],[-80.140078,40.515833],[-80.14011,40.515911],[-80.140147,40.515981],[-80.140193,40.516027],[-80.140929,40.516318],[-80.143634,40.517382],[-80.143723,40.517415],[-80.143807,40.517448],[-80.143892,40.517481],[-80.143975,40.517514],[-80.144066,40.517546],[-80.144163,40.51758],[-80.144247,40.517608],[-80.144325,40.517636],[-80.144407,40.51767],[-80.144495,40.517696],[-80.144589,40.517718],[-80.144678,40.517737],[-80.144775,40.517751],[-80.144874,40.517773],[-80.144958,40.517808],[-80.145041,40.517848],[-80.145151,40.517897],[-80.145258,40.517947],[-80.145353,40.517994],[-80.145431,40.518035],[-80.145509,40.518071],[-80.145601,40.518105],[-80.145704,40.518132],[-80.145796,40.518168],[-80.1459,40.518194],[-80.145988,40.518202],[-80.146094,40.518207],[-80.146195,40.518205],[-80.146268,40.518207],[-80.146341,40.518246],[-80.146408,40.518283],[-80.146503,40.518317],[-80.146604,40.518347],[-80.146673,40.518367],[-80.146789,40.518402],[-80.146901,40.518436],[-80.146985,40.518461],[-80.147064,40.518486],[-80.147171,40.518523],[-80.147246,40.518547],[-80.147342,40.518574],[-80.147443,40.518603],[-80.14754,40.518631],[-80.147628,40.51866],[-80.147769,40.518707],[-80.147898,40.518751],[-80.148023,40.518795],[-80.148088,40.518819],[-80.148218,40.518865],[-80.148323,40.518902],[-80.148421,40.518939],[-80.148518,40.51898],[-80.14861,40.519013],[-80.148699,40.51905],[-80.148797,40.519091],[-80.148901,40.519129],[-80.148997,40.519163],[-80.14909,40.519195],[-80.149182,40.519225],[-80.149278,40.519259],[-80.149369,40.519292],[-80.149475,40.519331],[-80.149581,40.51937],[-80.149683,40.519405],[-80.149769,40.519434],[-80.149783,40.519439],[-80.149871,40.519473],[-80.149993,40.519516],[-80.150107,40.519559],[-80.150217,40.519591],[-80.150323,40.519623],[-80.150408,40.519648],[-80.150486,40.519671],[-80.150575,40.519693],[-80.15068,40.519711],[-80.15076,40.519723],[-80.15084,40.519735],[-80.150911,40.519749],[-80.151045,40.519775],[-80.151117,40.519788],[-80.151195,40.519803],[-80.151274,40.519819],[-80.151408,40.519852],[-80.151535,40.519881],[-80.151668,40.519911],[-80.151745,40.519924],[-80.151827,40.519938],[-80.151904,40.519951],[-80.152042,40.519985],[-80.152168,40.520017],[-80.15224,40.520034],[-80.152316,40.520052],[-80.152391,40.520065],[-80.152463,40.520074],[-80.152594,40.520091],[-80.152731,40.520111],[-80.152802,40.520124],[-80.152921,40.520146],[-80.153014,40.520161],[-80.153114,40.520177],[-80.153245,40.520201],[-80.15337,40.520216],[-80.153477,40.520233],[-80.153577,40.520243],[-80.15367,40.520253],[-80.153751,40.520269],[-80.153848,40.52029],[-80.153959,40.520317],[-80.154074,40.520345],[-80.154189,40.520373],[-80.154293,40.520411],[-80.154393,40.520446],[-80.154484,40.520475],[-80.154578,40.520502],[-80.154696,40.520534],[-80.154766,40.520554],[-80.154902,40.520588],[-80.155041,40.520615],[-80.155147,40.520637],[-80.155269,40.520657],[-80.155346,40.520668],[-80.155492,40.520691],[-80.155599,40.520709],[-80.155699,40.520724],[-80.155807,40.520739],[-80.155913,40.520755],[-80.156007,40.520766],[-80.156096,40.520771],[-80.156199,40.520778],[-80.156318,40.52078],[-80.156425,40.520781],[-80.156506,40.520781],[-80.156609,40.520776],[-80.156683,40.520768],[-80.156769,40.520753],[-80.15684,40.520731],[-80.156917,40.520701],[-80.156986,40.520666],[-80.157058,40.520613],[-80.157095,40.52056],[-80.157069,40.520497],[-80.157016,40.520447],[-80.156945,40.520391],[-80.156884,40.52035],[-80.156806,40.520302],[-80.156743,40.520266],[-80.15668,40.520232],[-80.156603,40.520187],[-80.156528,40.520146],[-80.156457,40.520109],[-80.156381,40.520071],[-80.156282,40.520011],[-80.156185,40.519944],[-80.156099,40.519886],[-80.156019,40.519841],[-80.155943,40.519795],[-80.155865,40.519747],[-80.155778,40.519695],[-80.155687,40.519641],[-80.155593,40.519586],[-80.155503,40.519533],[-80.155431,40.519483],[-80.155379,40.519438],[-80.155317,40.519389],[-80.155237,40.519335],[-80.155155,40.519289],[-80.155067,40.51924],[-80.154969,40.51919],[-80.15488,40.519142],[-80.154786,40.51909],[-80.154691,40.519031],[-80.154596,40.518972],[-80.154513,40.518913],[-80.154442,40.518856],[-80.154383,40.518814],[-80.154291,40.518756],[-80.154223,40.518723],[-80.15415,40.518691],[-80.154078,40.518661],[-80.154013,40.518629],[-80.15395,40.518595],[-80.153834,40.518525],[-80.153739,40.518468],[-80.153673,40.518426],[-80.153597,40.518382],[-80.153502,40.518327],[-80.153412,40.518273],[-80.153335,40.518236],[-80.153263,40.518191],[-80.153194,40.518147],[-80.15312,40.518092],[-80.153024,40.518014],[-80.152941,40.517949],[-80.152871,40.517903],[-80.152815,40.517861],[-80.15273,40.517807],[-80.152634,40.517751],[-80.152564,40.517701],[-80.152505,40.517652],[-80.152436,40.517599],[-80.152357,40.517543],[-80.152281,40.517496],[-80.152205,40.51745],[-80.152126,40.517411],[-80.152059,40.51738],[-80.151979,40.517342],[-80.1519,40.5173],[-80.151817,40.51726],[-80.151739,40.51722],[-80.151666,40.517187],[-80.151595,40.517152],[-80.151589,40.517148],[-80.151588,40.517148],[-80.151567,40.517135],[-80.151519,40.517106],[-80.151486,40.517084],[-80.151456,40.517064],[-80.151425,40.517043],[-80.151366,40.517004],[-80.151306,40.516967],[-80.151205,40.51691],[-80.151115,40.51686],[-80.151047,40.516826],[-80.150966,40.516779],[-80.150903,40.516746],[-80.150808,40.516695],[-80.150714,40.516647],[-80.150635,40.516614],[-80.150566,40.516587],[-80.150497,40.516558],[-80.150416,40.516516],[-80.150327,40.516453],[-80.150247,40.516387],[-80.150183,40.516333],[-80.150103,40.516281],[-80.150006,40.516233],[-80.149925,40.516194],[-80.149855,40.516162],[-80.149783,40.51613],[-80.149771,40.516125],[-80.149678,40.516081],[-80.149598,40.516038],[-80.149522,40.515997],[-80.149445,40.515964],[-80.149359,40.515926],[-80.149261,40.515885],[-80.149155,40.51584],[-80.149049,40.515798],[-80.148944,40.515754],[-80.148865,40.515724],[-80.14881,40.515701],[-80.148793,40.515694],[-80.148723,40.515668],[-80.148659,40.515639],[-80.148581,40.515609],[-80.148513,40.515585],[-80.148436,40.515556],[-80.148337,40.515516],[-80.148253,40.515479],[-80.148177,40.515447],[-80.148099,40.515414],[-80.148031,40.515386],[-80.147959,40.515363],[-80.147879,40.515343],[-80.147834,40.51534],[-80.14775,40.51533],[-80.147677,40.515319],[-80.147592,40.515293],[-80.147521,40.515282],[-80.147451,40.515269],[-80.147373,40.515245],[-80.147291,40.515227],[-80.147216,40.515208],[-80.147143,40.515194],[-80.147049,40.515169],[-80.146965,40.515151],[-80.146889,40.515137],[-80.146792,40.51512],[-80.146677,40.515094],[-80.146555,40.515063],[-80.146433,40.515033],[-80.146305,40.515003],[-80.146191,40.514982],[-80.146076,40.514957],[-80.145965,40.514934],[-80.145855,40.514912],[-80.14575,40.514886],[-80.145649,40.514858],[-80.145558,40.514836],[-80.145467,40.514811],[-80.145365,40.514786],[-80.145259,40.514759],[-80.14515,40.514729],[-80.145062,40.514705],[-80.144976,40.514681],[-80.144893,40.51465],[-80.144808,40.514623],[-80.144728,40.5146],[-80.144646,40.514578],[-80.144527,40.514554],[-80.144448,40.514537],[-80.144365,40.514519],[-80.144225,40.514487],[-80.14412,40.514463],[-80.14402,40.514431],[-80.143913,40.514397],[-80.143802,40.514367],[-80.143695,40.51434],[-80.143614,40.514321],[-80.143536,40.514302],[-80.143456,40.514279],[-80.143344,40.514246],[-80.143224,40.514212],[-80.143106,40.514181],[-80.142988,40.514151],[-80.142866,40.514121],[-80.142796,40.514105],[-80.142657,40.514074],[-80.142533,40.514053],[-80.142408,40.514034],[-80.142293,40.514015],[-80.142191,40.513996],[-80.142093,40.513975],[-80.141991,40.513956],[-80.141889,40.513931],[-80.141786,40.51391],[-80.141678,40.513887],[-80.141563,40.513865],[-80.141452,40.513843],[-80.141333,40.513817],[-80.141199,40.51379],[-80.141128,40.513777],[-80.141059,40.513762],[-80.140938,40.513738],[-80.14082,40.513711],[-80.140715,40.513683],[-80.140615,40.513662],[-80.140513,40.513635],[-80.140405,40.513608],[-80.140281,40.513579],[-80.140147,40.51355],[-80.140017,40.513519],[-80.139884,40.513483],[-80.139748,40.513454],[-80.139678,40.513439],[-80.139607,40.513421],[-80.139535,40.513399],[-80.139465,40.513378],[-80.139338,40.51334],[-80.139231,40.513308],[-80.139145,40.513275],[-80.139069,40.513242],[-80.138993,40.513207],[-80.138895,40.513167],[-80.138782,40.513121],[-80.138686,40.513078],[-80.138611,40.513038],[-80.138521,40.512999],[-80.138444,40.512962],[-80.138379,40.51292],[-80.138315,40.512869],[-80.13824,40.512818],[-80.138171,40.512798],[-80.138072,40.512776],[-80.137996,40.512783],[-80.137927,40.512831],[-80.137862,40.512809],[-80.137863,40.512802],[-80.137885,40.512747],[-80.137937,40.5127],[-80.137946,40.512644],[-80.137891,40.512591],[-80.13783,40.512552],[-80.137742,40.512507],[-80.137662,40.512465],[-80.137599,40.512434],[-80.137521,40.512395],[-80.137428,40.512348],[-80.137334,40.512303],[-80.137231,40.512263],[-80.137136,40.512222],[-80.137041,40.512177],[-80.13696,40.512135],[-80.136884,40.512096],[-80.136808,40.512054],[-80.136735,40.512012],[-80.13665,40.511965],[-80.13656,40.511911],[-80.136461,40.511852],[-80.136359,40.511793],[-80.136249,40.511729],[-80.136143,40.511668],[-80.136038,40.511606],[-80.135936,40.511546],[-80.135846,40.511494],[-80.135771,40.511447],[-80.135711,40.511402],[-80.135711,40.511401],[-80.135696,40.51139],[-80.135668,40.511367],[-80.135611,40.51132],[-80.135607,40.511318],[-80.135582,40.511298],[-80.135516,40.511246],[-80.13544,40.511187],[-80.135422,40.511159],[-80.135385,40.511127],[-80.135264,40.51099],[-80.135147,40.510859],[-80.134991,40.510758],[-80.134876,40.510695],[-80.134703,40.510637],[-80.134517,40.510545],[-80.134325,40.510499],[-80.134214,40.510424],[-80.134182,40.510407],[-80.134134,40.510369],[-80.134114,40.510352],[-80.1338,40.51005],[-80.133548,40.50985],[-80.133116,40.5096],[-80.133079,40.509583],[-80.132973,40.509529],[-80.132878,40.509481],[-80.132785,40.509443],[-80.132675,40.509395],[-80.132567,40.509343],[-80.132469,40.509299],[-80.132384,40.509266],[-80.132316,40.509236],[-80.132066,40.509133],[-80.131986,40.509098],[-80.131915,40.509064],[-80.131834,40.509028],[-80.131726,40.508997],[-80.131607,40.508962],[-80.131504,40.508925],[-80.13141,40.508892],[-80.131329,40.508868],[-80.131227,40.508839],[-80.131129,40.508808],[-80.131043,40.508779],[-80.130953,40.508748],[-80.130844,40.508709],[-80.13078,40.508682],[-80.130716,40.508654],[-80.130602,40.5086],[-80.130512,40.508559],[-80.130398,40.508516],[-80.130329,40.50849],[-80.130252,40.50846],[-80.130174,40.508432],[-80.130096,40.508401],[-80.130027,40.508374],[-80.129901,40.508325],[-80.129777,40.508277],[-80.129675,40.508238],[-80.129576,40.508206],[-80.129494,40.508181],[-80.129411,40.508155],[-80.129343,40.508131],[-80.129246,40.508101],[-80.12915,40.508064],[-80.129029,40.508011],[-80.128951,40.50798],[-80.128863,40.507945],[-80.128779,40.50791],[-80.128706,40.507882],[-80.128606,40.50785],[-80.128528,40.50783],[-80.128452,40.50781],[-80.128373,40.507789],[-80.128273,40.507764],[-80.12817,40.507734],[-80.12808,40.507703],[-80.128,40.507673],[-80.127882,40.507634],[-80.127815,40.507612],[-80.127698,40.507568],[-80.127592,40.507526],[-80.127503,40.507488],[-80.127426,40.507459],[-80.127333,40.507422],[-80.127234,40.507385],[-80.127155,40.507352],[-80.127066,40.507314],[-80.126976,40.507279],[-80.126877,40.507246],[-80.126771,40.507211],[-80.126673,40.507176],[-80.126564,40.50714],[-80.126439,40.507102],[-80.126339,40.507071],[-80.12626,40.507048],[-80.126177,40.507021],[-80.126077,40.506991],[-80.125947,40.506953],[-80.125869,40.50693],[-80.125791,40.506908],[-80.125721,40.506886],[-80.125593,40.506848],[-80.125472,40.506816],[-80.125348,40.506789],[-80.125241,40.506764],[-80.125161,40.506738],[-80.125101,40.506697],[-80.12502,40.506664],[-80.12493,40.506656],[-80.124827,40.506665],[-80.124744,40.506673],[-80.12464,40.506661],[-80.12456,40.50665],[-80.124481,40.506637],[-80.124352,40.506614],[-80.124237,40.506584],[-80.124102,40.506547],[-80.123988,40.506514],[-80.12387,40.506502],[-80.12376,40.506495],[-80.123685,40.506487],[-80.123615,40.506501],[-80.123558,40.506545],[-80.123515,40.506593],[-80.123457,40.506653],[-80.123408,40.506715],[-80.123368,40.506765],[-80.123315,40.506814],[-80.123248,40.506832],[-80.123183,40.506857],[-80.12311,40.506863],[-80.12303,40.506861],[-80.123035,40.506815],[-80.122449,40.506793],[-80.122219,40.506797],[-80.122205,40.506834],[-80.122037,40.506846],[-80.122005,40.506815],[-80.121837,40.506814],[-80.12181,40.506809],[-80.121745,40.506834],[-80.121666,40.506845],[-80.121619,40.506788],[-80.121633,40.506714],[-80.121662,40.506654],[-80.12171,40.506606],[-80.121794,40.506586],[-80.121911,40.506558],[-80.122044,40.506525],[-80.122165,40.506496],[-80.122267,40.50647],[-80.122355,40.506442],[-80.122453,40.506406],[-80.12256,40.506364],[-80.122675,40.506323],[-80.122765,40.506282],[-80.122828,40.506242],[-80.12288,40.5062],[-80.122915,40.506148],[-80.12289,40.506084],[-80.122826,40.506031],[-80.122727,40.505985],[-80.122661,40.505959],[-80.122582,40.505934],[-80.122496,40.505911],[-80.12241,40.505892],[-80.122328,40.505879],[-80.122256,40.505869],[-80.122141,40.505852],[-80.122053,40.505835],[-80.121964,40.505817],[-80.121868,40.505796],[-80.121787,40.505769],[-80.121689,40.505742],[-80.121564,40.505725],[-80.121488,40.505718],[-80.121408,40.505709],[-80.121333,40.505697],[-80.121261,40.505683],[-80.121189,40.505675],[-80.121054,40.505673],[-80.120924,40.505674],[-80.120799,40.505673],[-80.120686,40.505673],[-80.12057,40.505665],[-80.120442,40.50565],[-80.120322,40.505638],[-80.120204,40.505612],[-80.120082,40.505581],[-80.119962,40.505557],[-80.119848,40.50553],[-80.119771,40.505493],[-80.119653,40.505475],[-80.119517,40.505492],[-80.119417,40.505492],[-80.119349,40.50547],[-80.119264,40.505438],[-80.119196,40.505415],[-80.119107,40.505378],[-80.119016,40.505347],[-80.118888,40.505334],[-80.118812,40.505332],[-80.118735,40.505329],[-80.118662,40.505315],[-80.118583,40.505299],[-80.118501,40.505284],[-80.11842,40.505274],[-80.118341,40.505262],[-80.118266,40.505249],[-80.118194,40.50524],[-80.11812,40.505229],[-80.118048,40.505219],[-80.117977,40.505208],[-80.117901,40.505194],[-80.117821,40.505178],[-80.117734,40.50516],[-80.117647,40.505143],[-80.117555,40.505127],[-80.117461,40.505114],[-80.117373,40.5051],[-80.11729,40.505086],[-80.117212,40.505074],[-80.11713,40.50506],[-80.117042,40.505045],[-80.116949,40.50503],[-80.116852,40.505016],[-80.116756,40.505001],[-80.116664,40.504985],[-80.116574,40.504968],[-80.116485,40.504951],[-80.116449,40.504944],[-80.116396,40.504934],[-80.116312,40.50492],[-80.116241,40.504907],[-80.116109,40.504891],[-80.115968,40.504887],[-80.115887,40.504886],[-80.115807,40.504885],[-80.115673,40.504876],[-80.115565,40.504867],[-80.115431,40.504863],[-80.115356,40.504861],[-80.115232,40.504862],[-80.115151,40.504861],[-80.115025,40.504853],[-80.114947,40.504845],[-80.114824,40.504829],[-80.114729,40.504815],[-80.114616,40.504793],[-80.114475,40.504766],[-80.114401,40.504747],[-80.114319,40.50473],[-80.114233,40.50471],[-80.114145,40.50469],[-80.114057,40.504675],[-80.113971,40.504659],[-80.113886,40.504641],[-80.113794,40.504623],[-80.1137,40.504607],[-80.113606,40.504588],[-80.11351,40.504566],[-80.113415,40.504543],[-80.113318,40.504517],[-80.11322,40.504488],[-80.113126,40.504457],[-80.113033,40.504428],[-80.112941,40.504401],[-80.112855,40.504374],[-80.112776,40.504347],[-80.112697,40.50432],[-80.112612,40.504292],[-80.112517,40.504261],[-80.112413,40.50423],[-80.112306,40.504203],[-80.1122,40.504177],[-80.112099,40.504155],[-80.112001,40.504136],[-80.111901,40.504117],[-80.111806,40.504094],[-80.111716,40.504072],[-80.111626,40.504051],[-80.111545,40.50403],[-80.111469,40.504009],[-80.111393,40.503988],[-80.111319,40.503969],[-80.111247,40.503953],[-80.111141,40.503926],[-80.111072,40.503898],[-80.111009,40.503852],[-80.110982,40.50383],[-80.110966,40.503819],[-80.110988,40.503773],[-80.109814,40.503469],[-80.109726,40.503657],[-80.109653,40.503663],[-80.109564,40.503661],[-80.109477,40.50364],[-80.10941,40.503623],[-80.109286,40.503597],[-80.109209,40.503571],[-80.109103,40.503534],[-80.109032,40.503509],[-80.108961,40.503486],[-80.108854,40.503448],[-80.108745,40.503416],[-80.10861,40.503381],[-80.108534,40.503364],[-80.108464,40.503348],[-80.108346,40.503311],[-80.108233,40.503279],[-80.108109,40.50325],[-80.108001,40.503223],[-80.107919,40.503205],[-80.10783,40.503188],[-80.107748,40.503163],[-80.107675,40.503144],[-80.107616,40.503135],[-80.107574,40.503125],[-80.107608,40.503062],[-80.107639,40.50298],[-80.107642,40.502957],[-80.107634,40.502942],[-80.10762,40.502933],[-80.10761,40.50293],[-80.107594,40.502928],[-80.107572,40.502931],[-80.107482,40.50308],[-80.107398,40.503053],[-80.107328,40.503037],[-80.107249,40.503022],[-80.107176,40.503013],[-80.10709,40.503],[-80.106994,40.502982],[-80.106892,40.502958],[-80.106809,40.502933],[-80.106707,40.502909],[-80.106557,40.502872],[-80.106465,40.502851],[-80.106376,40.502829],[-80.10629,40.502805],[-80.106211,40.502783],[-80.106144,40.502758],[-80.106019,40.502712],[-80.105943,40.502689],[-80.105863,40.502666],[-80.105776,40.502639],[-80.105687,40.502615],[-80.105606,40.502596],[-80.105534,40.502582],[-80.10546,40.502567],[-80.105386,40.502551],[-80.105314,40.502533],[-80.105237,40.502511],[-80.105158,40.502488],[-80.105072,40.502463],[-80.104979,40.502437],[-80.104881,40.502412],[-80.104785,40.502393],[-80.104695,40.50238],[-80.104609,40.502373],[-80.104532,40.502365],[-80.104394,40.502353],[-80.104256,40.502324],[-80.104185,40.502305],[-80.104106,40.502284],[-80.104026,40.502263],[-80.103949,40.502243],[-80.103873,40.502227],[-80.103754,40.502204],[-80.103661,40.502188],[-80.103572,40.502173],[-80.103499,40.502162],[-80.103426,40.50215],[-80.103352,40.502127],[-80.10333,40.502119],[-80.103333,40.502113],[-80.102979,40.50202],[-80.103002,40.501893],[-80.103027,40.501845],[-80.102814,40.501833],[-80.102745,40.50181],[-80.102689,40.501766],[-80.102625,40.501721],[-80.102568,40.501681],[-80.102502,40.501643],[-80.10242,40.501604],[-80.102355,40.501574],[-80.102279,40.501543],[-80.102209,40.501512],[-80.102125,40.501482],[-80.102085,40.501465],[-80.102035,40.501445],[-80.101969,40.501421],[-80.101905,40.501394],[-80.101833,40.501366],[-80.10176,40.501334],[-80.101678,40.5013],[-80.10159,40.501257],[-80.101513,40.501225],[-80.101413,40.501177],[-80.101288,40.501142],[-80.1012,40.501108],[-80.101094,40.501065],[-80.101021,40.501034],[-80.100911,40.500998],[-80.10082,40.500963],[-80.10074,40.500929],[-80.100646,40.500888],[-80.100574,40.500862],[-80.100473,40.500823],[-80.100384,40.500791],[-80.100294,40.500752],[-80.100203,40.500717],[-80.100092,40.500676],[-80.099967,40.500633],[-80.099861,40.500591],[-80.099801,40.500565],[-80.099782,40.500558],[-80.099715,40.500534],[-80.099633,40.500505],[-80.099513,40.500463],[-80.099413,40.50043],[-80.09932,40.500401],[-80.099228,40.500369],[-80.099136,40.500337],[-80.099031,40.500307],[-80.098941,40.50028],[-80.098848,40.500255],[-80.098747,40.500231],[-80.098665,40.500212],[-80.09857,40.500197],[-80.098485,40.500185],[-80.098399,40.500176],[-80.098317,40.500162],[-80.098251,40.500139],[-80.098183,40.50011],[-80.098136,40.500083],[-80.098067,40.500048],[-80.097986,40.500016],[-80.097897,40.49998],[-80.097816,40.499949],[-80.097711,40.499902],[-80.097616,40.499862],[-80.097539,40.499832],[-80.097418,40.499777],[-80.097317,40.49973],[-80.097238,40.499697],[-80.09716,40.499663],[-80.097064,40.499625],[-80.09699,40.499589],[-80.09692,40.499551],[-80.096846,40.499516],[-80.096775,40.499476],[-80.096702,40.499439],[-80.096627,40.499395],[-80.096552,40.49936],[-80.096468,40.499319],[-80.096386,40.499286],[-80.096314,40.49925],[-80.096227,40.49921],[-80.096152,40.499177],[-80.096064,40.499133],[-80.095989,40.499095],[-80.095916,40.499056],[-80.095832,40.49902],[-80.095749,40.498986],[-80.095653,40.498943],[-80.095567,40.498904],[-80.095479,40.498866],[-80.095394,40.498831],[-80.095332,40.49881],[-80.095233,40.49878],[-80.095154,40.498752],[-80.095056,40.498719],[-80.094968,40.498692],[-80.094886,40.498664],[-80.094778,40.498632],[-80.094687,40.498598],[-80.094589,40.498564],[-80.094526,40.498543],[-80.094448,40.498512],[-80.094324,40.498463],[-80.094232,40.498429],[-80.094133,40.498387],[-80.094054,40.49836],[-80.093966,40.498328],[-80.093895,40.498294],[-80.093813,40.498259],[-80.09372,40.498221],[-80.093638,40.498189],[-80.093555,40.498165],[-80.093457,40.498138],[-80.093379,40.498115],[-80.093289,40.498083],[-80.093206,40.498052],[-80.09309,40.498008],[-80.093023,40.49798],[-80.092923,40.497937],[-80.092829,40.497899],[-80.092744,40.497864],[-80.092689,40.497842],[-80.092609,40.497809],[-80.09249,40.497775],[-80.092408,40.497752],[-80.092319,40.497727],[-80.092225,40.497699],[-80.092137,40.497671],[-80.092054,40.497643],[-80.091972,40.497614],[-80.091868,40.497582],[-80.091783,40.497556],[-80.091702,40.497536],[-80.091604,40.497507],[-80.091515,40.497475],[-80.091419,40.497437],[-80.091349,40.497405],[-80.091277,40.497377],[-80.091194,40.497346],[-80.091108,40.497321],[-80.091027,40.497293],[-80.090943,40.497256],[-80.090865,40.497229],[-80.090778,40.497195],[-80.090695,40.49716],[-80.090596,40.497116],[-80.090528,40.497087],[-80.090447,40.49705],[-80.090357,40.497016],[-80.090261,40.496977],[-80.090168,40.496939],[-80.090078,40.496903],[-80.09,40.496871],[-80.089907,40.496837],[-80.089828,40.496808],[-80.08975,40.496781],[-80.08967,40.496748],[-80.089593,40.496713],[-80.089514,40.496682],[-80.089429,40.496644],[-80.089353,40.496611],[-80.089268,40.49657],[-80.089195,40.496538],[-80.089121,40.496506],[-80.089042,40.496473],[-80.08898,40.496443],[-80.088905,40.496399],[-80.088844,40.496356],[-80.088782,40.496318],[-80.088717,40.496279],[-80.088645,40.496246],[-80.088563,40.496207],[-80.088488,40.496181],[-80.088406,40.496155],[-80.08834,40.496132],[-80.088267,40.496099],[-80.08818,40.496062],[-80.088099,40.496024],[-80.08803,40.495992],[-80.087955,40.495953],[-80.087887,40.495919],[-80.087788,40.495873],[-80.087696,40.495829],[-80.087607,40.495789],[-80.087527,40.495753],[-80.087448,40.495714],[-80.087366,40.495664],[-80.087288,40.495623],[-80.087174,40.495576],[-80.087047,40.495518],[-80.086958,40.495479],[-80.086875,40.495435],[-80.086733,40.495369],[-80.086666,40.495335],[-80.086602,40.495306],[-80.086531,40.495276],[-80.086458,40.495249],[-80.086391,40.495215],[-80.086326,40.495183],[-80.086256,40.495146],[-80.086164,40.495094],[-80.086081,40.495053],[-80.086003,40.495017],[-80.085929,40.494981],[-80.085844,40.494933],[-80.085787,40.494894],[-80.085662,40.494834],[-80.085585,40.494789],[-80.085498,40.494747],[-80.085416,40.49471],[-80.085297,40.494656],[-80.085216,40.494615],[-80.085137,40.494578],[-80.08505,40.494533],[-80.084945,40.494482],[-80.084878,40.49445],[-80.084783,40.49441],[-80.084703,40.494369],[-80.084623,40.49433],[-80.084545,40.494291],[-80.084445,40.494246],[-80.084366,40.494202],[-80.084268,40.494149],[-80.084196,40.494114],[-80.084097,40.494067],[-80.084002,40.494025],[-80.083911,40.493972],[-80.083808,40.493921],[-80.083716,40.493868],[-80.083612,40.493817],[-80.083521,40.49377],[-80.083422,40.493728],[-80.083329,40.493682],[-80.083231,40.493626],[-80.083152,40.493583],[-80.083115,40.493563],[-80.083035,40.493521],[-80.082954,40.493485],[-80.082866,40.493438],[-80.082771,40.493387],[-80.082671,40.493336],[-80.082591,40.493298],[-80.082584,40.493294],[-80.082548,40.493277],[-80.082512,40.49326],[-80.082486,40.493247],[-80.082399,40.493199],[-80.082334,40.493169],[-80.082256,40.493121],[-80.082178,40.493081],[-80.082085,40.493041],[-80.082017,40.493008],[-80.081901,40.492959],[-80.081806,40.492914],[-80.081702,40.492866],[-80.081609,40.492819],[-80.08153,40.49278],[-80.08142,40.492733],[-80.081358,40.492699],[-80.08125,40.492647],[-80.081161,40.492608],[-80.081049,40.492565],[-80.080966,40.492533],[-80.080861,40.492488],[-80.080777,40.492456],[-80.080664,40.492419],[-80.080577,40.492388],[-80.080487,40.492346],[-80.080409,40.492313],[-80.080319,40.492276],[-80.080244,40.492245],[-80.080163,40.492209],[-80.080098,40.492187],[-80.080046,40.49217],[-80.080027,40.492164],[-80.079827,40.49209],[-80.079794,40.492077],[-80.079773,40.49207],[-80.079709,40.492047],[-80.079654,40.49203],[-80.079573,40.492004],[-80.07948,40.491972],[-80.079374,40.491935],[-80.079273,40.491908],[-80.079187,40.491885],[-80.079087,40.491864],[-80.079016,40.491849],[-80.078923,40.491837],[-80.078856,40.491838],[-80.078793,40.491842],[-80.078732,40.491831],[-80.07862,40.491817],[-80.078529,40.491808],[-80.078431,40.491797],[-80.078321,40.491781],[-80.078229,40.491771],[-80.078132,40.491758],[-80.078056,40.491745],[-80.078047,40.491744],[-80.077949,40.491727],[-80.077858,40.491716],[-80.077768,40.491706],[-80.077656,40.491697],[-80.077591,40.49169],[-80.077479,40.491682],[-80.077375,40.491676],[-80.077284,40.491676]]]}}]}