parcel_id,inspection_status,create_date
0001H00046000000,Active,2023-11-29
0002F00330000000,Active,2025-03-27
0002G00024000000,Active,2026-07-06
0002G00056000000,Active,2022-08-11
0002G00057000000,Active,2020-09-11
0002G00058000000,Active,2020-06-29
0002H00074000000,Active,2020-08-20
0002H00076000000,Active,2020-08-10
0002H00262000000,Active,2022-10-24
0002H00262000000,Active,2024-05-07
0003H00099000000,Active,2020-07-23
0003L00007000000,Active,2024-06-25
0003L00008000000,Active,2024-06-25
0003L00009000000,Active,2024-06-25
0003L00099000000,Active,2026-06-04
0003M00028000000,Active,2026-03-11
0003M00246000000,Active,2026-08-06
0003M00265000000,Active,2020-07-23
0003N00073000101,Active,2024-02-28
0003N00073000101,Active,2025-02-28
0003N00168000000,Active,2024-04-11
0003R00018000000,Active,2023-10-10
0003R00054000000,Active,2024-11-01
0003R00072000000,Active,2023-05-15
0003R00085000000,Active,2026-09-23
0003R00321000000,Active,2020-11-30
0003S00101000000,Active,2020-08-25
0003S00164000000,Active,2020-07-07
0004B00013000001,Active,2024-04-10
0004B00101000000,Active,2020-09-02
0004E00142000000,Active,2020-09-14
0004F00042000000,Active,2026-01-14
0004F00056000000,Active,2020-09-08
0004F00154000000,Active,2020-08-31
0004J00041000000,Active,2024-06-04
0004J00093000000,Active,2025-07-28
0004J00093000000,Active,2026-02-24
0004J00127000000,Active,2023-10-26
0004K00258000002,Active,2025-10-21
0004M00084000000,Active,2020-05-26
0004N00137000000,Active,2025-06-04
0004N00146000000,Active,2021-04-21
0004N00169000000,Active,2020-09-03
0004N00170000000,Active,2024-02-27
0004P00056000000,Active,2020-09-03
0004P00056000000,Active,2024-10-04
0004P00175000000,Active,2025-10-14
0004P00304000000,Active,2022-03-22
0004R00084000000,Active,2020-08-06
0004R00243000A00,Active,2023-04-27
0004S00176000000,Active,2021-02-17
0004S00176000000,Active,2023-03-06
0004S00204000000,Active,2023-07-05
0004S00288000000,Active,2023-06-05
0005L00110000000,Active,2020-09-09
0006M00006000000,Active,2026-02-05
0007B00141000000,Active,2020-06-05
0007B00142000000,Active,2020-06-05
0007C00019000000,Active,2020-07-28
0007C00019000A00,Active,2020-07-28
0007D00001000000,Active,2023-02-16
0007D00132000000,Active,2023-03-16
0007N00125000000,Active,2020-08-18
0008H00316000000,Active,2026-04-24
0009D00015000000,Active,2026-08-25
0009M00073000B00,Active,2021-08-04
0009M00243000000,Active,2020-10-19
0009M00258000A00,Active,2020-08-11
0009M00258000A00,Active,2020-11-04
0009R00138000000,Active,2020-10-26
0009S00030000000,Active,2020-10-26
0009S00032000000,Active,2020-07-20
0009S00200000000,Active,2020-07-23
0009S00212000000,Active,2020-10-19
0009S00214000000,Active,2020-10-16
0009S00215000000,Active,2023-03-31
0009S00414000100,Active,2026-07-29
0009S00414000200,Active,2026-07-29
0010C00003000000,Active,2020-11-04
0010C00012000000,Active,2026-09-10
0010C00021000000,Active,2026-07-16
0010C00026000000,Active,2020-07-10
0010C00044000A00,Active,2020-07-27
0010D00051000000,Active,2020-07-13
0010D00052000A00,Active,2020-07-09
0010D00053000000,Active,2020-07-09
0010D00053000A00,Active,2020-07-09
0010D00058000A00,Active,2020-07-13
0010D00059000000,Active,2020-07-13
0010D00059000A00,Active,2020-07-09
0010D00063000000,Active,2020-08-17
0010D00082000000,Active,2020-06-10
0010D00118000000,Active,2021-02-18
0010D00121000000,Active,2021-02-04
0010D00128000000,Active,2020-07-30
0010D00137000000,Active,2020-07-30
0010D00139000000,Active,2021-02-18
0010D00155000000,Active,2022-05-23
0010D00156000000,Active,2022-05-23
0010D00166000B00,Active,2020-07-28
0010D00166000B00,Active,2026-01-20
0010D00173000000,Active,2021-09-29
0010D00173000000,Active,2021-12-09
0010D00174000000,Active,2021-12-09
0010D00175000000,Active,2020-08-14
0010D00175000000,Active,2021-09-28
0010D00234000000,Active,2020-12-03
0010D00236000000,Active,2020-10-19
0010D00238000000,Active,2020-10-02
0010D00244000000,Active,2020-10-30
0010D00250000000,Active,2020-07-23
0010D00250000000,Active,2021-02-18
0010D00252000000,Active,2020-07-17
0010D00253000000,Active,2020-07-22
0010D00253000000,Active,2021-02-17
0010D00254000000,Active,2020-07-23
0010D00254000000,Active,2022-02-15
0010D00255000000,Active,2020-10-16
0010D00257000000,Active,2022-02-14
0010D00258000000,Active,2021-04-22
0010D00261000000,Active,2023-03-08
0010D00264000000,Active,2020-11-04
0010D00265000000,Active,2020-10-06
0010D00266000000,Active,2025-08-22
0010D00266000000,Active,2025-08-22
0010D00272000000,Active,2024-05-09
0010D00280000000,Active,2022-10-12
0010D00281000B00,Active,2021-02-17
0010D00290000000,Active,2020-07-16
0010D00290000000,Active,2020-11-04
0010D00291000000,Active,2020-07-17
0010D00291000000,Active,2021-02-17
0010D00338000A00,Active,2020-09-10
0010D00338000A00,Active,2025-04-09
0010F00025000000,Active,2022-10-21
0010F00026000000,Active,2024-02-29
0010F00068000000,Active,2020-07-24
0010F00068000000,Active,2026-07-08
0010F00071000000,Active,2023-08-09
0010F00086000000,Active,2021-06-16
0010F00091000000,Active,2026-09-21
0010F00091000000,Active,2026-09-21
0010F00092000000,Active,2025-07-28
0010F00107000000,Active,2020-07-14
0010F00111000000,Active,2023-02-21
0010F00112000000,Active,2023-02-21
0010F00122000000,Active,2026-09-10
0010F00126000000,Active,2025-02-14
0010F00126000000,Active,2026-06-12
0010F00137000A00,Active,2020-07-20
0010F00143000A00,Active,2021-03-04
0010F00144000000,Active,2026-08-25
0010F00144000B00,Active,2026-08-25
0010F00145000000,Active,2023-03-21
0010F00145000000,Active,2023-03-21
0010G00033000000,Active,2020-07-30
0010G00070000000,Active,2023-02-28
0010G00081000000,Active,2020-08-12
0010G00081000000,Active,2024-09-19
0010G00122000000,Active,2022-06-27
0010G00125000000,Active,2024-03-22
0010G00145000000,Active,2024-02-21
0010G00181000000,Active,2022-10-06
0010G00213000000,Active,2021-03-17
0010G00213000000,Active,2021-08-04
0010G00213000000,Active,2024-05-09
0010G00233000000,Active,2020-08-07
0010G00233000000,Active,2024-02-26
0010G00275000000,Active,2020-08-07
0010G00275000000,Active,2021-02-17
0010G00296000000,Active,2020-07-14
0010G00296000000,Active,2021-02-17
0010G00298000000,Active,2020-10-16
0010G00298000000,Active,2022-05-26
0010G00328000000,Active,2020-11-04
0010G00329000000,Active,2021-02-17
0010G00330000000,Active,2020-10-16
0010G00341000A00,Active,2020-08-19
0010G00341000C00,Active,2020-10-02
0010G00341000D00,Active,2020-10-02
0010G00344000000,Active,2020-10-02
0010G00348000000,Active,2020-10-02
0010G00349000000,Active,2020-10-19
0010G00358000000,Active,2020-07-24
0010G00359000000,Active,2021-06-16
0010H00102000000,Active,2020-08-14
0010H00103000000,Active,2020-08-14
0010H00103000000,Active,2021-02-18
0010H00140000000,Active,2021-02-18
0010H00142000000,Active,2020-08-14
0010H00152000000,Active,2020-08-14
0010H00152000000,Active,2022-02-23
0010H00154000000,Active,2020-08-14
0010H00159000000,Active,2023-03-15
0010H00174000000,Active,2026-09-18
0010H00175000000,Active,2026-07-20
0010H00177000000,Active,2020-08-17
0010H00177000000,Active,2020-11-04
0010H00201000000,Active,2021-02-18
0010H00201000000,Active,2022-02-14
0010H00202000000,Active,2020-10-06
0010H00203000000,Active,2020-10-06
0010H00220000000,Active,2020-07-30
0010H00236000000,Active,2020-08-17
0010H00236000000,Active,2021-02-18
0010H00249000000,Active,2020-08-17
0010H00249000000,Active,2020-12-03
0010H00257000000,Active,2020-09-28
0010H00257000000,Active,2026-01-09
0010H00259000000,Active,2026-01-13
0010H00313000000,Active,2020-07-30
0010H00316000000,Active,2020-09-10
0010H00324000000,Active,2020-10-02
0010H00325000000,Active,2020-11-04
0010J00062000000,Active,2020-08-26
0010J00062000000,Active,2025-11-17
0010J00151000000,Active,2025-11-14
0010J00172000000,Active,2020-10-30
0010K00022000000,Active,2020-08-11
0010K00050000000,Active,2026-07-17
0010K00052000000,Active,2020-11-18
0010K00052000000,Active,2020-12-03
0010K00053000000,Active,2021-02-18
0010K00125000000,Active,2026-04-14
0010K00145000000,Active,2025-12-10
0010K00145000000,Active,2025-12-10
0010K00145000000,Active,2025-12-10
0010K00145000000,Active,2025-12-10
0010K00146000000,Active,2020-08-20
0010K00149000000,Active,2021-02-18
0010K00149000C00,Active,2023-04-13
0010K00149000C00,Active,2023-10-02
0010K00152000000,Active,2020-08-20
0010K00175000000,Active,2021-01-21
0010K00204000000,Active,2020-08-12
0010K00258000000,Active,2020-08-13
0010K00258000000,Active,2021-06-16
0010K00260000000,Active,2026-07-16
0010K00267000000,Active,2020-07-23
0010K00342000000,Active,2020-09-28
0010L00032000000,Active,2020-08-25
0010L00036000000,Active,2020-08-25
0010L00037000000,Active,2020-08-25
0010L00156000000,Active,2024-03-22
0010L00300000000,Active,2021-08-04
0010M00014000000,Active,2020-08-19
0010M00016000000,Active,2021-06-16
0010M00020000000,Active,2021-08-04
0010M00021000000,Active,2021-08-04
0010M00022000000,Active,2021-08-04
0010M00023000000,Active,2021-08-04
0010M00024000000,Active,2021-08-04
0010M00025000000,Active,2021-08-04
0010M00029000000,Active,2026-09-10
0010M00029000000,Active,2026-09-16
0010M00030000000,Active,2024-11-04
0010M00031000000,Active,2024-11-04
0010M00035000000,Active,2024-04-16
0010M00083000000,Active,2021-07-14
0010M00091000000,Active,2023-03-09
0010M00102000000,Active,2024-11-04
0010M00102000000,Active,2025-08-04
0010M00196000000,Active,2024-07-25
0010M00264000000,Active,2026-07-29
0010M00267000000,Active,2020-08-26
0010M00267000000,Active,2021-12-07
0010N00261000000,Active,2020-08-26
0010N00307000000,Active,2021-03-29
0010N00344000000,Active,2023-04-05
0010P00109000000,Active,2020-08-27
0010P00119000000,Active,2020-08-27
0010P00184000000,Active,2023-08-14
0010P00192000E00,Active,2022-04-12
0010R00021000000,Active,2020-10-30
0010R00086000000,Active,2024-03-21
0010R00108000000,Active,2021-02-18
0010R00120000200,Active,2021-08-04
0010R00133000000,Active,2025-10-02
0010R00136000000,Active,2021-06-16
0010S00005000000,Active,2020-08-24
0011A00018000000,Active,2022-11-29
0011A00058000000,Active,2023-07-06
0011A00171000000,Active,2023-03-22
0011A00172000000,Active,2023-03-22
0011A00234000000,Active,2020-10-30
0011A00235000000,Active,2020-12-03
0011D00120000000,Active,2025-07-28
0011D00120000000,Active,2025-07-28
0011D00127000000,Active,2025-07-28
0011D00127000000,Active,2025-07-28
0011E00009000000,Active,2023-03-13
0011E00093000000,Active,2020-05-20
0011E00173000000,Active,2020-09-01
0011E00175000000,Active,2024-01-12
0011E00185000000,Active,2020-08-24
0011E00186000000,Active,2020-08-24
0011E00186000000,Active,2023-02-09
0011E00187000000,Active,2020-08-20
0011E00203000000,Active,2020-08-24
0011E00256000000,Active,2025-04-17
0011E00297000000,Active,2023-03-23
0011F00138000000,Active,2020-05-20
0011F00169000000,Active,2026-06-17
0011F00169000A00,Active,2026-07-29
0011F00171000000,Active,2026-07-29
0011F00182000000,Active,2026-06-18
0011F00182000000,Active,2026-06-18
0011F00182000000,Active,2026-06-18
0011F00182000000,Active,2026-06-18
0011F00182000000,Active,2026-06-18
0011F00182000000,Active,2026-06-18
0011G00143000000,Active,2020-08-21
0011G00144000000,Active,2022-04-12
0011G00146000000,Active,2020-08-21
0011H00009000000,Active,2023-03-18
0011J00022000000,Active,2023-03-17
0011J00023000000,Active,2023-03-17
0011J00024000000,Active,2023-03-17
0011J00146000000,Active,2022-03-17
0011J00153000000,Active,2023-03-24
0011J00165000000,Active,2022-04-07
0011J00165000A00,Active,2022-04-07
0011J00165000B00,Active,2022-04-07
0011J00191000000,Active,2024-02-05
0011J00300000000,Active,2023-03-09
0011J00302000000,Active,2023-03-09
0011K00006000000,Active,2023-03-17
0011K00031000000,Active,2023-03-17
0011K00045000000,Active,2024-07-19
0011K00045000000,Active,2026-08-04
0011K00056000A00,Active,2020-09-21
0011K00060000000,Active,2024-03-06
0011K00075000000,Active,2021-01-13
0011K00078000000,Active,2020-09-09
0011K00078000200,Active,2020-09-09
0011K00095000000,Active,2020-08-31
0011K00095000100,Active,2020-08-31
0011K00095000200,Active,2020-08-31
0011K00102000000,Active,2020-10-20
0011K00147000000,Active,2023-03-14
0011K00148000000,Active,2022-03-17
0011K00159000000,Active,2025-05-09
0011K00161000000,Active,2024-02-29
0011K00170000000,Active,2022-03-31
0011K00271000300,Active,2020-09-03
0011K00271001000,Active,2023-09-06
0011L00059000000,Active,2020-08-21
0011S00018000000,Active,2020-08-31
0012E00306000000,Active,2025-12-15
0012F00108000000,Active,2020-09-10
0012F00127000000,Active,2022-12-13
0012F00127000000,Active,2023-03-16
0012H00009000000,Active,2023-12-12
0012J00121000000,Active,2025-11-25
0012J00132000000,Active,2025-07-22
0012J00256000000,Active,2020-09-01
0012J00345000000,Active,2020-08-20
0012K00192000000,Active,2024-04-09
0012K00366000000,Active,2023-03-29
0012K00377000000,Active,2020-08-31
0012L00021000000,Active,2026-03-11
0012M00129000000,Active,2022-05-16
0012N00242000000,Active,2020-09-01
0012N00243000000,Active,2020-09-01
0012S00196000000,Active,2021-02-03
0013A00055000000,Active,2022-10-21
0013A00144000000,Active,2023-11-07
0013A00174000000,Active,2025-11-25
0013A00221000000,Active,2023-01-18
0013A00233000000,Active,2021-03-10
0013A00233000000,Active,2023-05-08
0013A00269000000,Active,2024-04-17
0013C00051000000,Active,2026-02-20
0013C00052000000,Active,2024-02-26
0013C00052000000,Active,2025-07-21
0013C00111000000,Active,2020-09-04
0013C00136000000,Active,2025-07-29
0013C00136000000,Active,2025-07-29
0013D00016000000,Active,2024-12-16
0013D00057000000,Active,2023-12-05
0013D00154000000,Active,2020-11-20
0013G00050000000,Active,2023-05-15
0013G00050000000,Active,2023-05-15
0013G00066000000,Active,2020-08-28
0013G00087000000,Active,2020-09-10
0013G00364000000,Active,2021-03-10
0013G00364000000,Active,2021-08-31
0013G00364000000,Active,2026-03-02
0013H00071000A00,Active,2023-10-25
0013H00071000A00,Active,2026-09-01
0013H00098000000,Active,2022-10-12
0013H00101000000,Active,2026-05-07
0013J00112000000,Active,2020-07-23
0013J00134000000,Active,2020-09-10
0013K00135000000,Active,2024-01-10
0013K00196000000,Active,2025-07-29
0013K00207000000,Active,2026-07-23
0013K00232000000,Active,2024-01-30
0013K00292000000,Active,2022-11-10
0013K00308000000,Active,2025-11-25
0013L00006000000,Active,2025-06-02
0013L00034000000,Active,2025-10-02
0013L00039000A00,Active,2026-04-15
0013L00049000000,Active,2022-10-28
0013L00055000000,Active,2020-08-27
0013L00055000000,Active,2026-06-30
0013L00091000000,Active,2026-01-08
0013L00118000000,Active,2024-07-22
0013L00126000000,Active,2024-04-17
0013L00199000000,Active,2021-01-15
0013L00207000000,Active,2020-08-21
0013L00207000000,Active,2023-02-17
0013L00213000000,Active,2021-09-09
0013L00213000001,Active,2023-06-15
0013L00272000000,Active,2024-07-02
0013L00282000000,Active,2025-02-25
0013L00308000000,Active,2022-02-18
0013M00005000000,Active,2020-09-08
0013M00120000000,Active,2023-05-11
0013M00127000000,Active,2023-07-25
0013M00150000000,Active,2023-02-09
0013M00218000000,Active,2023-08-31
0013M00220000000,Active,2023-03-16
0013M00250000000,Active,2020-09-08
0013M00301000000,Active,2023-01-18
0013N00142000000,Active,2022-10-28
0013N00213000000,Active,2023-10-19
0013N00219000000,Active,2023-10-11
0013N00224000000,Active,2023-03-09
0013P00009000A00,Active,2020-08-27
0013P00052000000,Active,2020-09-09
0013P00052000000,Active,2026-07-07
0013P00088000000,Active,2023-01-10
0013P00195000000,Active,2020-09-10
0013P00208000000,Active,2025-09-24
0013P00217000000,Active,2023-06-14
0013R00081000000,Active,2020-09-09
0013R00222000000,Active,2026-08-06
0013R00223000000,Active,2020-09-09
0013R00266000000,Active,2026-08-06
0013R00266000000,Active,2026-08-10
0013R00268000000,Active,2026-08-20
0013R00269000000,Active,2020-09-09
0013R00269000000,Active,2026-02-20
0013R00273000000,Active,2025-11-17
0013S00019000000,Active,2026-02-19
0013S00028000000,Active,2024-03-25
0013S00102000000,Active,2023-06-05
0013S00104000000,Active,2020-08-27
0013S00104000000,Active,2024-07-17
0013S00133000000,Active,2020-10-20
0013S00197000000,Active,2023-01-19
0013S00197000000,Active,2023-07-26
0013S00198000000,Active,2023-07-31
0013S00229000000,Active,2026-04-13
0014A00102000000,Active,2020-08-27
0014A00102000000,Active,2024-03-27
0014A00105000000,Active,2020-08-27
0014A00105000000,Active,2020-11-04
0014A00184000000,Active,2025-07-22
0014A00189000000,Active,2026-06-18
0014A00217000000,Active,2020-11-16
0014A00372000000,Active,2020-09-10
0014B00085000000,Active,2020-08-26
0014B00087000000,Active,2020-08-26
0014B00090000000,Active,2020-08-26
0014B00164000000,Active,2020-09-10
0014B00180000000,Active,2025-11-05
0014B00370000000,Active,2021-08-30
0014C00045000000,Active,2020-07-01
0014C00081000000,Active,2024-09-23
0014C00094000000,Active,2023-01-18
0014C00094000000,Active,2026-07-28
0014C00259000000,Active,2023-11-21
0014C00259000000,Active,2023-11-21
0014C00328000000,Active,2020-09-09
0014C00365000000,Active,2023-12-04
0014D00056000000,Active,2023-09-20
0014D00056000000,Active,2024-02-14
0014D00061000000,Active,2023-05-09
0014D00138000000,Active,2020-09-09
0014D00138000000,Active,2023-07-10
0014D00193000000,Active,2025-11-06
0014D00240000000,Active,2023-06-08
0014D00240000000,Active,2024-06-25
0014D00267000000,Active,2020-08-20
0014D00267000000,Active,2026-04-09
0014D00277000000,Active,2025-03-25
0014E00017000000,Active,2020-11-16
0014E00035000000,Active,2025-08-01
0014E00071000000,Active,2024-01-08
0014E00106000000,Active,2020-08-27
0014E00157000000,Active,2020-09-01
0014E00157000000,Active,2023-10-06
0014E00174000100,Active,2026-01-08
0014E00202000000,Active,2023-05-17
0014E00225000000,Active,2020-09-04
0014E00248000000,Active,2020-08-28
0014E00251000000,Active,2020-08-28
0014E00264000000,Active,2023-08-30
0014E00285000000,Active,2023-09-20
0014E00323000000,Active,2023-02-08
0014E00324000000,Active,2020-09-04
0014F00024000000,Active,2022-08-31
0014F00051000000,Active,2020-09-10
0014F00086000000,Active,2023-12-11
0014F00088000000,Active,2020-08-20
0014F00181000000,Active,2020-09-08
0014F00195000000,Active,2020-09-08
0014F00199000000,Active,2021-03-10
0014F00240000000,Active,2023-11-21
0014F00252000000,Active,2023-01-31
0014F00254000000,Active,2020-08-27
0014F00254000000,Active,2023-10-06
0014F00260000000,Active,2026-09-04
0014F00269000000,Active,2020-09-03
0014F00269000000,Active,2022-11-28
0014F00272000000,Active,2020-07-28
0014F00272000000,Active,2023-12-22
0014F00287000000,Active,2024-02-02
0014F00287000000,Active,2025-03-12
0014F00292000000,Active,2020-06-16
0014F00292000000,Active,2022-12-01
0014F00295000000,Active,2020-06-16
0014F00316000000,Active,2026-05-06
0014F00322000000,Active,2020-12-09
0014F00322000000,Active,2023-02-06
0014F00323000A00,Active,2020-09-03
0014F00325000000,Active,2023-12-06
0014F00357000000,Active,2020-08-28
0014F00357000000,Active,2023-10-04
0014F00357000000,Active,2023-11-06
0014F00359000000,Active,2020-08-28
0014F00371000000,Active,2020-09-03
0014G00043000000,Active,2026-07-10
0014G00062000000,Active,2020-12-09
0014G00094000000,Active,2022-11-14
0014G00137000000,Active,2023-11-20
0014G00137000000,Active,2024-03-27
0014G00144000000,Active,2020-11-04
0014G00158000000,Active,2020-08-27
0014G00173000000,Active,2023-05-26
0014G00173000000,Active,2023-05-26
0014G00193000000,Active,2024-09-20
0014G00227000000,Active,2020-09-01
0014G00228000000,Active,2020-09-01
0014G00271000000,Active,2024-02-21
0014G00302000000,Active,2023-06-26
0014G00342000000,Active,2020-09-04
0014G00342000000,Active,2023-05-23
0014H00051000000,Active,2025-03-24
0014H00165000000,Active,2024-03-07
0014J00018000000,Active,2025-05-15
0014J00029000000,Active,2022-09-15
0014J00030000000,Active,2022-08-03
0014J00036000000,Active,2022-08-03
0014J00050000000,Active,2020-09-02
0014J00050000000,Active,2020-11-16
0014J00055000000,Active,2025-04-08
0014J00087000000,Active,2020-09-08
0014J00123000000,Active,2020-09-22
0014J00132000000,Active,2026-07-31
0014J00132000000,Active,2026-07-31
0014J00147000000,Active,2022-02-25
0014J00154000000,Active,2020-08-21
0014J00162000000,Active,2020-08-21
0014J00173000000,Active,2020-08-24
0014J00173000000,Active,2020-11-16
0014J00173000000,Active,2020-12-10
0014J00173000000,Active,2024-12-09
0014J00179000000,Active,2026-03-16
0014J00213000000,Active,2021-08-31
0014J00213000000,Active,2022-11-14
0014J00218000000,Active,2021-08-31
0014J00219000000,Active,2020-08-26
0014J00222000000,Active,2026-07-29
0014J00235000000,Active,2020-08-27
0014J00235000000,Active,2023-07-07
0014J00240000000,Active,2026-07-29
0014J00247000000,Active,2025-08-01
0014J00248000000,Active,2021-02-01
0014J00263000000,Active,2020-06-23
0014J00263000000,Active,2023-12-21
0014J00276000000,Active,2020-11-30
0014J00298000000,Active,2025-11-17
0014J00304000000,Active,2026-09-14
0014K00003000000,Active,2025-10-02
0014K00004000000,Active,2020-09-03
0014K00011000000,Active,2026-01-13
0014K00020000000,Active,2025-06-04
0014K00035000000,Active,2020-12-23
0014K00040000000,Active,2020-09-03
0014K00040000000,Active,2025-02-28
0014K00058000000,Active,2021-12-13
0014K00058000000,Active,2024-01-08
0014K00066000000,Active,2022-02-03
0014K00079000000,Active,2021-04-09
0014K00080000000,Active,2026-05-05
0014K00105000000,Active,2023-07-14
0014K00110000000,Active,2023-04-05
0014K00113000000,Active,2023-11-06
0014K00152000000,Active,2024-11-21
0014K00156000000,Active,2022-12-21
0014K00169000000,Active,2025-02-28
0014K00186000000,Active,2020-09-02
0014K00217000000,Active,2022-11-28
0014K00225000000,Active,2020-09-22
0014K00289000000,Active,2020-06-22
0014K00289000000,Active,2020-12-10
0014K00308000000,Active,2021-05-14
0014L00006000100,Active,2020-09-03
0014L00006000100,Active,2022-02-28
0014L00036000000,Active,2020-11-16
0014L00036000000,Active,2026-07-29
0014L00097000000,Active,2020-11-04
0014L00100000000,Active,2020-09-21
0014L00101000000,Active,2020-11-04
0014L00102000000,Active,2020-11-04
0014L00134000000,Active,2024-04-03
0014L00147000000,Active,2023-11-15
0014L00148000000,Active,2020-09-02
0014L00151000000,Active,2020-11-16
0014L00152000000,Active,2020-11-16
0014L00160000000,Active,2020-09-02
0014L00187000000,Active,2020-08-26
0014L00191000000,Active,2023-11-21
0014L00195000000,Active,2022-10-27
0014L00203000000,Active,2020-09-21
0014L00204000000,Active,2020-09-21
0014L00205000000,Active,2020-11-16
0014M00076000000,Active,2022-02-01
0014N00002000000,Active,2023-08-11
0014N00016000000,Active,2020-08-24
0014N00016000000,Active,2020-11-16
0014N00034000000,Active,2023-11-21
0014N00035000000,Active,2023-11-21
0014N00036000000,Active,2023-11-21
0014N00039000000,Active,2020-08-20
0014N00085000000,Active,2020-06-29
0014N00099000000,Active,2020-11-24
0014N00108000000,Active,2022-10-26
0014N00116000000,Active,2023-05-10
0014N00129000000,Active,2026-09-11
0014N00147000000,Active,2023-02-16
0014N00168000000,Active,2020-09-10
0014N00193000000,Active,2023-02-22
0014N00193000000,Active,2023-05-26
0014N00197000000,Active,2023-01-17
0014N00215000000,Active,2020-09-09
0014N00215000000,Active,2024-01-31
0014N00226000000,Active,2020-12-09
0014N00253000000,Active,2024-03-28
0014P00040000000,Active,2023-09-01
0014P00074000000,Active,2020-09-10
0014P00086000000,Active,2023-11-06
0014P00091000000,Active,2023-01-17
0014P00093000000,Active,2023-04-28
0014P00093000000,Active,2023-05-17
0014P00096000000,Active,2022-06-27
0014P00098000000,Active,2022-06-27
0014P00102000000,Active,2022-02-17
0014P00109000000,Active,2024-03-20
0014P00116000000,Active,2024-04-01
0014P00122000000,Active,2020-12-08
0014P00122000000,Active,2024-03-27
0014P00128000000,Active,2024-04-23
0014P00172000000,Active,2020-11-16
0014P00214000000,Active,2024-11-21
0014P00215000000,Active,2025-10-23
0014P00220000000,Active,2025-10-23
0014P00234000000,Active,2023-03-30
0014P00239000000,Active,2020-11-16
0014P00253000000,Active,2025-04-08
0014P00257000000,Active,2020-08-21
0014P00260000000,Active,2021-05-04
0014P00264000000,Active,2020-08-21
0014P00264000000,Active,2020-09-21
0014R00012000000,Active,2020-09-21
0014R00013000000,Active,2024-03-11
0014R00023000000,Active,2020-11-04
0014R00024000000,Active,2020-11-04
0014R00024000000,Active,2023-08-23
0014R00025000000,Active,2020-09-10
0014R00026000000,Active,2020-11-04
0014R00026000000,Active,2020-12-10
0014R00026000000,Active,2024-02-21
0014R00051000000,Active,2020-12-10
0014R00059000000,Active,2020-09-10
0014R00059000000,Active,2023-11-06
0014R00064000000,Active,2021-08-19
0014R00064000000,Active,2025-07-17
0014R00065000000,Active,2024-03-11
0014R00066000000,Active,2020-11-16
0014R00079000000,Active,2021-09-30
0014R00108000000,Active,2025-10-16
0014R00138000000,Active,2020-09-03
0014R00138000000,Active,2024-03-27
0014R00165000000,Active,2023-02-24
0014R00165000000,Active,2023-02-24
0014R00216000000,Active,2020-08-21
0014R00219000000,Active,2020-08-21
0014R00235000000,Active,2020-08-25
0015B00009000000,Active,2023-10-23
0015B00029000000,Active,2026-01-14
0015B00030000000,Active,2026-01-14
0015D00059000000,Active,2025-11-03
0015D00064000000,Active,2020-08-25
0015D00222000000,Active,2022-03-17
0015D00222000000,Active,2024-01-12
0015D00298000000,Active,2023-12-01
0015D00298000000,Active,2025-05-12
0015D00302000000,Active,2025-03-11
0015F00201000000,Active,2020-08-24
0015G00033000000,Active,2020-08-20
0015G00136000000,Active,2026-07-29
0015G00169000000,Active,2020-09-01
0015G00169000000,Active,2023-11-06
0015G00202000000,Active,2023-08-16
0015G00202000000,Active,2023-09-12
0015G00203000000,Active,2023-08-16
0015G00203000000,Active,2024-02-16
0015H00089000000,Active,2020-08-28
0015H00089000000,Active,2024-06-26
0015H00160000000,Active,2020-08-27
0015H00169000000,Active,2020-07-29
0015H00188000000,Active,2024-12-11
0015H00261000000,Active,2022-03-21
0015H00263000000,Active,2022-03-21
0015H00263000000,Active,2025-12-10
0015K00051000000,Active,2020-08-24
0015K00101000000,Active,2020-07-30
0015K00126000000,Active,2020-11-16
0015K00130000000,Active,2025-07-30
0015K00134000000,Active,2025-07-30
0015K00134000000,Active,2025-07-30
0015K00141000000,Active,2020-11-16
0015K00165000000,Active,2021-09-01
0015K00165000000,Active,2024-03-27
0015L00033000000,Active,2022-11-14
0015L00050000000,Active,2020-09-03
0015L00054000000,Active,2023-05-17
0015L00057000A00,Active,2021-05-20
0015L00057000B00,Active,2025-10-28
0015L00065000000,Active,2020-09-03
0015L00084000000,Active,2023-11-06
0015L00144000000,Active,2021-08-23
0015L00154000000,Active,2020-06-29
0015L00168000000,Active,2025-07-29
0015L00180000000,Active,2020-09-21
0015L00182000000,Active,2020-09-21
0015L00182000000,Active,2020-09-22
0015L00183000000,Active,2020-09-22
0015L00189000000,Active,2025-11-19
0015L00194000000,Active,2024-01-04
0015L00199000000,Active,2020-09-04
0015L00199000000,Active,2023-11-29
0015L00200000000,Active,2020-09-04
0015L00215000000,Active,2024-02-21
0015L00228000000,Active,2023-10-02
0015L00238000000,Active,2024-08-19
0015M00146000000,Active,2020-09-09
0015M00162000000,Active,2026-08-21
0015M00162000000,Active,2026-08-21
0015M00184000000,Active,2024-02-09
0015M00220000000,Active,2020-06-25
0015M00227000000,Active,2020-11-19
0015M00296000000,Active,2026-06-11
0015M00297000000,Active,2023-09-05
0015M00297000000,Active,2023-09-05
0015M00310000000,Active,2022-11-22
0015M00312000000,Active,2023-01-17
0015M00313000000,Active,2024-03-01
0015M00314000000,Active,2022-10-11
0015M00316000000,Active,2020-06-25
0015N00034000000,Active,2025-10-16
0015P00012000000,Active,2020-09-10
0015R00021000000,Active,2026-05-06
0015R00022000000,Active,2026-05-06
0015R00023000000,Active,2026-05-06
0015R00023000000,Active,2026-05-06
0015R00032000000,Active,2024-04-16
0015R00119000000,Active,2020-08-03
0015R00125000000,Active,2023-09-11
0015R00157000000,Active,2023-07-05
0015R00157000000,Active,2023-07-05
0015R00187000000,Active,2020-09-04
0015R00204000000,Active,2023-12-13
0015R00204000000,Active,2023-12-13
0015R00221000000,Active,2020-08-31
0015R00221000000,Active,2024-03-06
0015R00254000000,Active,2024-03-27
0015R00255000000,Active,2023-11-27
0015R00256000000,Active,2023-11-15
0015R00260000000,Active,2023-11-15
0015R00263000000,Active,2023-11-15
0015R00265000000,Active,2023-09-01
0015S00005000000,Active,2025-12-04
0015S00014000000,Active,2020-09-04
0015S00064000000,Active,2025-07-01
0015S00095000000,Active,2024-02-21
0015S00096000000,Active,2023-11-21
0015S00126000000,Active,2020-06-18
0015S00126000000,Active,2024-04-02
0015S00129000000,Active,2023-07-06
0015S00136000000,Active,2020-06-18
0015S00136000000,Active,2024-04-02
0015S00141000000,Active,2020-06-18
0015S00152000000,Active,2023-07-12
0015S00157000000,Active,2020-08-28
0015S00159000000,Active,2022-11-28
0015S00189000000,Active,2020-11-30
0015S00192000000,Active,2020-06-22
0015S00192000000,Active,2020-11-30
0015S00193000000,Active,2020-06-22
0015S00194000000,Active,2020-06-22
0016E00122000000,Active,2024-10-02
0016L00215000000,Active,2021-10-13
0016P00086000000,Active,2020-08-21
0016P00086000000,Active,2025-02-17
0016P00167000000,Active,2023-09-05
0016P00209000000,Active,2021-01-26
0016R00067000000,Active,2026-06-05
0016S00209000000,Active,2024-02-06
0018A00186000000,Active,2023-04-13
0018C00204000000,Active,2021-01-14
0019A00078000000,Active,2020-08-24
0019A00105000000,Active,2024-03-27
0019B00023000000,Active,2021-04-29
0019B00067000000,Active,2024-08-26
0019B00068000000,Active,2024-05-03
0019B00068000000,Active,2024-11-21
0019B00096000000,Active,2020-11-01
0019B00117000000,Active,2024-04-05
0019B00117000000,Active,2024-06-05
0019B00127000000,Active,2020-07-30
0019B00210000000,Active,2024-05-06
0019C00053000000,Active,2022-08-05
0019C00053000000,Active,2025-09-30
0019C00064000000,Active,2024-09-10
0019C00121000000,Active,2020-06-08
0019C00184000000,Active,2023-10-10
0019C00187000000,Active,2021-02-16
0019C00188000000,Active,2026-04-22
0019C00275000000,Active,2020-09-09
0019C00291000000,Active,2026-04-22
0019C00292000000,Active,2023-02-03
0019C00292000000,Active,2025-01-22
0019D00029000000,Active,2025-09-18
0019D00100000000,Active,2022-12-12
0019D00167000000,Active,2020-09-09
0019D00167000000,Active,2023-11-06
0019D00189000000,Active,2025-11-25
0019D00202000000,Active,2020-09-09
0019F00045000000,Active,2020-11-20
0019G00010000000,Active,2022-05-03
0019G00104000000,Active,2026-02-23
0019G00304000000,Active,2020-09-03
0019G00317000000,Active,2022-11-08
0019G00317000000,Active,2026-04-17
0019H00021000000,Active,2025-02-26
0019H00051000000,Active,2024-03-18
0019H00121000000,Active,2020-07-28
0019H00121000000,Active,2026-03-23
0019H00186000000,Active,2020-07-27
0019H00186000000,Active,2025-03-31
0019H00234000000,Active,2020-07-27
0019L00096000000,Active,2024-05-10
0019M00079000000,Active,2023-11-13
0019M00096000000,Active,2024-04-29
0019R00035000000,Active,2022-05-19
0019R00104000000,Active,2020-09-02
0019S00007000000,Active,2023-04-14
0019S00008000000,Active,2024-06-18
0019S00008000000,Active,2024-06-18
0019S00010000000,Active,2024-03-20
0020A00106000000,Active,2020-08-27
0020F00122000000,Active,2022-12-12
0020F00262000000,Active,2020-08-19
0020F00262000000,Active,2022-10-12
0020G00010000000,Active,2026-04-09
0020L00027000000,Active,2020-12-03
0020L00033000000,Active,2022-11-08
0020L00052000000,Active,2021-06-03
0020L00190000000,Active,2026-04-22
0020L00221000000,Active,2022-11-29
0020L00252000000,Active,2024-02-14
0020L00262000000,Active,2021-05-05
0020L00272000000,Active,2022-06-08
0020M00078000000,Active,2021-04-28
0020M00112000000,Active,2020-08-28
0020M00128000000,Active,2020-09-09
0020M00195000000,Active,2020-09-03
0020P00240000000,Active,2023-11-07
0020P00240000000,Active,2024-02-26
0020R00002000000,Active,2020-09-09
0020R00009000000,Active,2023-01-24
0020R00009000000,Active,2024-09-24
0020R00011000000,Active,2025-12-15
0020R00017000000,Active,2020-08-18
0020R00078000000,Active,2022-08-12
0020R00086000000,Active,2020-09-03
0020R00090000100,Active,2023-04-17
0020R00092000000,Active,2023-05-01
0020R00131000000,Active,2021-08-30
0020R00157000000,Active,2023-10-04
0020R00170000000,Active,2024-03-21
0020R00171000000,Active,2022-11-10
0020R00197000000,Active,2022-10-12
0020R00208000000,Active,2024-04-11
0020R00333000000,Active,2024-03-11
0020R00333000000,Active,2024-06-06
0020S00063000000,Active,2026-05-06
0020S00085000000,Active,2024-03-27
0020S00086000000,Active,2020-08-28
0020S00086000000,Active,2024-01-11
0020S00110000000,Active,2021-07-12
0020S00171000000,Active,2020-08-28
0021E00066000000,Active,2020-08-26
0021E00088000000,Active,2024-05-03
0021E00088000000,Active,2024-05-03
0021E00088000000,Active,2024-11-21
0021J00020000000,Active,2020-09-09
0021J00030000000,Active,2024-08-30
0021J00030000000,Active,2026-03-02
0021J00032000000,Active,2024-08-30
0021J00083000000,Active,2024-12-19
0021J00083000000,Active,2025-02-14
0021K00022000000,Active,2020-08-26
0021K00024000000,Active,2020-08-26
0021N00045000000,Active,2024-06-26
0021N00162000000,Active,2023-01-24
0021N00173000000,Active,2020-09-09
0021N00173000000,Active,2026-05-21
0022A00165000000,Active,2025-07-16
0022A00168000000,Active,2025-07-22
0022B00046000000,Active,2020-07-21
0022B00046000000,Active,2021-09-10
0022B00046000000,Active,2026-05-26
0022B00064000000,Active,2022-07-11
0022B00064000000,Active,2026-06-22
0022B00132000000,Active,2021-01-29
0022B00139000000,Active,2020-09-03
0022B00139000000,Active,2023-06-14
0022B00195000000,Active,2025-09-05
0022B00209000000,Active,2025-06-04
0022B00210000000,Active,2025-06-05
0022B00218000000,Active,2026-09-15
0022B00294000000,Active,2026-01-12
0022C00083000000,Active,2020-09-09
0022D00036000000,Active,2020-08-25
0022E00280000000,Active,2023-10-11
0022E00280000000,Active,2023-10-11
0022E00292000000,Active,2020-06-26
0022E00311000000,Active,2020-06-30
0022E00324000000,Active,2025-04-01
0022E00343000000,Active,2020-09-08
0022F00063000A00,Active,2020-08-20
0022F00063000A00,Active,2023-06-26
0022F00066000000,Active,2020-08-20
0022F00073000000,Active,2020-08-20
0022F00085000000,Active,2020-08-20
0022F00086000000,Active,2023-03-27
0022F00087000000,Active,2020-08-20
0022F00115000000,Active,2020-06-26
0022F00146000A00,Active,2026-01-09
0022F00153000000,Active,2020-05-19
0022F00252000000,Active,2026-07-08
0022F00263000A00,Active,2021-03-02
0022F00276000000,Active,2020-08-27
0022G00090000000,Active,2020-07-13
0022G00158000A00,Active,2022-06-27
0022G00170000000,Active,2022-06-27
0022G00170000000,Active,2023-11-27
0022H00105000000,Active,2020-09-04
0022H00105000000,Active,2023-10-12
0022H00260000000,Active,2026-08-20
0022K00011000000,Active,2025-04-30
0022K00011000000,Active,2026-01-28
0022K00076000000,Active,2023-02-06
0022K00270000000,Active,2020-08-20
0022K00271000000,Active,2021-03-17
0022K00271000000,Active,2022-09-16
0022K00272000000,Active,2022-09-16
0022K00336000000,Active,2020-07-09
0022K00342000000,Active,2020-07-09
0022K00346000000,Active,2020-07-07
0022K00368000000,Active,2025-08-14
0022K00391000000,Active,2020-08-20
0022K00391000000,Active,2025-02-28
0022L00097000000,Active,2025-07-01
0022L00153000000,Active,2020-07-31
0022L00153000000,Active,2026-09-22
0022L00208000000,Active,2026-05-12
0022L00226000000,Active,2023-03-29
0022L00299000A00,Active,2026-04-24
0022L00299000A00,Active,2026-04-30
0022L00302000000,Active,2026-04-30
0022L00352000100,Active,2026-05-06
0022L00353000000,Active,2023-05-30
0022P00202000000,Active,2020-09-09
0022P00237000A00,Active,2020-09-09
0022P00260000000,Active,2020-06-08
0022P00280000000,Active,2022-11-29
0022R00240000000,Active,2025-12-04
0022R00240000000,Active,2026-07-20
0022S00187000000,Active,2023-02-01
0023A00095000000,Active,2020-09-08
0023A00095000000,Active,2025-02-28
0023A00096000000,Active,2021-09-17
0023A00096000000,Active,2026-09-14
0023A00098000000,Active,2021-09-17
0023A00100000000,Active,2026-09-02
0023A00102000000,Active,2023-06-26
0023A00102000000,Active,2026-09-01
0023A00117000000,Active,2025-06-24
0023A00118000000,Active,2025-06-24
0023A00177000000,Active,2020-07-08
0023B00054000000,Active,2020-09-03
0023B00065000000,Active,2023-03-27
0023B00070000000,Active,2026-02-26
0023B00135000000,Active,2023-06-26
0023B00201000000,Active,2020-09-08
0023B00244000000,Active,2020-09-03
0023C00002000000,Active,2026-07-29
0023C00103000000,Active,2023-02-09
0023C00157000000,Active,2026-04-21
0023C00159000000,Active,2026-04-21
0023C00159000000,Active,2026-04-21
0023D00045000000,Active,2026-05-04
0023D00050000000,Active,2026-04-17
0023D00072000000,Active,2020-08-27
0023D00079000000,Active,2020-08-27
0023D00091000000,Active,2020-09-10
0023D00091000000,Active,2025-02-28
0023D00092000000,Active,2022-05-16
0023D00092000000,Active,2023-10-11
0023D00096000000,Active,2026-07-29
0023D00108000000,Active,2022-04-06
0023D00109000000,Active,2026-04-17
0023D00110000000,Active,2026-04-17
0023D00115000000,Active,2021-10-06
0023D00183000000,Active,2025-12-04
0023D00185000000,Active,2022-07-27
0023D00219000000,Active,2026-07-29
0023E00179000000,Active,2026-05-07
0023E00179000000,Active,2026-05-07
0023E00179000000,Active,2026-05-12
0023E00190000000,Active,2025-02-17
0023E00249000000,Active,2026-06-11
0023E00256000A00,Active,2024-07-16
0023E00299000000,Active,2020-08-21
0023E00322000000,Active,2020-08-21
0023E00366000000,Active,2020-08-25
0023E00366000000,Active,2025-03-04
0023E00375000000,Active,2022-10-03
0023E00375000000,Active,2023-08-14
0023F00114000000,Active,2023-05-26
0023F00114000000,Active,2026-02-20
0023F00127000100,Active,2025-08-11
0023F00175000000,Active,2022-07-14
0023F00200000000,Active,2020-07-02
0023F00219000000,Active,2024-12-11
0023F00221000000,Active,2022-02-24
0023F00251000000,Active,2020-07-09
0023G00060000000,Active,2020-08-24
0023G00083000000,Active,2020-09-21
0023G00121000000,Active,2022-06-07
0023G00144000000,Active,2022-03-10
0023G00197000000,Active,2024-12-11
0023G00302000000,Active,2020-08-28
0023G00305000000,Active,2020-08-28
0023H00275000000,Active,2020-07-07
0023H00275000000,Active,2023-09-20
0023H00341000000,Active,2021-03-02
0023H00371000000,Active,2025-03-04
0023J00001000000,Active,2020-09-09
0023J00193000000,Active,2020-09-09
0023J00224000000,Active,2025-03-31
0023J00297000000,Active,2020-07-27
0023K00012000000,Active,2020-08-06
0023L00099000000,Active,2026-06-23
0023L00165000000,Active,2026-05-27
0023L00213000000,Active,2020-09-09
0023M00136000000,Active,2024-07-17
0023P00429000000,Active,2026-04-07
0023S00251000000,Active,2026-09-21
0023S00309000000,Active,2025-02-11
0024A00133000000,Active,2025-04-22
0024A00133000000,Active,2025-11-05
0024A00163000000,Active,2020-08-12
0024B00231000000,Active,2020-09-01
0024B00237000000,Active,2026-07-07
0024B00247000000,Active,2025-07-22
0024B00265000000,Active,2026-07-16
0024B00279000000,Active,2026-07-27
0024C00033000000,Active,2026-08-27
0024C00054000000,Active,2020-08-27
0024C00133000000,Active,2020-09-01
0024C00134000000,Active,2025-05-28
0024C00141000000,Active,2024-04-30
0024C00141000000,Active,2025-10-28
0024C00143000000,Active,2024-04-30
0024C00150000000,Active,2025-09-18
0024C00165000000,Active,2026-01-09
0024C00171000000,Active,2020-09-01
0024C00192000A00,Active,2021-01-20
0024C00195000000,Active,2026-01-29
0024C00346000000,Active,2025-03-24
0024D00135000000,Active,2023-03-03
0024D00135000000,Active,2023-03-03
0024E00102000000,Active,2025-05-13
0024E00140000000,Active,2021-09-20
0024E00183000000,Active,2020-09-10
0024E00183000000,Active,2023-12-11
0024E00185000000,Active,2020-09-10
0024E00199000000,Active,2024-02-14
0024E00204000000,Active,2022-08-05
0024E00268000000,Active,2022-08-05
0024E00269000000,Active,2025-07-08
0024E00281000000,Active,2026-07-27
0024E00285000000,Active,2021-08-10
0024F00001000000,Active,2020-09-10
0024F00010000000,Active,2026-03-05
0024F00023000000,Active,2026-07-29
0024F00037000000,Active,2023-12-11
0024F00052000000,Active,2023-09-29
0024F00052000000,Active,2026-07-16
0024F00053000000,Active,2023-09-29
0024F00053000000,Active,2026-07-16
0024F00081000000,Active,2022-06-02
0024F00084000000,Active,2022-06-02
0024F00084000000,Active,2026-08-05
0024F00125000000,Active,2026-03-30
0024F00130000000,Active,2026-07-29
0024F00147000000,Active,2021-08-09
0024F00159000A00,Active,2026-03-23
0024F00176000000,Active,2023-08-28
0024F00176000000,Active,2026-01-29
0024F00185000000,Active,2026-03-30
0024F00211000000,Active,2020-09-09
0024F00225000000,Active,2020-09-09
0024F00276000000,Active,2026-03-30
0024F00300000000,Active,2022-07-27
0024F00372000000,Active,2026-07-07
0024G00006000000,Active,2020-09-10
0024G00022000000,Active,2020-10-28
0024G00073000000,Active,2022-12-12
0024G00076000000,Active,2022-10-03
0024G00100000000,Active,2020-08-24
0024G00100000000,Active,2025-02-24
0024G00188000000,Active,2026-08-27
0024G00296000000,Active,2021-09-16
0024J00247000000,Active,2023-02-15
0024J00258000000,Active,2023-08-14
0024J00302000000,Active,2026-04-01
0024J00319000000,Active,2025-01-31
0024J00370000000,Active,2024-02-14
0024J00426000000,Active,2023-04-17
0024J00454000000,Active,2020-08-04
0024J00457000000,Active,2020-08-04
0024K00003000000,Active,2020-08-28
0024K00037000000,Active,2020-09-08
0024K00299000000,Active,2020-08-27
0024L00130000000,Active,2026-08-14
0024N00039000000,Active,2024-12-31
0024N00115000000,Active,2024-08-20
0024R00004000000,Active,2026-04-29
0025H00107000000,Active,2020-06-17
0025H00108000000,Active,2020-06-17
0025M00077000000,Active,2020-06-19
0025M00112000000,Active,2020-06-01
0025M00234000000,Active,2026-09-21
0025R00052000000,Active,2024-10-15
0025S00173000A00,Active,2020-08-20
0025S00204000000,Active,2020-08-20
0026D00007000000,Active,2023-11-17
0026D00008000000,Active,2021-02-18
0026D00008000000,Active,2023-02-15
0026D00010000000,Active,2023-02-15
0026D00077000000,Active,2025-01-06
0026E00015000000,Active,2020-05-26
0026E00164000000,Active,2020-05-26
0026E00189000000,Active,2021-04-22
0026E00189000000,Active,2023-08-25
0026E00214000000,Active,2020-05-26
0026G00169000000,Active,2025-03-10
0026G00169000000,Active,2025-03-10
0026H00063000000,Active,2025-04-02
0026H00222000000,Active,2021-05-04
0026H00308000000,Active,2024-09-26
0026J00257000000,Active,2023-04-12
0026J00258000000,Active,2023-04-12
0026J00265000000,Active,2021-09-21
0026K00067000000,Active,2020-10-16
0026K00078000000,Active,2021-08-04
0026K00234000000,Active,2023-03-17
0026K00255000000,Active,2026-07-23
0026K00256000000,Active,2026-07-23
0026K00257000000,Active,2026-07-23
0026K00257000000,Active,2026-07-23
0026K00260000000,Active,2023-11-27
0026K00260000000,Active,2023-11-27
0026K00263000000,Active,2022-06-15
0026K00328000000,Active,2026-09-10
0026L00068000000,Active,2026-09-10
0026N00020000000,Active,2020-12-03
0026N00031000000,Active,2026-07-16
0026N00064000000,Active,2020-10-02
0026N00067000000,Active,2020-10-16
0026N00092000000,Active,2024-02-29
0026N00092000000,Active,2024-02-29
0026N00104000000,Active,2026-08-25
0026N00116000000,Active,2020-08-11
0026N00116000000,Active,2021-02-18
0026N00117000000,Active,2021-06-14
0026N00124000000,Active,2020-11-04
0026N00124000000,Active,2020-11-12
0026N00163000000,Active,2020-07-31
0026N00171000000,Active,2021-02-04
0026N00249000000,Active,2020-08-06
0026N00294000000,Active,2024-03-15
0026N00294000000,Active,2025-09-30
0026P00015000000,Active,2023-04-12
0026P00022000000,Active,2020-08-06
0026P00032000000,Active,2026-07-23
0026P00085000000,Active,2020-08-04
0026P00127000000,Active,2020-06-01
0026P00171000000,Active,2020-11-06
0026P00173000000,Active,2020-11-04
0026P00184000000,Active,2023-02-15
0026P00293000000,Active,2020-08-18
0026R00164000000,Active,2020-07-08
0026R00174000000,Active,2024-09-10
0026R00174000000,Active,2024-09-10
0026R00174000000,Active,2024-09-10
0026R00174000000,Active,2024-09-10
0027A00021000000,Active,2020-07-29
0027A00021000000,Active,2021-02-18
0027A00096000000,Active,2021-11-01
0027A00126000000,Active,2020-09-10
0027A00127000000,Active,2026-09-10
0027A00128000000,Active,2026-09-10
0027A00147000000,Active,2020-08-12
0027A00148000000,Active,2020-08-12
0027A00151000000,Active,2020-08-12
0027A00158000000,Active,2020-08-06
0027A00162000000,Active,2021-02-17
0027A00275000000,Active,2022-04-05
0027A00309000000,Active,2020-08-04
0027A00309000000,Active,2024-04-26
0027A00352000000,Active,2020-08-06
0027B00002000000,Active,2021-02-17
0027B00026000000,Active,2020-08-10
0027B00070000000,Active,2020-08-06
0027B00095000000,Active,2020-08-05
0027B00095000A00,Active,2020-08-05
0027B00096000000,Active,2024-05-14
0027B00097000000,Active,2024-05-14
0027B00122000000,Active,2024-05-14
0027B00123000000,Active,2023-03-24
0027B00124000000,Active,2024-05-14
0027B00141000000,Active,2025-04-02
0027B00148000000,Active,2026-07-23
0027B00161000000,Active,2020-10-30
0027B00161000000,Active,2021-03-22
0027B00171000C00,Active,2021-06-22
0027B00172000000,Active,2026-07-16
0027B00172000A00,Active,2025-07-07
0027B00175000000,Active,2021-03-16
0027B00247000000,Active,2026-04-17
0027B00250000000,Active,2020-08-04
0027B00251000000,Active,2020-08-04
0027B00285000000,Active,2020-08-04
0027B00285000000,Active,2021-09-21
0027B00298000000,Active,2023-05-26
0027B00299000000,Active,2023-05-26
0027B00318000000,Active,2020-08-10
0027B00348000000,Active,2020-08-17
0027B00392000000,Active,2020-08-18
0027B00393000000,Active,2020-08-18
0027C00012000000,Active,2021-02-04
0027E00146000000,Active,2022-01-06
0027F00039000000,Active,2021-08-24
0027F00039000000,Active,2022-08-22
0027G00043000000,Active,2022-05-09
0028H00041000000,Active,2024-10-30
0028P00333000000,Active,2020-09-08
0028P00333000000,Active,2020-11-06
0028S00072000000,Active,2021-08-04
0029C00251000A00,Active,2021-04-12
0029C00251000A00,Active,2022-04-06
0029D00148000000,Active,2026-07-13
0029G00015000000,Active,2020-11-06
0029G00015000000,Active,2023-11-21
0029G00017000000,Active,2020-08-26
0029G00017000000,Active,2020-11-06
0029G00018000000,Active,2023-11-21
0029G00026000000,Active,2021-01-08
0029G00237000000,Active,2020-08-28
0029G00237000000,Active,2022-04-06
0029H00089000000,Active,2020-10-02
0029M00271000000,Active,2020-09-08
0029M00271000000,Active,2022-02-09
0029S00044000000,Active,2020-06-30
0029S00048000000,Active,2024-05-30
0029S00068000000,Active,2021-07-09
0029S00115000000,Active,2020-05-28
0029S00115000000,Active,2024-03-20
0029S00199000000,Active,2026-05-19
0030N00125000000,Active,2020-12-24
0030N00135000000,Active,2024-04-23
0030N00287000000,Active,2020-12-24
0030N00287000000,Active,2021-08-23
0031E00144000000,Active,2026-01-20
0031F00113000000,Active,2022-04-12
0032A00165000000,Active,2024-08-29
0032A00176000000,Active,2020-09-08
0032E00074000000,Active,2023-08-28
0032E00074000000,Active,2023-09-27
0032E00110000000,Active,2023-04-06
0032E00178000000,Active,2023-07-25
0032F00044000000,Active,2025-03-19
0032F00100000000,Active,2024-03-20
0032F00160000000,Active,2020-08-17
0032F00331000000,Active,2022-12-07
0032F00337000000,Active,2023-12-11
0032H00015000000,Active,2023-11-06
0032N00167000000,Active,2022-08-03
0032N00167000000,Active,2025-09-16
0032N00315000000,Active,2024-02-08
0032S00063000000,Active,2024-01-10
0033A00010000000,Active,2020-09-09
0033A00240000000,Active,2021-10-14
0033A00243000000,Active,2023-04-06
0033A00244000000,Active,2020-12-10
0033A00244000000,Active,2023-10-11
0033A00260000000,Active,2026-07-29
0033A00290000000,Active,2020-08-21
0033A00301000000,Active,2020-08-21
0033A00338000000,Active,2025-11-19
0033A00340000000,Active,2024-02-21
0033A00348000000,Active,2020-11-16
0033A00349000000,Active,2023-02-16
0033B00005000000,Active,2020-12-23
0033B00005000000,Active,2024-01-17
0033B00010000000,Active,2020-11-16
0033B00010000000,Active,2024-04-12
0033B00036000000,Active,2020-09-01
0033B00043000000,Active,2023-06-09
0033B00043000000,Active,2026-06-11
0033B00102000000,Active,2023-07-10
0033B00211000000,Active,2020-08-21
0033B00226000000,Active,2020-08-21
0033B00226000000,Active,2023-12-22
0033B00247000000,Active,2020-08-21
0033B00247000000,Active,2023-11-20
0033B00249000000,Active,2022-08-24
0033B00274000000,Active,2025-02-24
0033B00307000000,Active,2020-09-04
0033B00307000000,Active,2023-02-06
0033B00311000000,Active,2020-09-04
0033B00311000000,Active,2025-10-28
0033B00319000000,Active,2023-02-09
0033B00325000000,Active,2023-06-13
0033B00338000000,Active,2020-09-04
0033B00338000000,Active,2023-08-23
0033B00340000000,Active,2020-09-04
0033B00341000000,Active,2020-09-04
0033B00354000000,Active,2023-11-16
0033B00355000000,Active,2020-09-04
0033B00356000000,Active,2026-07-29
0033B00370000000,Active,2021-04-15
0033B00370000000,Active,2023-03-06
0033C00093000000,Active,2020-11-16
0033C00094000000,Active,2024-05-07
0033E00163000000,Active,2020-08-27
0033E00163000000,Active,2023-06-14
0033E00211000000,Active,2026-09-09
0033E00211000000,Active,2026-09-09
0033E00214000000,Active,2023-04-27
0033E00231000000,Active,2024-04-02
0033E00301000000,Active,2025-05-15
0033F00013000000,Active,2020-09-04
0033F00013000000,Active,2022-11-21
0033F00021000000,Active,2020-09-04
0033F00021000000,Active,2024-06-26
0033F00022000000,Active,2023-07-10
0033F00147000000,Active,2021-08-23
0033F00147000000,Active,2022-02-14
0033F00149000000,Active,2020-11-04
0033F00149000000,Active,2021-04-22
0033F00274000000,Active,2020-11-16
0033F00287000000,Active,2020-11-04
0033F00293000000,Active,2020-09-04
0033F00293000000,Active,2024-02-21
0033G00198000000,Active,2023-06-13
0033J00026000000,Active,2023-01-31
0033J00155000000,Active,2020-07-09
0033J00155000000,Active,2020-11-04
0033J00164000000,Active,2021-07-08
0033J00180000000,Active,2024-01-22
0033K00001000000,Active,2023-02-06
0033K00001000000,Active,2023-02-06
0033K00071000000,Active,2026-01-28
0033K00075000000,Active,2024-07-19
0033K00099000000,Active,2026-09-10
0033K00114000000,Active,2023-11-22
0033K00126000000,Active,2020-09-09
0033K00128000000,Active,2020-11-04
0033K00135000000,Active,2020-09-09
0033K00135000000,Active,2023-12-22
0033K00139000000,Active,2020-08-06
0033K00139000000,Active,2023-12-08
0033K00140000000,Active,2020-09-09
0033P00246000000,Active,2025-03-20
0033P00265000000,Active,2020-08-12
0033P00333000000,Active,2020-08-12
0033P00333000000,Active,2023-06-14
0033R00238000000,Active,2026-03-03
0033R00337000000,Active,2020-08-25
0033R00337000000,Active,2024-07-22
0033S00256000000,Active,2022-10-19
0034D00001000000,Active,2020-09-09
0034D00002000000,Active,2020-09-09
0034G00074000000,Active,2025-06-02
0034G00076000000,Active,2025-06-02
0034H00198000000,Active,2024-02-12
0034H00301000000,Active,2024-03-20
0034N00077000000,Active,2024-09-18
0035B00074000000,Active,2020-09-03
0035B00074000000,Active,2026-01-13
0035B00113000000,Active,2023-09-11
0035B00153000000,Active,2022-08-04
0035C00012000000,Active,2020-07-24
0035C00084000000,Active,2026-04-14
0035C00242000000,Active,2026-07-29
0035D00116000A00,Active,2024-03-27
0035D00117000000,Active,2025-10-30
0035E00158000000,Active,2024-06-07
0035F00002000000,Active,2025-11-25
0035F00212000000,Active,2026-01-13
0035G00305000000,Active,2023-12-13
0035H00025000000,Active,2025-08-13
0035H00025000000,Active,2026-08-04
0035H00203000000,Active,2020-09-10
0035H00203000000,Active,2024-05-30
0035H00237000000,Active,2020-09-10
0035J00092000000,Active,2020-09-29
0035J00092000000,Active,2020-09-29
0035K00209000000,Active,2020-08-07
0035L00063000000,Active,2024-07-23
0035L00267000000,Active,2022-09-26
0035N00165000000,Active,2020-08-25
0035P00155000000,Active,2020-12-10
0035S00267000000,Active,2024-08-30
0035S00291000000,Active,2026-04-14
0036R00136000000,Active,2020-08-21
0036S00115000000,Active,2021-02-17
0036S00115000000,Active,2023-06-26
0039E00033000A00,Active,2020-09-08
0039E00033000A00,Active,2023-05-01
0039E00035000000,Active,2020-09-08
0039E00095000000,Active,2020-08-21
0039E00095000000,Active,2023-05-01
0040C00113000000,Active,2022-08-12
0040C00160000000,Active,2020-09-10
0040C00161000000,Active,2020-09-10
0040C00162000000,Active,2020-09-10
0040C00255000000,Active,2020-06-15
0040C00255000000,Active,2022-12-12
0040F00157000000,Active,2020-09-09
0040G00005000000,Active,2022-08-12
0040G00058000000,Active,2020-08-27
0040G00203000000,Active,2021-03-03
0040G00250000000,Active,2023-08-30
0040G00256000000,Active,2022-07-19
0040G00256000000,Active,2023-10-11
0040G00257000000,Active,2022-08-12
0040G00273000000,Active,2021-02-16
0040H00273000000,Active,2024-10-31
0040H00273000000,Active,2026-08-18
0040H00273000000,Active,2026-08-18
0040K00034000000,Active,2026-01-27
0040L00103000000,Active,2022-08-05
0040L00181000000,Active,2024-10-07
0040M00010000000,Active,2026-09-04
0040M00029000000,Active,2020-06-26
0040M00148000000,Active,2024-09-04
0040M00148000000,Active,2026-07-29
0040R00029000000,Active,2023-04-26
0040R00058000000,Active,2025-06-23
0041A00078000000,Active,2021-06-04
0041A00174000000,Active,2021-02-25
0041D00038000000,Active,2022-08-17
0041D00038000000,Active,2024-03-08
0041E00113000000,Active,2023-05-26
0041H00071000000,Active,2023-08-11
0041H00100000000,Active,2023-01-24
0041H00101000000,Active,2023-01-18
0041H00195000000,Active,2020-10-26
0041H00196000000,Active,2020-10-26
0041H00199000000,Active,2024-06-05
0041R00065000000,Active,2026-02-16
0041R00075000000,Active,2020-10-21
0042C00010000000,Active,2024-09-10
0042C00021000000,Active,2023-02-09
0042C00021000000,Active,2023-03-16
0042C00087000000,Active,2022-11-10
0042C00091000000,Active,2024-09-03
0042C00091000000,Active,2025-06-30
0042C00093000000,Active,2021-10-08
0042C00095000000,Active,2024-05-10
0042C00095000000,Active,2024-05-10
0042C00095000000,Active,2024-05-10
0042C00095000000,Active,2024-05-10
0042C00095000000,Active,2024-09-20
0042C00131000000,Active,2022-06-29
0042C00131000000,Active,2023-02-20
0042C00137000000,Active,2022-10-10
0042C00174000000,Active,2023-01-18
0042C00177000000,Active,2025-08-25
0042C00208000000,Active,2020-09-09
0042D00039000000,Active,2022-10-10
0042D00195000000,Active,2024-03-19
0042D00195000000,Active,2025-11-19
0042D00233000000,Active,2023-02-24
0042G00074000000,Active,2020-09-09
0042G00274000000,Active,2023-08-22
0042G00274000000,Active,2024-03-26
0042G00275000000,Active,2020-08-27
0042G00275000000,Active,2023-01-24
0042G00348000000,Active,2020-06-08
0042H00024000000,Active,2026-08-25
0042H00043000000,Active,2022-08-02
0042H00043000000,Active,2024-06-27
0042H00050000000,Active,2021-11-04
0042H00050000000,Active,2022-10-10
0042H00065000000,Active,2022-10-19
0042H00090000000,Active,2024-10-23
0042H00093000000,Active,2024-06-21
0042H00138000000,Active,2020-09-04
0042H00143000000,Active,2020-09-04
0042H00143000000,Active,2024-07-02
0042H00214000000,Active,2020-09-09
0042H00216000000,Active,2026-09-04
0042H00264000000,Active,2020-09-04
0042H00293000000,Active,2020-08-25
0042J00116000000,Active,2022-10-12
0042J00191000000,Active,2020-12-03
0042J00201000000,Active,2020-09-09
0042J00201000000,Active,2020-10-20
0042J00201000000,Active,2020-11-04
0042J00205000000,Active,2021-02-09
0042J00205000000,Active,2022-10-10
0042J00320000000,Active,2025-01-06
0042J00328000000,Active,2021-02-16
0042K00010000000,Active,2020-08-28
0042K00015000000,Active,2020-08-28
0042K00015000000,Active,2024-09-20
0042L00041000000,Active,2024-01-16
0042L00077000000,Active,2020-08-24
0042L00303000000,Active,2024-04-29
0042M00016000000,Active,2020-10-20
0042M00016000000,Active,2023-08-22
0042M00055000000,Active,2021-01-08
0042M00056000000,Active,2021-04-09
0042M00081000000,Active,2021-04-14
0042M00109000000,Active,2021-01-29
0042M00170000000,Active,2022-11-10
0042M00170000000,Active,2026-04-17
0042M00229000000,Active,2021-04-29
0042M00301000000,Active,2025-07-14
0042M00333000000,Active,2020-09-09
0042N00023000000,Active,2026-04-20
0042N00055000000,Active,2020-08-28
0042N00056000000,Active,2020-09-02
0042N00096000000,Active,2023-01-23
0042N00112000000,Active,2020-08-27
0042N00153000000,Active,2020-09-30
0042N00153000000,Active,2020-12-01
0042N00154000000,Active,2020-09-01
0042N00166000000,Active,2022-10-19
0042N00177000000,Active,2020-09-10
0042N00177000000,Active,2022-06-10
0042N00262000000,Active,2020-09-21
0042N00266000000,Active,2021-05-04
0042N00308000000,Active,2026-02-09
0042N00313000000,Active,2024-01-16
0042N00316000000,Active,2022-08-12
0042N00338000000,Active,2020-08-27
0042P00007000000,Active,2020-08-28
0042P00025000000,Active,2024-12-23
0042P00055000000,Active,2020-09-09
0042P00055000000,Active,2025-02-28
0042P00059000000,Active,2020-09-10
0042P00192000000,Active,2020-08-27
0042P00199000000,Active,2024-08-20
0042P00308000000,Active,2025-07-25
0042R00135000000,Active,2025-07-22
0042R00230000000,Active,2020-08-27
0042R00230000000,Active,2022-09-07
0042R00269000000,Active,2026-02-27
0042S00016000000,Active,2020-08-21
0042S00091000000,Active,2024-03-01
0042S00122000000,Active,2020-08-21
0042S00122000000,Active,2023-02-24
0042S00234000000,Active,2020-09-10
0042S00243000000,Active,2020-09-01
0042S00243000000,Active,2020-12-09
0042S00313000000,Active,2020-08-31
0042S00313000000,Active,2023-07-12
0042S00319000000,Active,2021-04-13
0042S00319000000,Active,2022-12-07
0042S00331000000,Active,2020-09-04
0043R00145000000,Active,2020-08-11
0043R00145000000,Active,2023-10-12
0043S00018000000,Active,2022-07-27
0044C00264000000,Active,2020-07-20
0044D00006000000,Active,2021-03-19
0044D00006000000,Active,2021-03-19
0044D00006000000,Active,2021-04-27
0044D00006000000,Active,2022-08-17
0044D00026000000,Active,2026-04-02
0044D00031000000,Active,2024-03-18
0044D00031000000,Active,2024-09-24
0044D00055000000,Active,2020-08-31
0044D00060000000,Active,2020-08-31
0044D00060000000,Active,2022-04-01
0044D00062000000,Active,2023-01-03
0044D00064000000,Active,2023-01-11
0044D00132000000,Active,2025-03-04
0044D00151000000,Active,2022-11-28
0044D00153000000,Active,2022-11-28
0044D00174000000,Active,2026-04-17
0044D00201000000,Active,2026-08-04
0044D00225000000,Active,2026-04-17
0044D00230000000,Active,2022-09-09
0044D00230000000,Active,2026-08-05
0044D00230000000,Active,2026-08-10
0044D00231000000,Active,2022-09-09
0044D00231000000,Active,2026-08-05
0044D00231000000,Active,2026-08-10
0044D00231000000,Active,2026-08-10
0044D00260000000,Active,2026-09-15
0044H00087000000,Active,2026-04-22
0044H00102000000,Active,2026-07-29
0044H00110000000,Active,2022-12-12
0044H00145000000,Active,2020-09-08
0044H00158000000,Active,2026-08-10
0044H00233000000,Active,2023-01-18
0044H00233000000,Active,2026-08-05
0044H00245000000,Active,2026-04-17
0044H00245000000,Active,2026-04-17
0044H00256000000,Active,2022-09-16
0044H00257000000,Active,2025-04-02
0044H00257000000,Active,2025-04-02
0044H00261000000,Active,2026-08-05
0044H00269000000,Active,2024-04-30
0044H00269000000,Active,2026-09-10
0044H00273000000,Active,2023-09-20
0044H00273000000,Active,2026-08-05
0044H00278000000,Active,2026-02-23
0044H00278000000,Active,2026-04-13
0045A00076000000,Active,2025-05-12
0045A00135000000,Active,2021-07-01
0045A00135000000,Active,2023-02-23
0045A00135000000,Active,2026-03-17
0045A00189000000,Active,2026-06-10
0045A00200000000,Active,2020-10-09
0045A00208000000,Active,2020-09-09
0045A00208000000,Active,2025-03-25
0045A00267000000,Active,2025-03-03
0045A00283000000,Active,2026-07-23
0045A00302000000,Active,2021-03-19
0045A00313000000,Active,2020-07-09
0045A00385000000,Active,2021-04-08
0045A00385000000,Active,2023-09-06
0045A00386000000,Active,2024-08-26
0045A00390000000,Active,2020-09-17
0045A00390000000,Active,2023-05-26
0045A00390000000,Active,2026-04-17
0045B00028000000,Active,2026-08-25
0045B00034000000,Active,2022-09-26
0045B00036000000,Active,2020-08-11
0045B00036000000,Active,2022-08-31
0045B00037000000,Active,2025-07-22
0045B00056000000,Active,2020-08-11
0045B00056000000,Active,2022-08-31
0045B00056000000,Active,2024-04-10
0045B00175000000,Active,2023-01-30
0045B00189000000,Active,2022-10-31
0045B00227000000,Active,2022-08-17
0045B00227000000,Active,2023-10-09
0045E00006000000,Active,2023-03-29
0045E00051000000,Active,2026-08-05
0045E00142000000,Active,2022-12-23
0045E00145000000,Active,2026-04-17
0045E00287000000,Active,2022-11-28
0045E00302000000,Active,2022-10-10
0045E00302000000,Active,2026-02-17
0045E00331000000,Active,2020-09-10
0045E00331000000,Active,2026-05-26
0045E00351000000,Active,2023-01-30
0045E00351000000,Active,2023-07-28
0045E00352000000,Active,2023-02-03
0045F00028000000,Active,2025-04-30
0045F00167000000,Active,2026-07-29
0045H00130000000,Active,2026-04-06
0045K00074000000,Active,2020-11-13
0045K00074000000,Active,2023-05-09
0045K00206000000,Active,2020-09-24
0045M00024000000,Active,2024-11-25
0045M00114000000,Active,2023-12-07
0045M00132000000,Active,2024-06-27
0045M00337000000,Active,2020-07-16
0045M00403000000,Active,2025-01-29
0045M00403000000,Active,2026-02-23
0045N00010000000,Active,2026-04-17
0045N00011000000,Active,2020-11-13
0045N00012000000,Active,2026-04-17
0045N00014000000,Active,2024-06-21
0045N00014000000,Active,2025-02-28
0045N00042000000,Active,2020-09-04
0045N00042000000,Active,2026-04-17
0045N00065000000,Active,2026-05-21
0045N00069000000,Active,2026-05-21
0045N00070000000,Active,2026-05-21
0045N00144000A00,Active,2023-11-06
0045N00179000000,Active,2026-04-02
0045N00181000000,Active,2020-09-01
0045N00181000000,Active,2024-03-01
0045N00221000000,Active,2026-03-24
0045N00221000000,Active,2026-04-02
0045N00224000000,Active,2023-03-13
0045N00224000000,Active,2023-03-13
0045N00229000000,Active,2024-04-11
0045N00231000000,Active,2020-08-27
0045N00231000000,Active,2024-10-28
0045N00231000A00,Active,2023-09-22
0045N00231000A00,Active,2024-03-27
0045N00285000000,Active,2023-03-15
0045N00285000000,Active,2024-10-28
0045N00311000A00,Active,2023-06-14
0045N00311000A00,Active,2026-08-04
0045N00318000000,Active,2024-02-14
0045N00318000000,Active,2025-03-11
0045N00320000000,Active,2023-08-11
0045N00320000000,Active,2025-08-01
0045N00326000000,Active,2022-09-16
0045P00017000000,Active,2022-08-31
0045P00026000000,Active,2026-08-31
0045P00091000000,Active,2020-07-21
0045P00091000000,Active,2024-04-11
0045P00098000000,Active,2021-01-29
0045S00102000000,Active,2025-08-01
0045S00104000000,Active,2025-03-28
0045S00104000000,Active,2025-06-02
0045S00130000000,Active,2022-06-27
0045S00130000000,Active,2025-02-17
0045S00134000000,Active,2023-07-17
0045S00180000000,Active,2020-09-04
0045S00180000A00,Active,2025-07-16
0046A00003000000,Active,2024-11-25
0046A00005000000,Active,2024-07-17
0046A00012000000,Active,2026-05-21
0046A00019000000,Active,2020-09-03
0046A00044000000,Active,2020-09-03
0046A00044000000,Active,2024-03-18
0046A00069000000,Active,2026-05-22
0046A00123000000,Active,2025-09-03
0046A00132000000,Active,2020-09-08
0046A00184000000,Active,2023-06-13
0046A00184000000,Active,2024-02-21
0046A00185000000,Active,2023-06-13
0046A00185000000,Active,2023-08-02
0046A00186000000,Active,2023-06-13
0046A00186000000,Active,2023-08-02
0046A00225000000,Active,2022-12-23
0046A00225000000,Active,2023-04-11
0046B00056000000,Active,2026-07-29
0046B00090000000,Active,2022-12-23
0046B00090000000,Active,2026-08-31
0046B00092000000,Active,2020-09-08
0046B00098000000,Active,2024-07-09
0046B00118000000,Active,2026-03-05
0046B00129000000,Active,2023-09-20
0046B00243000000,Active,2022-06-06
0046B00256000000,Active,2021-05-26
0046B00256000000,Active,2022-03-17
0046C00220000000,Active,2026-06-22
0046C00247000000,Active,2023-08-16
0046C00304000000,Active,2020-09-03
0046C00304000000,Active,2026-04-22
0046C00315000000,Active,2023-08-08
0046C00341000000,Active,2020-08-14
0046E00070000000,Active,2022-10-31
0046E00211000000,Active,2023-11-06
0046E00230000000,Active,2020-09-04
0046F00031000000,Active,2026-02-23
0046F00033000000,Active,2020-09-02
0046F00034000000,Active,2026-02-23
0046F00041000000,Active,2022-11-02
0046F00093000000,Active,2026-07-07
0046F00130000000,Active,2023-08-24
0046F00176000000,Active,2020-07-16
0046F00176000000,Active,2022-12-19
0046F00194000000,Active,2025-06-18
0046F00325000000,Active,2022-12-23
0046G00029000000,Active,2024-04-04
0046G00031000000,Active,2024-08-23
0046G00032000000,Active,2024-08-26
0046G00035000000,Active,2024-03-19
0046G00035000000,Active,2024-08-26
0046G00041000000,Active,2026-08-17
0046G00079000000,Active,2026-07-15
0046G00082000000,Active,2020-09-08
0046G00141000000,Active,2023-08-22
0046G00142000000,Active,2023-08-22
0046G00143000000,Active,2023-08-22
0046G00202000000,Active,2020-09-10
0046G00202000000,Active,2023-08-11
0046G00207000000,Active,2020-08-26
0046G00238000000,Active,2025-05-28
0046G00255000000,Active,2021-10-14
0046G00255000000,Active,2025-11-14
0046G00256000000,Active,2023-03-13
0046G00256000000,Active,2023-03-13
0046G00325000000,Active,2021-01-11
0046G00325000000,Active,2023-08-11
0046J00009000000,Active,2023-01-17
0046J00014000000,Active,2025-08-05
0046J00015000000,Active,2025-06-30
0046J00043000000,Active,2023-01-17
0046J00193000000,Active,2020-08-26
0046J00238000000,Active,2026-04-22
0046J00238000000,Active,2026-05-14
0046J00244000000,Active,2020-07-16
0046J00269000000,Active,2024-09-16
0046J00273000000,Active,2020-07-16
0046J00280000000,Active,2022-09-08
0046J00280000000,Active,2024-03-21
0046J00292000000,Active,2021-06-25
0046J00295000000,Active,2026-08-17
0046J00303000000,Active,2026-08-17
0046J00308000000,Active,2023-01-18
0046J00318000000,Active,2026-05-21
0046K00023000000,Active,2020-07-16
0046K00023000000,Active,2024-03-18
0046K00058000000,Active,2023-02-20
0046K00058000000,Active,2023-12-11
0046K00091000000,Active,2020-09-08
0046K00111000000,Active,2025-07-23
0046K00111000000,Active,2026-01-20
0046K00112000000,Active,2026-06-01
0046K00130000000,Active,2020-09-08
0046K00141000001,Active,2020-08-28
0046K00141000001,Active,2024-04-10
0046K00159000000,Active,2024-09-30
0046K00161000000,Active,2020-08-28
0046K00329000000,Active,2020-09-03
0046L00066000000,Active,2026-03-23
0046L00066000000,Active,2026-04-06
0046L00219000000,Active,2022-03-30
0046N00063000000,Active,2025-07-16
0046N00065000000,Active,2023-10-11
0046N00138000000,Active,2025-05-05
0046N00150000000,Active,2025-05-22
0046N00152000000,Active,2025-07-16
0046N00152000000,Active,2026-01-28
0046N00197000000,Active,2022-06-08
0046N00202000000,Active,2020-09-21
0046N00233000000,Active,2022-06-08
0046N00243000000,Active,2020-09-10
0046N00257000000,Active,2022-08-29
0046N00286000000,Active,2020-08-27
0046N00312000000,Active,2023-07-17
0046N00363000000,Active,2026-09-01
0046N00364000000,Active,2020-09-09
0046P00026000000,Active,2026-08-05
0046P00057000000,Active,2022-07-07
0046P00109000000,Active,2023-05-26
0046P00109000000,Active,2026-03-05
0046P00114000000,Active,2026-05-27
0046P00117000000,Active,2026-05-27
0046P00117000000,Active,2026-06-18
0046P00165000000,Active,2020-09-21
0046P00165000000,Active,2022-07-27
0046P00166000000,Active,2021-01-29
0046P00186000000,Active,2021-01-29
0046P00203000000,Active,2025-07-30
0046P00203000000,Active,2025-07-30
0046P00213000000,Active,2025-10-20
0046P00276000000,Active,2025-11-25
0046P00323000000,Active,2022-07-20
0046P00387000000,Active,2025-08-26
0046R00022000000,Active,2020-08-11
0046R00059000000,Active,2020-09-04
0046R00064000000,Active,2024-09-25
0046R00123000000,Active,2020-09-04
0046R00196000000,Active,2026-07-29
0046S00153000000,Active,2020-09-09
0046S00156000000,Active,2020-09-09
0046S00208000000,Active,2020-09-08
0046S00208000000,Active,2024-04-11
0046S00223000000,Active,2020-09-09
0046S00223000000,Active,2025-10-28
0046S00266000000,Active,2025-10-03
0046S00266000000,Active,2026-05-05
0046S00348000000,Active,2026-07-29
0046S00359000000,Active,2026-07-29
0047A00072000000,Active,2022-12-21
0047A00186000000,Active,2020-11-13
0047A00186000000,Active,2026-07-29
0047A00191000000,Active,2025-09-18
0047A00191000000,Active,2026-04-17
0047A00296000000,Active,2026-09-17
0047C00003000000,Active,2026-07-07
0047C00055000000,Active,2026-03-27
0047C00236000000,Active,2020-09-09
0047C00244000000,Active,2020-07-07
0047E00005000000,Active,2020-05-22
0047E00014000000,Active,2026-08-11
0047E00019000000,Active,2026-08-11
0047E00052000000,Active,2025-07-22
0047E00055000000,Active,2020-09-04
0047E00058000000,Active,2026-07-29
0047E00114000000,Active,2026-08-18
0047E00180000000,Active,2023-09-01
0047E00182000000,Active,2023-03-30
0047E00196000000,Active,2020-09-03
0047E00196000000,Active,2026-02-23
0047E00203000000,Active,2026-07-29
0047E00331000000,Active,2025-03-25
0047F00068000000,Active,2020-08-21
0047F00163000000,Active,2026-08-17
0047G00084000000,Active,2021-07-28
0047H00048000000,Active,2026-07-24
0047H00106000000,Active,2023-09-07
0047J00163000000,Active,2026-07-15
0047J00181000000,Active,2026-01-29
0047J00269000000,Active,2026-04-17
0047J00353000000,Active,2024-02-20
0047K00061000000,Active,2020-10-14
0047K00061000000,Active,2023-08-23
0047K00062000000,Active,2020-10-14
0047K00062000000,Active,2023-08-23
0047K00071000000,Active,2020-09-10
0047K00107000000,Active,2026-07-07
0047K00112000000,Active,2020-09-10
0047K00172000000,Active,2022-05-11
0047L00153000000,Active,2020-07-23
0047L00153000000,Active,2022-04-01
0047L00165000000,Active,2020-09-10
0047L00165000000,Active,2024-08-05
0047N00083000000,Active,2026-09-14
0047N00123000000,Active,2021-10-25
0047N00123000000,Active,2023-12-06
0047N00142000000,Active,2020-09-09
0047N00177000000,Active,2026-01-28
0047N00230000000,Active,2022-12-12
0047N00232000000,Active,2026-03-05
0047N00260000000,Active,2024-10-15
0047N00303000000,Active,2020-09-09
0047N00303000000,Active,2023-12-04
0047R00036000000,Active,2020-09-02
0047R00054000000,Active,2021-05-24
0047R00069000000,Active,2020-09-02
0047R00069000000,Active,2026-01-12
0047R00099000000,Active,2020-09-01
0047S00179000000,Active,2022-11-08
0047S00186000000,Active,2024-10-30
0047S00210000000,Active,2025-10-23
0047S00310000000,Active,2020-08-27
0048A00198000000,Active,2020-07-15
0048A00286000000,Active,2020-07-21
0048B00120000000,Active,2025-11-06
0048E00225000000,Active,2022-11-08
0048E00262000000,Active,2020-07-21
0048E00342000000,Active,2022-07-12
0048F00037000000,Active,2020-07-21
0048F00071000000,Active,2023-06-26
0048J00293000000,Active,2025-03-10
0048J00293000000,Active,2025-10-28
0049B00018000000,Active,2020-05-20
0049B00019000000,Active,2020-05-20
0049B00020000D00,Active,2020-05-20
0049B00169000000,Active,2020-05-21
0049C00027000000,Active,2021-06-21
0049J00006000000,Active,2021-08-11
0049J00191000B00,Active,2021-10-18
0049J00282000000,Active,2020-10-16
0049M00129000000,Active,2026-04-13
0049M00130000000,Active,2026-04-13
0049M00131000000,Active,2026-04-13
0049M00132000000,Active,2026-04-13
0049M00180000000,Active,2023-09-18
0049M00263000000,Active,2020-10-16
0049M00319000000,Active,2025-03-31
0049N00169000000,Active,2026-04-16
0049N00170000000,Active,2026-04-16
0049P00215000000,Active,2024-02-28
0049R00283000000,Active,2020-05-26
0049S00235000000,Active,2025-12-17
0050B00171000000,Active,2020-06-18
0050B00171000000,Active,2023-06-14
0050B00172000000,Active,2020-06-18
0050B00197000000,Active,2021-05-14
0050B00228000000,Active,2021-06-09
0050C00031000000,Active,2020-06-16
0050C00047000A00,Active,2020-08-14
0050D00039000000,Active,2023-08-17
0050D00043000000,Active,2023-12-07
0050E00014000000,Active,2024-02-21
0050E00021000000,Active,2020-06-15
0050F00044000000,Active,2020-06-05
0050F00101000000,Active,2020-09-09
0050F00130000000,Active,2020-06-15
0050F00141000000,Active,2020-09-09
0050F00156000000,Active,2023-12-22
0050G00236000000,Active,2020-06-17
0050G00243000000,Active,2021-09-16
0050H00059000000,Active,2020-07-15
0050H00118000000,Active,2022-10-04
0050H00148000000,Active,2020-05-27
0050H00290000000,Active,2022-12-02
0050J00017000000,Active,2023-08-24
0050K00035000000,Active,2024-01-05
0050K00084000000,Active,2020-05-29
0050K00091000000,Active,2025-08-28
0050K00094000000,Active,2021-07-02
0050K00302000000,Active,2024-03-22
0050K00321000000,Active,2020-06-25
0050K00332000000,Active,2020-06-10
0050K00333000000,Active,2020-06-10
0050L00025000C00,Active,2021-01-15
0050L00025000D00,Active,2021-01-15
0050L00034000B00,Active,2026-08-13
0050L00034000C00,Active,2020-05-27
0050L00034000C00,Active,2023-07-10
0050L00050000000,Active,2020-06-05
0050L00110000000,Active,2020-05-27
0050L00144000000,Active,2023-05-04
0050L00168000000,Active,2020-06-05
0050L00179000A00,Active,2020-05-29
0050M00016000A00,Active,2020-05-27
0050M00017000A00,Active,2020-05-27
0050M00020000B00,Active,2020-05-27
0050M00025000000,Active,2024-09-20
0050M00025000000,Active,2025-03-31
0050M00050000000,Active,2020-05-28
0050M00078000000,Active,2020-05-28
0050M00159000000,Active,2020-06-05
0050M00163000000,Active,2022-01-31
0050M00199000000,Active,2020-06-15
0050M00207000000,Active,2022-05-12
0050M00213000000,Active,2020-06-17
0050M00264000000,Active,2020-06-05
0050M00273000000,Active,2025-06-18
0050M00304000000,Active,2020-05-28
0050M00305000000,Active,2020-05-28
0050N00135000000,Active,2020-06-25
0050N00135000000,Active,2022-12-08
0050N00220000000,Active,2024-07-22
0050R00206000000,Active,2026-04-15
0051H00139000000,Active,2020-08-21
0051J00229000000,Active,2020-06-23
0051M00296000000,Active,2025-05-05
0052D00082000000,Active,2026-07-20
0054F00139000000,Active,2024-10-28
0054F00176000000,Active,2022-10-21
0054J00078000000,Active,2026-03-05
0054J00079000000,Active,2025-06-16
0054J00083000000,Active,2025-06-16
0054J00282000000,Active,2026-03-27
0054K00242000000,Active,2020-09-02
0054K00242000000,Active,2022-04-22
0054L00105000000,Active,2021-09-20
0054M00051000000,Active,2020-05-20
0054M00051000000,Active,2024-09-26
0054N00061000000,Active,2024-06-12
0054N00079000000,Active,2021-10-11
0054N00211000000,Active,2022-11-10
0054N00211000000,Active,2022-12-12
0054N00211000000,Active,2023-04-20
0054N00314000000,Active,2020-07-17
0054P00082000000,Active,2020-10-20
0054R00256000000,Active,2020-09-01
0054S00170000000,Active,2021-09-15
0055A00229000000,Active,2020-08-24
0055B00201000000,Active,2023-01-23
0055D00105000000,Active,2026-04-02
0055F00043000000,Active,2025-09-22
0055H00297000000,Active,2021-10-11
0055K00224000000,Active,2023-12-28
0055K00278000000,Active,2020-09-08
0055M00020000000,Active,2026-04-08
0055M00118000000,Active,2026-06-10
0055M00122000000,Active,2020-08-24
0055P00008000000,Active,2021-10-11
0055P00027000000,Active,2026-01-20
0055P00027000000,Active,2026-04-08
0055P00044000000,Active,2021-02-03
0055P00170000000,Active,2024-03-06
0055P00192000000,Active,2020-09-10
0055P00192000000,Active,2022-05-09
0055P00192000000,Active,2025-02-28
0055S00050000000,Active,2025-11-05
0055S00051000000,Active,2025-11-05
0055S00053000000,Active,2024-09-13
0055S00053000000,Active,2025-05-12
0055S00056000000,Active,2024-09-13
0055S00058000000,Active,2024-09-13
0056B00012000000,Active,2024-08-20
0056B00017000000,Active,2024-12-19
0056B00213000000,Active,2024-11-21
0056B00345000000,Active,2020-06-01
0056B00354000000,Active,2026-07-14
0056B00354000000,Active,2026-07-16
0056C00039000000,Active,2024-10-18
0056C00085000000,Active,2020-09-11
0056D00177000000,Active,2024-09-13
0056D00177000000,Active,2025-05-23
0056D00178000000,Active,2023-12-06
0056D00178000000,Active,2024-09-17
0056D00179000000,Active,2020-06-25
0056F00141000000,Active,2025-09-25
0056F00147000000,Active,2020-10-25
0056F00154000000,Active,2020-10-25
0056F00173000A00,Active,2020-08-31
0056F00174000000,Active,2020-08-31
0056F00175000000,Active,2020-08-31
0056F00175000000,Active,2020-10-20
0056F00176000000,Active,2020-08-31
0056F00212000000,Active,2026-03-06
0056F00247000000,Active,2020-08-28
0056F00263000000,Active,2024-08-21
0056F00276000000,Active,2022-04-27
0056F00278000000,Active,2022-04-27
0056F00282000000,Active,2020-09-03
0056F00305000000,Active,2021-02-03
0056F00306000000,Active,2021-02-03
0056F00306000000,Active,2023-07-06
0056F00307000000,Active,2023-10-02
0056F00336000000,Active,2020-06-01
0056G00006000000,Active,2025-07-01
0056G00007000000,Active,2020-08-28
0056G00007000000,Active,2024-05-29
0056G00015000000,Active,2024-10-18
0056G00022000000,Active,2025-01-24
0056G00032000000,Active,2025-01-24
0056G00032000000,Active,2025-06-30
0056G00146000000,Active,2024-08-23
0056J00111000000,Active,2020-07-24
0056J00124000000,Active,2025-09-25
0056J00126000000,Active,2020-07-24
0056J00135000000,Active,2025-02-21
0056J00136000000,Active,2025-02-21
0056J00138000000,Active,2022-04-27
0056J00175000C00,Active,2026-07-30
0056J00190000000,Active,2020-09-03
0056K00054000000,Active,2023-10-10
0056K00064000000,Active,2020-06-25
0056K00065000000,Active,2026-04-08
0056K00065000A00,Active,2024-07-30
0056K00066000000,Active,2026-08-13
0056K00067000000,Active,2020-06-25
0056K00213000000,Active,2021-09-07
0056K00213000000,Active,2022-02-22
0056K00319000000,Active,2024-03-15
0056L00038000000,Active,2020-09-09
0056L00071000000,Active,2020-07-29
0056L00143000000,Active,2020-07-24
0056L00244000000,Active,2024-06-18
0056L00245000000,Active,2020-07-29
0056L00245000000,Active,2024-05-30
0056L00252000000,Active,2020-07-29
0056L00252000000,Active,2024-08-21
0056L00280000000,Active,2021-04-21
0056L00280000000,Active,2021-10-11
0056L00281000000,Active,2024-03-08
0056L00281000000,Active,2024-09-11
0056L00286000000,Active,2020-09-09
0056L00287000000,Active,2024-03-08
0056L00293000A00,Active,2020-09-08
0056L00349000000,Active,2023-11-17
0056L00349000000,Active,2026-05-06
0056N00061000000,Active,2025-08-06
0056N00061000A00,Active,2025-08-06
0056N00061000B00,Active,2025-08-06
0056N00062000000,Active,2025-08-06
0056N00073000000,Active,2025-02-21
0056N00114000000,Active,2024-10-22
0056N00115000000,Active,2024-10-22
0056N00142000000,Active,2020-08-12
0056N00149000000,Active,2020-08-12
0056N00149000000,Active,2025-02-28
0056N00165000000,Active,2024-08-23
0056N00167000000,Active,2025-10-27
0056N00199000000,Active,2026-03-03
0056N00200000000,Active,2026-03-03
0056N00201000000,Active,2024-09-27
0056N00201000000,Active,2026-03-03
0056N00202000000,Active,2026-03-03
0056N00218000000,Active,2020-06-24
0056N00218000000,Active,2020-10-25
0056N00221000000,Active,2020-06-24
0056N00222000000,Active,2020-06-24
0056N00226000000,Active,2020-06-24
0056N00243000000,Active,2020-06-01
0056N00246000000,Active,2023-02-09
0056N00249000000,Active,2023-05-08
0056P00013000A00,Active,2024-10-22
0056P00026000000,Active,2022-04-05
0056P00027000000,Active,2022-04-05
0056P00055000000,Active,2022-04-12
0056P00058000000,Active,2024-10-15
0056P00058000000,Active,2025-05-12
0056P00059000000,Active,2024-08-27
0056P00059000000,Active,2024-10-15
0056P00138000000,Active,2020-07-06
0056P00175000000,Active,2023-07-11
0056P00190000000,Active,2024-06-26
0056R00010000000,Active,2026-04-08
0056R00131000000,Active,2023-06-05
0056R00281000000,Active,2024-06-26
0057B00033000000,Active,2022-08-05
0057B00066000000,Active,2024-03-15
0057B00076000000,Active,2022-08-05
0057B00079000000,Active,2024-10-28
0057B00079000000,Active,2025-02-14
0057B00080000000,Active,2024-01-29
0057B00080000000,Active,2024-01-29
0057B00082000000,Active,2023-03-29
0057B00087000000,Active,2024-03-27
0057B00087000000,Active,2024-03-27
0057B00088000000,Active,2023-10-19
0057B00097000000,Active,2024-11-21
0057B00098000000,Active,2024-11-21
0057B00193000000,Active,2024-08-07
0057B00195000000,Active,2023-11-17
0057B00197000000,Active,2025-01-22
0057C00004000000,Active,2024-02-02
0057C00004000000,Active,2024-03-27
0057C00084000000,Active,2020-07-17
0057C00084000000,Active,2024-02-28
0057C00088000000,Active,2023-11-30
0057C00088000000,Active,2024-03-27
0057C00089000000,Active,2024-01-02
0057C00089000000,Active,2024-02-26
0057C00092000000,Active,2021-09-07
0057C00092000000,Active,2024-06-03
0057C00096000000,Active,2023-12-11
0057C00096000000,Active,2025-09-25
0057C00097000000,Active,2024-05-30
0057C00102000000,Active,2025-09-29
0057C00103000000,Active,2022-08-05
0057C00107000000,Active,2024-08-26
0057C00108000000,Active,2024-08-23
0057C00109000000,Active,2024-06-18
0057C00125000000,Active,2024-11-21
0057C00160000000,Active,2025-11-17
0057C00160000A00,Active,2025-11-17
0057C00163000A00,Active,2026-06-11
0057C00222000000,Active,2023-09-28
0057C00224000000,Active,2023-10-10
0057C00333000000,Active,2021-06-28
0057C00333000000,Active,2023-03-29
0057C00334000000,Active,2025-10-23
0057C00335000000,Active,2020-09-09
0057C00335000000,Active,2024-02-21
0057C00343000000,Active,2024-02-16
0057C00352000000,Active,2020-09-09
0057C00360000000,Active,2023-12-28
0057C00371000000,Active,2020-09-09
0057C00372000000,Active,2020-09-09
0057C00374000000,Active,2024-06-26
0057D00029000000,Active,2020-10-25
0057D00029000000,Active,2020-11-04
0057D00050000000,Active,2024-12-02
0057D00055000000,Active,2024-12-02
0057D00055000A00,Active,2024-12-02
0057D00058000000,Active,2025-06-04
0057G00188000000,Active,2024-04-10
0057G00188000000,Active,2025-09-04
0057G00226000000,Active,2024-06-10
0057G00227000000,Active,2024-08-23
0057G00235000000,Active,2024-02-16
0057G00235000000,Active,2024-06-26
0057G00270000000,Active,2024-11-21
0057G00301000000,Active,2020-07-28
0057G00325000000,Active,2025-05-23
0057G00325000000,Active,2025-05-23
0057G00341000000,Active,2025-06-16
0057G00364000000,Active,2024-06-03
0057G00365000000,Active,2024-03-04
0059E00196000000,Active,2026-07-24
0059N00222000000,Active,2020-08-27
0060B00087000000,Active,2023-05-26
0060B00087000000,Active,2023-05-26
0060B00098000000,Active,2023-09-18
0060B00100000000,Active,2026-06-10
0060B00104000000,Active,2020-08-12
0060B00104000000,Active,2020-11-20
0060B00189000000,Active,2022-08-19
0060C00021000000,Active,2020-12-03
0060E00108000000,Active,2020-05-26
0060E00108000000,Active,2023-03-07
0060E00209000000,Active,2022-02-07
0060E00276000000,Active,2020-08-12
0060E00276000000,Active,2020-12-03
0060E00282000000,Active,2026-01-09
0060F00269000000,Active,2023-02-16
0060F00269000000,Active,2023-12-13
0060G00254000000,Active,2025-11-20
0060H00198000000,Active,2026-01-21
0060H00198000000,Active,2026-06-03
0060H00300000000,Active,2020-08-20
0060H00307000000,Active,2025-07-30
0060H00307000000,Active,2026-01-28
0060J00142000000,Active,2026-05-21
0060K00203000000,Active,2020-09-04
0060K00203000000,Active,2024-02-14
0060L00049000000,Active,2020-08-27
0060L00049000000,Active,2023-04-03
0060L00096000000,Active,2025-05-13
0060L00110000000,Active,2025-11-10
0060L00284000000,Active,2020-12-03
0060L00284000000,Active,2026-04-30
0060M00115000000,Active,2025-06-09
0060M00268000000,Active,2021-10-19
0060M00268000000,Active,2023-06-29
0060M00268000000,Active,2026-08-06
0060N00053000000,Active,2025-11-26
0060N00158000000,Active,2023-07-07
0060N00162000000,Active,2020-08-24
0060N00162000000,Active,2023-07-07
0060P00187000000,Active,2024-06-13
0060P00196000000,Active,2025-03-31
0060P00333000000,Active,2020-09-08
0060R00119000000,Active,2025-11-13
0060R00228000000,Active,2024-08-05
0060R00228000000,Active,2026-05-20
0060R00237000000,Active,2020-09-10
0060R00237000000,Active,2025-01-07
0060R00298000000,Active,2023-10-16
0060R00359000000,Active,2021-02-16
0060S00216000000,Active,2020-11-20
0060S00216000000,Active,2025-11-20
0061G00094000000,Active,2026-04-15
0061H00155000000,Active,2026-02-11
0061M00025000000,Active,2024-01-12
0061M00224000000,Active,2026-01-09
0061M00226000000,Active,2026-01-09
0062A00070000000,Active,2021-05-25
0062B00058000000,Active,2020-09-10
0062B00058000000,Active,2025-01-22
0062D00132000000,Active,2020-08-26
0062D00203000000,Active,2020-09-10
0062D00203000000,Active,2020-11-23
0062D00340000000,Active,2020-06-11
0062E00020000000,Active,2023-09-29
0062E00235000000,Active,2020-09-10
0062E00235000000,Active,2021-09-13
0062F00006000000,Active,2020-09-03
0062F00006000000,Active,2022-08-08
0062F00164000000,Active,2025-11-25
0062G00301000000,Active,2020-07-22
0062K00200000000,Active,2020-08-24
0062K00298000000,Active,2020-09-08
0062L00210000000,Active,2020-10-16
0062P00298000100,Active,2025-11-07
0062P00298000200,Active,2025-11-07
0070C00023000000,Active,2020-08-27
0070C00032000000,Active,2024-09-09
0070D00105000000,Active,2020-08-28
0070E00011000000,Active,2021-02-10
0070E00016000000,Active,2021-02-11
0070H00037000000,Active,2020-12-03
0070J00038000000,Active,2026-04-22
0070J00052000000,Active,2026-06-18
0071F00199000000,Active,2025-10-28
0071G00008000000,Active,2020-09-01
0071G00008000000,Active,2023-08-10
0071G00208000000,Active,2021-02-16
0071H00096000000,Active,2020-06-11
0071H00149000000,Active,2026-03-20
0071H00167000000,Active,2020-12-09
0071J00110000000,Active,2020-09-10
0071K00195000000,Active,2021-01-07
0071K00199000000,Active,2024-09-17
0071L00028000000,Active,2020-09-10
0071L00218000000,Active,2026-07-29
0071L00223000000,Active,2026-07-29
0071L00286000000,Active,2026-07-29
0071M00088000000,Active,2020-12-07
0071M00088000000,Active,2024-03-28
0071N00282000000,Active,2021-04-19
0071S00135000000,Active,2023-10-16
0072R00004000000,Active,2024-10-11
0075B00085000000,Active,2025-07-29
0075B00238000000,Active,2021-06-28
0075B00270000000,Active,2023-05-26
0075C00064000000,Active,2026-04-22
0075G00126000000,Active,2020-09-04
0075G00300000000,Active,2022-12-23
0075G00300000000,Active,2024-06-26
0075H00152000000,Active,2025-03-25
0075H00153000000,Active,2022-09-09
0075L00238000000,Active,2026-04-02
0075L00284000000,Active,2020-09-21
0075L00289000000,Active,2020-08-28
0075M00012000000,Active,2023-09-21
0075M00012000000,Active,2026-04-17
0075M00078000000,Active,2022-10-10
0075M00078000000,Active,2026-04-21
0075M00131000000,Active,2026-04-17
0075M00263000000,Active,2020-10-05
0075M00263000000,Active,2026-09-10
0075M00264000A00,Active,2023-03-13
0075M00264000A00,Active,2023-03-13
0075M00264000A00,Active,2026-07-24
0075M00265000000,Active,2022-09-16
0075M00337000000,Active,2022-07-19
0075M00339000000,Active,2022-07-19
0075S00140000000,Active,2024-11-21
0075S00146000000,Active,2020-09-04
0075S00180000000,Active,2020-09-03
0075S00180000000,Active,2023-12-11
0075S00268000000,Active,2024-01-03
0075S00268000000,Active,2024-01-03
0075S00275000000,Active,2022-02-01
0076A00093000000,Active,2024-06-05
0076A00124000000,Active,2025-04-29
0076A00168000000,Active,2025-03-03
0076A00168000000,Active,2025-03-03
0076B00147000000,Active,2023-08-14
0076E00027000000,Active,2020-09-10
0076F00053000000,Active,2024-01-29
0076F00053000000,Active,2026-04-17
0076J00113000000,Active,2020-08-17
0076J00140000000,Active,2020-09-18
0076J00199000000,Active,2023-11-06
0076J00217000000,Active,2020-09-09
0076J00354000000,Active,2026-09-14
0076J00359000000,Active,2025-03-04
0076J00381000000,Active,2022-08-03
0076J00381000000,Active,2026-04-17
0076J00382000000,Active,2022-08-03
0076J00382000000,Active,2022-09-26
0076K00070000000,Active,2026-03-31
0076K00077000000,Active,2025-03-25
0076K00132000000,Active,2022-07-07
0076K00132000000,Active,2023-01-17
0076K00143000000,Active,2022-12-12
0076K00144000000,Active,2022-12-12
0076K00160000000,Active,2020-09-15
0076K00211000000,Active,2024-09-20
0076K00211000000,Active,2024-09-20
0076K00218000000,Active,2022-06-17
0076K00227000000,Active,2026-05-21
0076K00256000000,Active,2020-09-09
0076K00256000000,Active,2023-02-24
0076K00313000000,Active,2020-09-10
0076K00313000000,Active,2022-12-20
0076L00163000000,Active,2020-12-17
0076L00163000000,Active,2025-02-17
0076L00173000000,Active,2024-03-18
0076N00006000000,Active,2026-05-21
0076N00023000000,Active,2023-01-18
0076N00024000A00,Active,2023-07-28
0076N00024000A00,Active,2023-07-28
0076N00197000000,Active,2026-08-05
0076N00198000000,Active,2026-07-29
0076N00200000000,Active,2020-11-12
0076N00269000000,Active,2020-10-05
0076N00269000000,Active,2022-09-21
0076N00269000000,Active,2024-03-18
0076N00283000000,Active,2020-09-10
0076N00283000000,Active,2023-11-06
0076N00291000000,Active,2020-09-10
0076N00291000000,Active,2022-09-26
0076N00300000000,Active,2024-01-12
0076N00316000000,Active,2026-06-10
0076N00371000000,Active,2022-10-21
0076N00377000000,Active,2026-05-21
0076N00384000000,Active,2025-02-28
0076P00042000000,Active,2026-04-17
0076P00076000000,Active,2020-09-09
0076P00076000000,Active,2023-10-02
0076P00076000000,Active,2023-10-05
0076P00079000000,Active,2021-02-04
0076P00079000000,Active,2023-09-06
0076P00103000000,Active,2022-10-03
0076R00006000000,Active,2020-12-22
0076S00032000000,Active,2020-09-02
0076S00032000000,Active,2023-09-20
0077A00118000000,Active,2026-04-17
0077A00118000000,Active,2026-05-14
0077B00212000000,Active,2020-10-12
0077B00212000000,Active,2024-03-18
0077E00086000000,Active,2020-09-08
0077F00198000000,Active,2025-08-27
0077F00198000000,Active,2026-05-21
0077F00284000000,Active,2026-04-17
0077F00284000000,Active,2026-04-17
0077G00167000000,Active,2020-07-27
0077H00200000000,Active,2024-03-21
0077H00200000000,Active,2024-09-20
0077K00145000000,Active,2020-09-04
0077K00145000000,Active,2025-02-28
0077K00265000000,Active,2024-02-15
0077M00001000000,Active,2023-02-06
0077N00041000000,Active,2023-09-18
0077N00082000000,Active,2020-09-02
0077N00095000000,Active,2020-09-02
0077N00095000000,Active,2023-07-28
0077N00095000000,Active,2024-02-21
0077N00102000000,Active,2020-09-02
0077N00102000000,Active,2025-03-25
0077N00103000000,Active,2020-09-02
0077N00104000000,Active,2020-09-02
0077N00105000000,Active,2023-02-17
0077N00106000000,Active,2023-06-14
0077N00227000000,Active,2023-11-06
0077N00286000000,Active,2023-12-14
0077N00321000000,Active,2021-03-02
0077N00329000000,Active,2025-08-01
0077N00341000000,Active,2020-09-08
0077N00342000000,Active,2020-12-29
0077N00343000000,Active,2023-03-17
0077N00350000000,Active,2026-09-14
0077P00005000000,Active,2020-10-07
0077P00006000000,Active,2020-09-02
0077P00048000000,Active,2023-06-02
0077P00050000000,Active,2026-08-10
0077P00052000000,Active,2026-05-21
0077P00082000000,Active,2026-08-31
0077P00171000000,Active,2020-09-09
0077P00171000000,Active,2023-12-11
0077P00190000000,Active,2022-09-08
0077P00190000000,Active,2023-04-11
0077P00210000000,Active,2022-09-09
0077P00213000000,Active,2026-08-10
0077P00257000000,Active,2024-01-05
0077P00313000000,Active,2026-01-20
0077P00314000000,Active,2023-09-29
0077P00316000000,Active,2023-07-24
0077P00322000000,Active,2024-05-22
0077P00322000000,Active,2026-05-22
0077P00326000000,Active,2026-05-22
0077P00334000000,Active,2026-08-31
0077P00346000000,Active,2025-09-08
0077P00348000000,Active,2023-11-06
0077P00357000000,Active,2026-04-17
0077P00357000000,Active,2026-04-17
0077P00357000000,Active,2026-05-14
0077P00372000000,Active,2020-09-02
0077P00374000000,Active,2022-11-14
0077P00377000000,Active,2022-06-23
0077S00123000000,Active,2022-09-06
0077S00135000000,Active,2025-08-13
0078L00217000000,Active,2021-02-22
0078L00217000000,Active,2023-07-14
0080G00022000A00,Active,2020-06-22
0080G00022000A00,Active,2024-04-24
0080G00201000000,Active,2020-06-19
0080H00078000A00,Active,2021-02-17
0080H00166000000,Active,2024-09-27
0080K00265000001,Active,2020-09-08
0080P00098000000,Active,2020-05-19
0080P00098000000,Active,2023-08-10
0080P00260000000,Active,2026-04-23
0081A00034000000,Active,2022-03-25
0081A00041000000,Active,2025-08-20
0081A00131000000,Active,2022-04-22
0081A00132000000,Active,2021-02-17
0081B00070000000,Active,2025-05-07
0081C00067000000,Active,2020-06-18
0081D00069000000,Active,2021-03-29
0081D00202000000,Active,2022-01-21
0081G00150000000,Active,2026-04-16
0082J00078000000,Active,2020-06-02
0082P00283000000,Active,2020-09-03
0082P00298000000,Active,2025-02-14
0082R00061000000,Active,2020-09-25
0083B00378000000,Active,2022-07-06
0083E00007000000,Active,2020-08-28
0083E00072000000,Active,2024-04-10
0083E00098000000,Active,2020-08-28
0083E00215000000,Active,2020-06-18
0083E00261000000,Active,2020-09-01
0083F00004000000,Active,2021-10-14
0083F00118000000,Active,2025-11-05
0083F00178000000,Active,2022-04-12
0083G00028000000,Active,2022-09-16
0083G00130000000,Active,2025-05-01
0083H00092000000,Active,2020-06-26
0083J00025000000,Active,2020-07-16
0083J00301000000,Active,2024-03-07
0083K00048000000,Active,2026-04-13
0083K00060000000,Active,2026-04-13
0083S00243000000,Active,2020-06-22
0083S00293000000,Active,2020-07-31
0083S00302000000,Active,2023-12-04
0084C00308000000,Active,2026-03-06
0084D00054000001,Active,2020-06-22
0084G00127000000,Active,2023-07-25
0084K00050000000,Active,2025-07-14
0084K00144000000,Active,2024-07-11
0084N00167000000,Active,2025-05-23
0084P00029000000,Active,2025-12-24
0085N00006000000,Active,2026-08-06
0086P00106000000,Active,2024-03-14
0086R00085000000,Active,2022-05-05
0087F00117000000,Active,2021-06-25
0087F00325000000,Active,2025-09-09
0087G00210000000,Active,2026-09-04
0088A00218000000,Active,2025-01-16
0088C00035000000,Active,2024-07-25
0088D00062000000,Active,2025-09-24
0088H00045000000,Active,2020-09-02
0088R00012000000,Active,2020-09-09
0088R00012000000,Active,2023-09-27
0090M00141000000,Active,2024-09-17
0090M00169000000,Active,2024-09-17
0090S00120000000,Active,2024-12-19
0090S00186000000,Active,2024-12-19
0091E00023000000,Active,2021-10-11
0091E00023000000,Active,2025-01-24
0091F00096000000,Active,2024-02-16
0091F00096000000,Active,2024-06-05
0091F00160000000,Active,2024-02-16
0091J00032000000,Active,2020-09-04
0091J00032000000,Active,2023-12-11
0091K00170000000,Active,2024-09-04
0091K00171000000,Active,2024-09-04
0091S00182000000,Active,2025-02-21
0094E00288000000,Active,2020-12-03
0094E00289000000,Active,2023-06-27
0094F00050000000,Active,2024-04-03
0094F00120000000,Active,2023-06-30
0094F00120000000,Active,2026-08-05
0094F00155000000,Active,2020-10-13
0094J00002000000,Active,2023-12-13
0094J00184000000,Active,2021-01-27
0094J00184000000,Active,2024-03-04
0094K00182000000,Active,2024-04-02
0094K00182000000,Active,2024-04-03
0094N00037000000,Active,2020-12-03
0094N00072000000,Active,2020-07-08
0094N00129000000,Active,2023-12-13
0095A00260000000,Active,2026-04-06
0095A00264000000,Active,2025-10-20
0095B00038000000,Active,2026-01-21
0095C00027000000,Active,2020-06-15
0095C00027000000,Active,2025-02-28
0095D00099000000,Active,2024-04-18
0095D00180000000,Active,2024-06-24
0095D00352000100,Active,2020-06-16
0095F00007000000,Active,2024-02-05
0095H00096000000,Active,2023-11-07
0095H00197000000,Active,2020-09-01
0095H00197000000,Active,2022-02-21
0095H00205000000,Active,2025-06-23
0095H00205000000,Active,2025-10-28
0095H00298000000,Active,2026-04-09
0095K00233000000,Active,2022-10-26
0095L00119000000,Active,2026-02-02
0095L00300000000,Active,2026-01-28
0095M00032000000,Active,2024-06-27
0095M00080000000,Active,2026-04-22
0095M00080000000,Active,2026-09-16
0095N00019000000,Active,2020-08-31
0095N00097000000,Active,2025-06-17
0095N00128000000,Active,2022-09-07
0095P00075000000,Active,2026-02-11
0095P00076000000,Active,2024-01-22
0095R00370000000,Active,2020-08-20
0095R00370000000,Active,2024-01-12
0096D00131000000,Active,2025-07-16
0096F00010000000,Active,2024-03-22
0096J00210000000,Active,2020-07-21
0097D00285000000,Active,2020-09-09
0097D00285000000,Active,2025-01-31
0097D00291000000,Active,2021-09-13
0097M00222000000,Active,2026-06-15
0097S00008000000,Active,2026-05-27
0107M00039000000,Active,2020-09-04
0107M00039000000,Active,2022-04-08
0107M00040000000,Active,2020-09-04
0107M00040000000,Active,2022-04-08
0114G00054000000,Active,2023-02-14
0114G00098000000,Active,2023-05-31
0114G00098000000,Active,2026-03-02
0114H00292000000,Active,2022-08-31
0114H00292000000,Active,2023-10-10
0114K00136000000,Active,2025-04-08
0114M00145000A00,Active,2024-03-01
0114M00145000A00,Active,2024-03-01
0114P00078000000,Active,2026-04-17
0114S00152000000,Active,2025-11-10
0114S00184000000,Active,2022-09-16
0115B00272000000,Active,2025-04-08
0115B00272000000,Active,2026-05-14
0115C00084000000,Active,2023-11-06
0115C00087000000,Active,2024-02-09
0115D00093000002,Active,2020-09-08
0115D00250000000,Active,2025-05-12
0115D00251000000,Active,2024-01-31
0115E00070000000,Active,2020-08-11
0115E00070000000,Active,2022-09-28
0115H00045000000,Active,2026-09-18
0115H00051000000,Active,2020-09-08
0115H00095000000,Active,2023-02-22
0115H00095000000,Active,2023-02-22
0115H00095000000,Active,2026-06-22
0115H00187000000,Active,2026-03-02
0115H00187000000,Active,2026-03-02
0115P00128000000,Active,2022-09-16
0116E00129000000,Active,2024-01-31
0116E00222000000,Active,2023-02-14
0116E00222000000,Active,2023-09-22
0116F00316000000,Active,2025-01-22
0116J00086000000,Active,2025-05-23
0116J00091000000,Active,2020-08-31
0116J00091000000,Active,2026-04-17
0116J00233000000,Active,2024-02-09
0116J00233000000,Active,2024-05-29
0116J00277000000,Active,2022-09-21
0116K00316000000,Active,2020-08-31
0116K00316000000,Active,2024-11-21
0116L00166000000,Active,2023-10-09
0116L00166000000,Active,2024-03-21
0116N00023000000,Active,2020-09-09
0116N00079000000,Active,2020-08-03
0116P00181000000,Active,2023-05-26
0116P00181000000,Active,2023-05-26
0116P00242000000,Active,2020-06-04
0116P00242000000,Active,2023-08-11
0120K00200000000,Active,2020-06-25
0120P00017000000,Active,2020-06-19
0120P00017000000,Active,2023-06-27
0120P00088000000,Active,2026-07-08
0120P00137000000,Active,2024-05-14
0120P00152000000,Active,2020-05-19
0120P00353000000,Active,2025-12-04
0120S00262000000,Active,2025-08-01
0121B00032000000,Active,2026-07-29
0121E00043000000,Active,2020-06-02
0121F00146000000,Active,2020-06-02
0121G00088000000,Active,2021-09-16
0121G00109000000,Active,2020-05-22
0121K00041000000,Active,2024-09-12
0121K00313000000,Active,2024-01-09
0121N00153000000,Active,2025-11-12
0124C00036000000,Active,2026-04-17
0124D00175000000,Active,2021-09-16
0124F00081000000,Active,2022-04-22
0124G00046000000,Active,2020-12-28
0124G00059000000,Active,2020-12-28
0124G00104000100,Active,2022-05-05
0124G00107000000,Active,2024-06-12
0124G00136000000,Active,2020-08-27
0124G00188000000,Active,2022-08-30
0124G00223000000,Active,2020-09-08
0124G00223000000,Active,2024-04-10
0124G00257000000,Active,2020-07-15
0124G00280000000,Active,2026-05-21
0124G00340000000,Active,2024-01-11
0124H00019000000,Active,2020-06-26
0124H00019000000,Active,2024-04-10
0124H00048000000,Active,2026-07-29
0124H00062000000,Active,2020-11-17
0124H00129000000,Active,2020-09-08
0124H00135000000,Active,2023-07-14
0124H00193000000,Active,2026-04-09
0124H00214000000,Active,2026-05-22
0124H00234000000,Active,2020-09-08
0124H00246000000,Active,2020-08-14
0124H00246000000,Active,2024-04-10
0124J00049000000,Active,2024-01-22
0124J00109000000,Active,2020-07-06
0124J00109000000,Active,2026-01-20
0124J00190000000,Active,2020-09-09
0124K00138000000,Active,2025-04-08
0124K00138000000,Active,2025-04-08
0124K00184000000,Active,2020-06-02
0124K00193000000,Active,2020-06-02
0124K00249000000,Active,2024-04-29
0124K00253000000,Active,2020-09-08
0124K00254000000,Active,2020-09-08
0124K00263000000,Active,2024-06-10
0124K00278000000,Active,2025-10-17
0124L00038000000,Active,2024-07-08
0124L00107000000,Active,2026-08-27
0124L00125000000,Active,2026-01-14
0124L00133000000,Active,2026-04-22
0124L00146000000,Active,2023-03-17
0124L00214000000,Active,2022-09-15
0124L00214000000,Active,2024-01-16
0124L00217000000,Active,2025-03-07
0124L00233000000,Active,2026-06-26
0124L00263000000,Active,2020-09-09
0124L00264000000,Active,2020-09-09
0124L00270000000,Active,2026-09-16
0124L00287000A00,Active,2026-03-02
0124M00002000000,Active,2020-10-14
0124M00017000000,Active,2025-04-10
0124M00017000000,Active,2026-04-22
0124M00018000000,Active,2024-01-08
0124M00036000000,Active,2024-10-28
0124M00038000000,Active,2024-10-28
0124M00041000000,Active,2020-11-17
0124M00042000000,Active,2024-10-28
0124M00044000000,Active,2020-11-17
0124M00045000000,Active,2020-11-17
0124M00047000000,Active,2020-11-17
0124M00053000A00,Active,2020-12-29
0124M00053000A00,Active,2023-06-07
0124M00188000000,Active,2026-04-17
0124M00192000000,Active,2026-01-14
0124M00195000000,Active,2020-07-15
0124M00195000000,Active,2020-10-19
0124M00292000000,Active,2020-07-30
0124M00316000000,Active,2023-07-28
0124M00317000000,Active,2020-09-01
0124M00317000000,Active,2026-03-12
0124M00351000100,Active,2020-11-12
0124M00351000100,Active,2020-11-12
0124M00352000000,Active,2025-03-19
0124M00357000000,Active,2026-04-22
0124M00392000000,Active,2020-10-14
0124M00406000000,Active,2021-12-16
0124N00006000000,Active,2021-11-08
0124N00016000000,Active,2020-07-31
0124N00026000000,Active,2024-11-07
0124N00035000000,Active,2022-02-22
0124N00085000000,Active,2020-09-04
0124N00342000000,Active,2025-03-10
0124N00392000000,Active,2024-10-03
0124P00011000B00,Active,2021-08-12
0124P00079000A00,Active,2020-09-04
0124P00100000000,Active,2024-02-08
0124P00100000000,Active,2024-02-08
0124P00219000000,Active,2024-10-03
0124P00231000000,Active,2020-09-03
0124P00266000000,Active,2020-11-17
0124P00271000000,Active,2020-06-22
0124P00271000000,Active,2025-10-02
0124P00277000000,Active,2025-08-19
0124P00277000000,Active,2026-04-14
0124P00284000000,Active,2023-06-28
0124P00319000000,Active,2025-10-10
0124P00336000000,Active,2020-09-09
0124R00027000000,Active,2024-03-01
0124R00089000000,Active,2020-09-09
0124R00089000000,Active,2023-12-28
0124R00300000000,Active,2026-07-29
0124R00359000000,Active,2026-02-25
0124S00044000000,Active,2023-12-21
0124S00044000000,Active,2024-06-03
0124S00076000000,Active,2023-12-21
0124S00076000000,Active,2024-06-03
0124S00089000000,Active,2020-09-09
0124S00089000000,Active,2024-01-16
0124S00090000000,Active,2024-09-11
0124S00094000000,Active,2024-08-12
0124S00114000000,Active,2020-10-13
0124S00117000000,Active,2024-06-05
0124S00127000000,Active,2025-06-05
0124S00129000000,Active,2026-09-16
0124S00141000000,Active,2020-09-03
0124S00141000000,Active,2026-03-20
0124S00143000000,Active,2024-02-09
0124S00188000000,Active,2020-09-03
0124S00188000000,Active,2026-03-19
0124S00197000000,Active,2020-09-08
0124S00232000000,Active,2020-09-04
0124S00357000000,Active,2020-09-03
0125A00147000000,Active,2026-05-21
0125A00162000000,Active,2020-08-28
0125A00207000000,Active,2024-02-15
0125A00209000000,Active,2022-04-21
0125A00375000000,Active,2020-07-31
0125B00028000000,Active,2025-09-08
0125B00028000000,Active,2026-04-17
0125B00073000000,Active,2026-07-22
0125B00076000000,Active,2026-07-22
0125B00327000000,Active,2022-07-28
0125B00331000000,Active,2022-07-07
0125B00336000000,Active,2022-07-07
0125C00014000000,Active,2020-09-03
0125C00046000000,Active,2020-09-03
0125C00069000000,Active,2020-09-03
0125C00110000000,Active,2020-09-09
0125C00227000000,Active,2020-10-14
0125D00010000000,Active,2020-08-25
0125D00044000000,Active,2026-03-06
0125D00065000000,Active,2025-04-08
0125D00066000000,Active,2021-10-08
0125D00116000000,Active,2024-09-20
0125D00362000000,Active,2020-07-30
0125F00311000000,Active,2021-09-17
0125G00217000000,Active,2023-07-27
0125H00151000000,Active,2026-08-19
0125H00166000000,Active,2021-02-12
0125H00197000000,Active,2023-12-13
0125H00197000000,Active,2026-03-02
0125H00241000000,Active,2020-08-28
0125H00254000000,Active,2026-04-07
0125H00258000000,Active,2020-08-28
0125H00258000000,Active,2024-02-28
0125H00334000000,Active,2022-03-30
0125H00335000000,Active,2020-08-21
0125H00337000000,Active,2024-09-27
0125H00338000000,Active,2025-04-04
0125K00094000000,Active,2023-01-23
0125K00151000000,Active,2026-03-23
0125L00021000000,Active,2026-08-05
0125L00035000000,Active,2022-01-11
0125L00204000000,Active,2020-09-01
0125M00177000000,Active,2025-06-16
0125M00180000000,Active,2020-09-02
0125M00312000000,Active,2026-07-29
0125M00313000000,Active,2026-07-29
0125M00314000000,Active,2025-06-04
0125M00322000000,Active,2020-10-20
0125M00322000000,Active,2024-03-01
0125P00087000000,Active,2023-12-06
0125S00034000000,Active,2024-06-18
0125S00034000000,Active,2025-02-28
0127K00105000000,Active,2024-09-23
0128N00202000000,Active,2020-10-05
0129J00048000000,Active,2021-07-08
0134A00062000000,Active,2020-09-10
0134A00062000000,Active,2024-02-28
0134A00067000000,Active,2023-11-17
0134A00067000000,Active,2024-08-23
0134A00113000000,Active,2021-01-12
0134E00014000000,Active,2023-05-30
0134K00275000000,Active,2021-02-12
0135H00132000000,Active,2024-08-23
0135H00132000000,Active,2025-02-28
0135H00197000000,Active,2024-12-02
0135H00200000000,Active,2024-06-05
0135H00200000000,Active,2024-06-05
0135M00045000000,Active,2026-03-27
0137A00286000000,Active,2023-12-04
0137A00378000000,Active,2020-09-09
0137A00378000000,Active,2023-04-13
0137E00155000000,Active,2024-01-02
0137E00155000000,Active,2024-12-18
0137E00155000000,Active,2025-03-11
0138A00146000000,Active,2025-04-07
0138A00146000000,Active,2025-04-07
0138A00146000000,Active,2025-04-15
0138B00051000000,Active,2026-07-24
0138B00085000000,Active,2026-05-08
0138B00106000000,Active,2024-10-24
0138E00093000000,Active,2020-09-03
0138E00093000000,Active,2026-02-09
0138F00097000000,Active,2020-07-21
0138F00220000000,Active,2026-06-18
0138H00073000000,Active,2025-10-13
0138J00038000000,Active,2025-10-27
0139D00134000000,Active,2026-03-05
0139M00075000000,Active,2020-09-03
0162R00085000000,Active,2023-07-28
0162R00208000000,Active,2024-11-21
0172N00011000000,Active,2023-06-01
0172N00011000000,Active,2023-11-20
0172N00031000000,Active,2025-03-11
0172N00060000000,Active,2020-08-27
0172N00088000000,Active,2020-11-12
0172N00113000000,Active,2020-09-10
0172N00158000000,Active,2026-07-29
0172P00094000000,Active,2026-03-10
0172R00003000000,Active,2025-03-07
0172R00010000000,Active,2026-01-13
0172R00012000000,Active,2021-05-18
0172R00071000000,Active,2022-06-01
0172R00071000000,Active,2025-10-22
0173A00012000000,Active,2026-04-17
0173A00038000000,Active,2025-12-18
0173A00041000000,Active,2020-09-10
0173A00041000000,Active,2024-01-08
0173A00069000000,Active,2024-06-27
0173A00100000000,Active,2024-08-21
0173A00121000000,Active,2020-12-01
0173A00121000000,Active,2023-04-13
0173A00168000000,Active,2026-09-16
0173A00168000000,Active,2026-09-16
0173A00199000000,Active,2026-05-14
0173A00204000000,Active,2020-09-08
0173A00205000000,Active,2020-09-08
0173A00206000000,Active,2020-09-08
0173A00207000000,Active,2020-09-08
0173A00256000000,Active,2026-05-22
0173A00276000000,Active,2026-04-23
0173B00008000000,Active,2020-10-14
0173B00018000000,Active,2026-04-22
0173B00121000000,Active,2020-09-03
0173B00121000000,Active,2022-08-29
0173B00124000000,Active,2023-06-09
0173B00128000000,Active,2020-09-03
0173B00277000000,Active,2024-01-08
0173C00009000000,Active,2020-10-20
0173C00055000000,Active,2025-04-02
0173C00059000000,Active,2020-07-20
0173C00059000000,Active,2023-08-22
0173C00126000000,Active,2023-07-25
0173C00135000000,Active,2023-07-25
0173C00185000000,Active,2020-12-29
0173C00185000000,Active,2023-07-19
0173C00234000000,Active,2020-09-03
0173C00254000000,Active,2022-07-27
0173C00257000000,Active,2020-09-09
0173C00259000000,Active,2020-09-09
0173C00259000000,Active,2024-03-27
0173C00320000000,Active,2022-06-01
0173C00320000000,Active,2024-02-02
0173E00016000000,Active,2024-07-08
0173E00092000000,Active,2024-02-06
0173E00092000000,Active,2025-08-05
0173E00188000000,Active,2022-07-06
0173E00188000000,Active,2024-06-26
0173E00221000000,Active,2024-02-07
0173E00221000000,Active,2024-02-07
0173E00287000000,Active,2020-09-03
0173E00301000000,Active,2025-03-17
0173E00306000000,Active,2026-03-02
0173E00314000000,Active,2020-11-17
0173E00322000000,Active,2024-03-27
0173E00339000000,Active,2026-07-28
0173E00339000000,Active,2026-07-28
0173F00077000000,Active,2025-03-17
0173F00077000000,Active,2026-04-07
0173F00085000000,Active,2026-07-29
0173F00088000000,Active,2023-07-19
0173F00131000000,Active,2024-11-21
0173F00132000000,Active,2020-07-20
0173F00132000000,Active,2023-03-06
0173F00133000000,Active,2020-11-17
0173F00157000000,Active,2020-10-20
0173F00179000000,Active,2020-07-20
0173F00179000000,Active,2024-05-01
0173F00188000000,Active,2026-01-13
0173F00306000000,Active,2024-05-30
0173G00025000000,Active,2020-11-12
0173G00127000000,Active,2020-09-10
0173G00176000000,Active,2020-10-20
0173J00006000000,Active,2020-09-08
0173J00035000000,Active,2020-09-08
0173J00035000000,Active,2026-04-22
0173J00046000000,Active,2023-11-28
0173J00065000000,Active,2023-02-06
0173J00065000000,Active,2023-02-06
0173J00069000000,Active,2025-08-05
0173J00079000000,Active,2026-07-06
0173J00147000000,Active,2020-09-03
0173J00186000000,Active,2020-09-03
0173J00186000000,Active,2023-07-19
0173J00202000000,Active,2022-09-14
0173J00207000000,Active,2022-09-14
0173J00208000000,Active,2022-09-14
0173J00225000000,Active,2026-04-17
0173J00226000000,Active,2025-05-28
0173J00229000000,Active,2021-04-09
0173J00229000000,Active,2022-07-19
0173J00255000000,Active,2020-09-01
0173J00332000000,Active,2026-07-23
0173J00362000000,Active,2021-01-15
0173L00005000000,Active,2020-08-20
0173L00005000000,Active,2024-05-10
0173L00013000000,Active,2020-08-20
0173L00013000000,Active,2022-03-17
0173L00015000000,Active,2026-04-17
0173L00019000000,Active,2024-07-12
0173L00021000000,Active,2026-04-17
0173L00047000000,Active,2020-09-08
0173L00047000000,Active,2024-08-14
0173L00065000000,Active,2020-09-08
0173L00072000000,Active,2020-09-08
0173L00072000000,Active,2024-08-14
0173L00084000000,Active,2020-10-19
0173L00084000000,Active,2023-06-07
0173L00108000000,Active,2020-09-08
0173L00115000000,Active,2020-09-08
0173N00087000000,Active,2020-07-31
0173N00150000000,Active,2023-12-15
0173N00233000000,Active,2025-06-04
0173N00246000000,Active,2024-03-01
0173N00246000A00,Active,2024-03-01
0173N00256000000,Active,2026-04-17
0173N00280000000,Active,2020-07-13
0173N00280000000,Active,2026-08-12
0173N00286000000,Active,2022-04-25
0173N00286000A00,Active,2022-04-25
0173N00288000B00,Active,2021-09-10
0173N00288000B00,Active,2026-05-22
0173N00294000000,Active,2024-03-01
0173N00294000000,Active,2024-03-01
0173N00295000000,Active,2020-09-09
0173N00295000A00,Active,2020-05-21
0173N00295000A00,Active,2024-04-03
0173N00296000000,Active,2020-05-21
0173N00296000000,Active,2024-04-09
0173N00297000000,Active,2024-03-20
0173N00297000000,Active,2026-03-23
0173N00305000000,Active,2024-03-20
0173N00305000000,Active,2024-03-20
0173N00314000000,Active,2021-05-03
0173N00319000000,Active,2020-05-29
0173N00354000000,Active,2020-10-16
0173N00376000000,Active,2020-09-04
0173P00030000000,Active,2024-02-28
0173P00071000000,Active,2026-08-28
0173P00074000000,Active,2020-08-17
0173P00082000000,Active,2026-08-27
0173P00132000000,Active,2025-03-11
0173P00143000000,Active,2020-12-30
0173P00161000000,Active,2020-12-30
0173P00176000000,Active,2024-02-07
0173P00176000000,Active,2024-02-07
0173R00016000000,Active,2026-01-20
0173R00020000000,Active,2023-08-22
0173R00021000000,Active,2023-08-22
0173R00022000000,Active,2024-07-02
0173R00062000000,Active,2020-09-08
0173R00062000000,Active,2026-04-17
0174A00001000000,Active,2026-07-29
0174A00034000000,Active,2024-02-07
0174A00034000000,Active,2024-02-07
0174A00062000000,Active,2020-09-04
0174A00062000000,Active,2024-03-01
0174A00065000000,Active,2024-02-07
0174A00099000000,Active,2026-05-27
0174A00117000000,Active,2020-09-02
0174A00117000000,Active,2026-01-21
0174A00151000000,Active,2022-07-26
0174A00151000000,Active,2023-08-01
0174A00151000000,Active,2026-03-23
0174A00161000000,Active,2024-01-16
0174A00164000000,Active,2026-04-17
0174A00193000000,Active,2025-08-05
0174A00195000000,Active,2020-09-02
0174A00195000000,Active,2023-11-28
0174A00205000000,Active,2020-09-02
0174A00205000000,Active,2024-04-09
0174A00205000000,Active,2026-04-22
0174A00230000000,Active,2026-08-03
0174A00231000000,Active,2026-08-03
0174A00271000000,Active,2026-04-17
0174A00271000000,Active,2026-04-17
0174A00299000000,Active,2021-10-18
0174A00300000000,Active,2020-09-01
0174A00301000000,Active,2021-10-18
0174A00314000000,Active,2021-10-18
0174A00357000000,Active,2024-06-03
0174B00060000000,Active,2026-05-13
0174B00096000000,Active,2026-04-17
0174B00130000000,Active,2023-03-06
0174B00143000000,Active,2024-06-24
0174B00164000000,Active,2024-06-26
0174B00190000A00,Active,2025-01-15
0174B00207000000,Active,2020-10-14
0174B00216000000,Active,2020-09-04
0174B00217000000,Active,2020-09-04
0174B00222000000,Active,2020-09-04
0174B00223000000,Active,2020-09-04
0174B00223000000,Active,2024-01-08
0174B00227000100,Active,2022-05-13
0174B00228000000,Active,2022-05-13
0174B00254000000,Active,2026-09-02
0174B00270000000,Active,2025-12-23
0174B00275000000,Active,2024-03-01
0174B00321000000,Active,2025-03-12
0174B00327000000,Active,2022-03-14
0174B00327000000,Active,2022-07-27
0174B00338000000,Active,2024-08-19
0174B00341000000,Active,2020-09-01
0174B00341000000,Active,2024-08-14
0174B00342000000,Active,2020-09-01
0174B00342000000,Active,2024-04-09
0174C00169000100,Active,2020-09-10
0174C00203000000,Active,2020-09-08
0174E00008000000,Active,2023-05-02
0174E00087000000,Active,2024-10-03
0174E00133000000,Active,2020-09-08
0174E00227000000,Active,2024-06-11
0174E00251000000,Active,2020-07-14
0174E00251000000,Active,2026-02-18
0174E00263000000,Active,2026-09-18
0174E00333000000,Active,2025-08-05
0174F00029000000,Active,2025-04-29
0174F00031000000,Active,2026-07-29
0174F00037000000,Active,2026-07-29
0174F00040000000,Active,2020-10-14
0174F00056000000,Active,2026-04-23
0174F00060000000,Active,2020-08-18
0174F00060000000,Active,2023-02-20
0174F00062000000,Active,2020-08-18
0174F00063000000,Active,2024-07-09
0174F00072000000,Active,2022-07-22
0174F00078000000,Active,2024-02-02
0174F00085000000,Active,2020-10-16
0174F00095000000,Active,2022-04-07
0174F00095000000,Active,2024-02-28
0174F00110000000,Active,2020-09-04
0174F00110000000,Active,2026-03-23
0174F00117000000,Active,2020-09-04
0174F00117000000,Active,2026-03-19
0174F00125000000,Active,2022-04-25
0174F00125000000,Active,2024-04-09
0174F00125000000,Active,2026-03-23
0174F00131000000,Active,2026-04-22
0174F00136000000,Active,2021-09-23
0174F00143000000,Active,2020-09-04
0174F00165000000,Active,2021-03-05
0174F00169000000,Active,2023-03-23
0174F00186000000,Active,2025-03-04
0174F00239000000,Active,2020-09-08
0174F00250000000,Active,2020-09-08
0174F00250000000,Active,2024-05-01
0174F00269000000,Active,2026-05-21
0174F00270000000,Active,2020-09-08
0174F00289000000,Active,2026-04-17
0174F00289000000,Active,2026-04-17
0174F00297000000,Active,2026-05-27
0174F00298000000,Active,2026-05-21
0174F00302000000,Active,2020-09-01
0174F00303000000,Active,2026-04-29
0174G00003000000,Active,2022-02-22
0174G00004000000,Active,2026-05-26
0174G00013000000,Active,2020-09-08
0174G00013000000,Active,2026-04-17
0174G00027000000,Active,2024-06-27
0174G00167000000,Active,2025-01-06
0174G00172000000,Active,2022-07-06
0174G00172000000,Active,2025-01-22
0174G00185000000,Active,2020-10-14
0174G00193000000,Active,2022-05-09
0174G00193000000,Active,2024-08-20
0174G00250000000,Active,2022-05-09
0174G00281000000,Active,2026-05-21
0174G00287000000,Active,2021-04-20
0174G00325000000,Active,2023-05-02
0174G00325000000,Active,2026-06-08
0174H00080000000,Active,2021-02-17
0174H00099000000,Active,2024-04-12
0174H00221000000,Active,2020-10-16
0174H00222000000,Active,2020-10-16
0174H00224000000,Active,2020-10-16
0174H00225000000,Active,2020-10-16
0174H00227000000,Active,2020-10-16
0174H00253000000,Active,2020-10-16
0174H00273000000,Active,2023-03-27
0174J00186000000,Active,2020-07-22
0174J00318000000,Active,2020-08-21
0174J00397000000,Active,2025-12-10
0174K00021000000,Active,2022-10-31
0174K00030000000,Active,2025-12-02
0174K00030000000,Active,2026-02-12
0174K00030000000,Active,2026-04-21
0174K00032000000,Active,2026-02-12
0174K00071000000,Active,2020-08-28
0174K00099000000,Active,2024-02-16
0174K00100000000,Active,2022-04-27
0174K00101000000,Active,2022-04-27
0174K00116000000,Active,2021-01-27
0174K00116000000,Active,2024-03-27
0174K00117000001,Active,2020-08-28
0174K00117000001,Active,2024-03-01
0174K00118000000,Active,2020-08-28
0174K00119000000,Active,2020-08-28
0174K00236000000,Active,2025-10-31
0174K00273000000,Active,2021-11-15
0174K00315000000,Active,2020-08-24
0174K00324000000,Active,2022-05-16
0174K00327000000,Active,2025-04-08
0174K00328000B00,Active,2020-08-28
0174K00342000B00,Active,2020-08-24
0174K00343000000,Active,2020-08-24
0174K00343000A00,Active,2024-02-16
0174K00343000B00,Active,2024-06-26
0174K00344000B00,Active,2024-07-10
0174K00362000000,Active,2020-09-09
0174K00362000A00,Active,2020-09-09
0174K00362000A00,Active,2024-04-09
0174K00365000000,Active,2022-04-07
0174K00365000000,Active,2024-04-09
0174K00365000A00,Active,2022-04-07
0174K00365000A00,Active,2024-05-28
0174K00365000B00,Active,2022-04-08
0174K00365000B00,Active,2024-05-28
0174K00372000000,Active,2022-04-07
0174K00372000000,Active,2024-03-28
0174K00372000000,Active,2024-04-09
0174K00385000000,Active,2022-04-08
0174K00385000000,Active,2024-05-28
0174K00387000A00,Active,2020-09-02
0174L00005000000,Active,2026-01-20
0174L00009000000,Active,2026-07-21
0174L00027000000,Active,2020-09-01
0174L00028000000,Active,2020-09-01
0174L00030000000,Active,2022-03-14
0174L00046000000,Active,2020-08-28
0174L00079000000,Active,2020-08-24
0174L00088000000,Active,2024-04-09
0174L00093000000,Active,2020-08-25
0174L00094000000,Active,2026-07-28
0174L00126000000,Active,2023-12-13
0174L00310000000,Active,2022-04-01
0174L00314000000,Active,2023-11-20
0174L00314000000,Active,2024-03-26
0174L00318000000,Active,2025-06-04
0174L00376000000,Active,2025-08-05
0174M00015000000,Active,2023-05-26
0174M00018000000,Active,2026-04-17
0174M00018000000,Active,2026-04-17
0174M00040000000,Active,2026-04-22
0174M00075000000,Active,2026-04-17
0174M00167000000,Active,2020-10-19
0174M00169000000,Active,2020-10-19
0174M00171000000,Active,2020-10-19
0174M00181000000,Active,2020-10-16
0174M00208000000,Active,2022-08-29
0174M00209000000,Active,2022-08-29
0174M00210000000,Active,2022-08-29
0174M00317000000,Active,2026-03-20
0174M00359000000,Active,2020-09-09
0174M00360000000,Active,2020-09-09
0174M00360000000,Active,2026-03-02
0174M00389000000,Active,2020-08-28
0174M00391000000,Active,2020-08-28
0174M00391000000,Active,2025-02-17
0174N00146000000,Active,2021-05-03
0174N00155000000,Active,2020-11-25
0174N00172000000,Active,2026-04-02
0174N00278000000,Active,2020-07-22
0174N00303000000,Active,2026-03-23
0174N00313000000,Active,2025-03-10
0174N00317000000,Active,2025-04-22
0174P00057000000,Active,2025-06-04
0174P00156000000,Active,2022-02-16
0174P00156000000,Active,2022-02-16
0174P00156000000,Active,2022-02-16
0174P00156000000,Active,2022-02-16
0174P00156000000,Active,2022-02-16
0174P00156000000,Active,2022-02-16
0174P00174000000,Active,2020-09-01
0174P00174000000,Active,2024-04-09
0174P00175000000,Active,2020-09-01
0174P00175000000,Active,2024-04-09
0174P00177000000,Active,2020-09-01
0174P00180000000,Active,2020-09-01
0174P00180000000,Active,2024-04-09
0174P00182000000,Active,2020-09-01
0174P00182000000,Active,2024-04-09
0174P00185000000,Active,2020-09-01
0174P00185000000,Active,2024-04-09
0174P00186000000,Active,2020-09-01
0174P00186000000,Active,2024-04-09
0174P00190000000,Active,2020-09-01
0174P00191000000,Active,2020-09-01
0174P00199000000,Active,2020-09-09
0174P00200000000,Active,2020-09-09
0174P00201000000,Active,2020-09-09
0174P00202000000,Active,2020-09-09
0174P00203000000,Active,2020-09-09
0174P00287000000,Active,2020-09-02
0174P00314000000,Active,2020-09-02
0174P00314000000,Active,2024-01-08
0174R00045000000,Active,2020-08-25
0174R00045000000,Active,2026-03-23
0174R00045000000,Active,2026-06-02
0174R00046000000,Active,2020-11-30
0174R00046000000,Active,2024-03-01
0174R00047000000,Active,2025-09-04
0174R00182000000,Active,2020-08-04
0174R00196000000,Active,2020-08-26
0174R00272000000,Active,2024-01-16
0174R00314000A00,Active,2026-04-17
0174R00387000000,Active,2021-01-07
0174S00069000000,Active,2022-08-18
0174S00070000000,Active,2022-09-16
0174S00077000000,Active,2021-09-16
0174S00077000000,Active,2022-03-10
0174S00077000000,Active,2024-05-15
0174S00078000000,Active,2021-09-16
0174S00211000000,Active,2022-07-28
0174S00340000000,Active,2023-10-19
0174S00358000000,Active,2023-10-19
0174S00358000000,Active,2023-10-19
0174S00358000000,Active,2026-03-23
0174S00358000A00,Active,2023-07-11
0174S00359000000,Active,2023-10-19
0174S00360000000,Active,2020-09-09
0174S00360000000,Active,2023-10-19
0175B00050000000,Active,2020-08-06
0175B00146000000,Active,2020-11-17
0175B00149000000,Active,2020-09-10
0175B00173000000,Active,2020-08-25
0175C00046000000,Active,2026-06-10
0175C00231000000,Active,2026-03-05
0175C00232000000,Active,2026-03-05
0175C00235000000,Active,2020-10-20
0175C00237000000,Active,2020-10-20
0175C00312000000,Active,2026-05-06
0175C00320000000,Active,2026-05-06
0175C00323000000,Active,2024-07-02
0175C00338000000,Active,2020-09-04
0175C00338000000,Active,2022-12-01
0175C00369000000,Active,2020-11-17
0175C00369000000,Active,2022-08-03
0175D00134000000,Active,2026-07-29
0175D00164000000,Active,2025-06-04
0175D00175000000,Active,2020-09-01
0175D00178000000,Active,2020-09-01
0175D00178000000,Active,2026-04-17
0175D00179000000,Active,2020-09-01
0175D00179000000,Active,2023-06-01
0175D00180000000,Active,2020-09-01
0175D00180000000,Active,2026-03-23
0175D00181000000,Active,2023-05-02
0175D00214000000,Active,2026-03-03
0175D00240000000,Active,2020-09-08
0175D00301000000,Active,2020-09-09
0175D00316000000,Active,2026-04-17
0175E00004000000,Active,2025-06-26
0175E00005000000,Active,2020-07-06
0175F00260000000,Active,2020-08-04
0175G00011000000,Active,2020-07-17
0175G00011000000,Active,2022-10-18
0175G00011000000,Active,2026-09-02
0175G00011000A00,Active,2023-05-30
0175G00011000A00,Active,2023-05-30
0175G00011000A00,Active,2026-09-02
0175G00080000000,Active,2020-09-10
0175G00080000000,Active,2026-04-22
0175G00220000000,Active,2020-09-09
0175G00220000000,Active,2026-01-20
0175H00019000000,Active,2024-08-02
0175H00046000000,Active,2020-10-19
0175H00085000000,Active,2020-10-19
0175H00101000000,Active,2025-01-30
0175H00127000000,Active,2020-05-20
0175H00128000000,Active,2022-03-21
0175H00193000000,Active,2026-05-22
0175H00197000000,Active,2024-11-25
0175H00204000000,Active,2020-09-08
0175H00204000000,Active,2023-02-15
0175H00205000000,Active,2020-09-08
0175H00205000000,Active,2024-05-01
0175H00207000000,Active,2024-12-09
0175H00210000000,Active,2024-10-28
0175H00240000000,Active,2020-09-09
0175H00240000000,Active,2024-03-28
0175K00020000000,Active,2024-03-21
0175M00009000000,Active,2020-07-10
0175M00009000000,Active,2024-01-08
0175M00010000000,Active,2020-07-10
0176A00146000000,Active,2024-05-01
0176A00146000A00,Active,2024-05-01
0176J00034000000,Active,2026-05-14
0184A00286000000,Active,2025-04-08
0184A00325000000,Active,2026-07-29
0184E00067000000,Active,2024-08-23
0184E00274000000,Active,2023-10-19
0184E00274000000,Active,2025-01-06
0184J00101000000,Active,2023-10-10
0184K00050000000,Active,2024-09-17
0184N00232000000,Active,2020-09-04
0184N00234000000,Active,2021-04-12
0184N00242000000,Active,2021-10-11
0184N00242000000,Active,2024-10-15
0184N00243000000,Active,2024-08-23
0184N00288000000,Active,2024-10-15
0184N00336000000,Active,2022-04-27
0184P00296000000,Active,2024-03-08
0184S00001000000,Active,2021-10-11
0184S00001000000,Active,2021-10-11
0185D00310000000,Active,2025-07-28
0185S00058000000,Active,2020-08-27
0185S00198000000,Active,2022-08-22
0185S00251000000,Active,2020-09-08
0185S00270000000,Active,2024-10-15
0185S00310000000,Active,2025-05-29
0185S00341000000,Active,2024-08-23
0231B00159000000,Active,2020-09-08
0231B00159000000,Active,2024-05-01
0231E00171000000,Active,2020-09-10
0231E00171000000,Active,2023-06-20
0231E00312000000,Active,2020-09-10
0231E00312000000,Active,2023-09-13
0231E00313000000,Active,2023-09-13
0231F00009000000,Active,2020-09-08
0231F00049000000,Active,2026-03-12
0231F00050000000,Active,2020-09-08
0231F00058000000,Active,2026-03-02
0231F00211000000,Active,2026-03-16
0231F00230000000,Active,2020-08-27
0231F00233000000,Active,2026-04-17
0231G00166000000,Active,2024-10-22
0231J00029000000,Active,2024-12-02
0231J00070000000,Active,2020-09-02
0231J00070000000,Active,2024-08-02
0231J00308000000,Active,2024-02-21
0231J00308000000,Active,2024-11-21
0231K00035000000,Active,2022-07-27
0231K00089000000,Active,2024-08-14
0231K00136000000,Active,2020-10-14
0231K00148000000,Active,2026-04-17
0231K00159000000,Active,2023-11-15
0231K00183000000,Active,2020-10-14
0231K00195000000,Active,2026-07-23
0231K00272000000,Active,2020-09-10
0231K00272000000,Active,2024-04-09
0231K00291000000,Active,2020-09-10
0231L00058000000,Active,2021-04-19
0231L00134000000,Active,2020-08-27
0231L00222000000,Active,2020-09-03
0231L00240000000,Active,2020-09-03
0231L00240000000,Active,2024-05-30
0231N00004000000,Active,2026-07-29
0231N00009000000,Active,2026-05-29
0231N00105000000,Active,2024-11-05
0231N00133000000,Active,2020-09-09
0231N00185000000,Active,2020-09-09
0231N00280000000,Active,2026-04-01
0231P00039000000,Active,2020-07-24
0231P00156000000,Active,2026-04-17
0231P00235000000,Active,2026-03-25
0231P00260000000,Active,2020-07-06
0231P00400000000,Active,2024-12-31
0231R00012000000,Active,2020-09-08
0231R00042000000,Active,2020-09-03
0231R00042000000,Active,2026-06-10
0231R00084000000,Active,2020-09-08
0231R00088000000,Active,2020-09-08
0231R00088000000,Active,2026-06-10
0231R00096000000,Active,2022-07-06
0232A00038000000,Active,2026-02-23
0232A00182000000,Active,2025-09-18
0232A00182000000,Active,2026-04-17
0232A00296000000,Active,2023-05-17
0232A00296000000,Active,2026-06-08
0232A00311000000,Active,2026-02-25
0232A00311000000,Active,2026-02-25
0232B00017000000,Active,2020-09-03
0232B00017000000,Active,2024-04-09
0232B00038000000,Active,2024-03-15
0232B00038000000,Active,2024-09-24
0232B00068000000,Active,2024-02-07
0232B00068000000,Active,2024-02-07
0232B00079000000,Active,2024-03-18
0232B00161000000,Active,2020-08-27
0232B00161000000,Active,2026-06-10
0232B00234000000,Active,2025-10-23
0232B00290000000,Active,2020-08-27
0232B00290000000,Active,2026-04-07
0232E00011000000,Active,2026-04-17
0232E00023000000,Active,2024-07-18
0232E00023000000,Active,2024-07-18
0232F00150000000,Active,2024-03-27
0232F00159000000,Active,2020-08-27
0232F00159000000,Active,2023-07-24
0232F00162000000,Active,2023-07-24
0243C00350000000,Active,2021-10-11
